application_id,applicant_id,posting_id,company,role,industry,employment_type,applied_date,fit_score
J00134,A0016,P0123,회사20,Product Analyst,배달/배송,경력,2025-01-01,0.724
J00624,A0065,P0212,회사25,BI Engineer,모바일·APP,신입,2025-01-02,0.517
J02460,A0254,P0070,회사29,Growth Analyst,교육,계약직,2025-01-03,0.657
J03956,A0412,P0145,회사28,Growth Analyst,,신입,2025-01-03,0.366
J01380,A0139,P0148,회사11,DA (Data Analyst),배달/배송,인턴,2025-01-04,0.524
J04519,A0471,P0080,회사19,Growth Analyst,게임,경력,2025-01-04,0.638
J04075,A0424,P0217,회사34,BA (Business Analyst),미디어,전환형 인턴,2025-01-06,0.736
J04257,A0443,P0153,회사23,BA (Business Analyst),교육,경력,2025-01-06,0.02
J03992,A0414,P0128,회사26,Data Scientist,게임,경력,2025-01-06,0.34
J04257,A0443,P0153,회사23,BA (Business Analyst),교육,경력,2025-01-06,0.02
J04384,A0459,P0122,회사21,Product Analyst,,전환형 인턴,2025-01-07,0.433
J00692,A0073,P0190,회사31,Growth Analyst,,전환형 인턴,2025-01-07,0.36
J01605,A0161,P0229,회사18,Data Scientist,배달/배송,계약직,2025-01-07,0.189
J03052,A0318,P0095,회사25,Product Analyst,물류,계약직,2025-01-08,0.637
J00207,A0023,P0044,회사22,BI Engineer,경영 컨설팅,계약직,2025-01-10,0.595
J03957,A0412,P0156,회사22,BA (Business Analyst),헬스케어,계약직,2025-01-10,0.43
J00135,A0016,P0067,회사25,BA (Business Analyst),미디어,전환형 인턴,2025-01-12,0.674
J04520,A0471,P0151,회사11,Data Scientist,게임,신입,2025-01-12,0.683
J00625,A0065,P0112,회사31,BI Engineer,경영 컨설팅,경력,2025-01-12,0.519
J01606,A0161,P0184,회사28,DA (Data Analyst),게임,전환형 인턴,2025-01-12,0.681
J03053,A0318,P0182,회사12,Data Scientist,금융,인턴,2025-01-12,0.507
J04385,A0459,P0030,회사13,DA (Data Analyst),배달/배송,신입,2025-01-13,0.536
J02502,A0260,P0195,회사28,Product Analyst,물류,신입,2025-01-13,0.99
J03993,A0414,P0150,회사04,Growth Analyst,배달/배송,경력,2025-01-13,0.368
J01404,A0141,P0078,회사19,Product Analyst,,경력,2025-01-14,0.162
J04258,A0443,P0009,회사20,BA (Business Analyst),물류,경력,2025-01-14,0.109
J02171,A0222,P0104,회사27,DA (Data Analyst),모바일·APP,신입,2025-01-15,0.204
J00787,A0084,P0050,회사14,BA (Business Analyst),미디어,신입,2025-01-15,0.99
J02694,A0281,P0025,회사29,DA (Data Analyst),리테일,인턴,2025-01-15,0.071
J03468,A0363,P0158,회사07,BA (Business Analyst),금융,신입,2025-01-15,0.404
J01885,A0191,P0114,회사27,Growth Analyst,모바일·APP,전환형 인턴,2025-01-16,0.508
J03054,A0318,P0218,회사15,DA (Data Analyst),미디어,신입,2025-01-17,0.627
J00136,A0016,P0032,회사33,Growth Analyst,,인턴,2025-01-18,0.794
J02461,A0254,P0179,회사26,Product Analyst,금융,계약직,2025-01-18,0.615
J03092,A0322,P0234,회사29,Product Analyst,,인턴,2025-01-18,0.542
J00507,A0053,P0084,회사20,Product Analyst,,경력,2025-01-19,0.246
J03994,A0414,P0077,회사15,BA (Business Analyst),,경력,2025-01-19,0.24
J01381,A0139,P0088,회사01,Product Analyst,경영 컨설팅,신입,2025-01-19,0.566
J00693,A0073,P0178,회사21,Data Scientist,물류,계약직,2025-01-19,0.296
J01725,A0172,P0021,회사14,BI Engineer,경영 컨설팅,신입,2025-01-19,0.401
J03469,A0363,P0190,회사31,Growth Analyst,,전환형 인턴,2025-01-20,0.476
J02164,A0221,P0027,회사15,DA (Data Analyst),물류,신입,2025-01-20,0.738
J02695,A0281,P0007,회사14,BA (Business Analyst),경영 컨설팅,전환형 인턴,2025-01-20,0.102
J01838,A0185,P0063,회사13,DA (Data Analyst),게임,신입,2025-01-21,0.852
J04076,A0424,P0127,회사06,Product Analyst,리테일,신입,2025-01-22,0.59
J00788,A0084,P0022,회사29,Data Scientist,,신입,2025-01-22,0.893
J04691,A0490,P0215,회사28,BA (Business Analyst),물류,전환형 인턴,2025-01-22,0.924
J02503,A0260,P0096,회사27,BI Engineer,,신입,2025-01-22,0.738
J03322,A0346,P0079,회사08,Growth Analyst,게임,신입,2025-01-23,0.51
J00517,A0054,P0226,회사34,Growth Analyst,리테일,전환형 인턴,2025-01-23,0.534
J01405,A0141,P0073,회사27,BA (Business Analyst),,인턴,2025-01-23,0.481
J04521,A0471,P0050,회사14,BA (Business Analyst),미디어,신입,2025-01-24,0.442
J00208,A0023,P0086,회사18,BI Engineer,교육,경력,2025-01-24,0.665
J00626,A0065,P0189,회사12,Product Analyst,미디어,신입,2025-01-24,0.872
J04259,A0443,P0176,회사23,DA (Data Analyst),경영 컨설팅,인턴,2025-01-24,0.483
J04386,A0459,P0170,회사26,Growth Analyst,게임,경력,2025-01-24,0.523
J02172,A0222,P0169,회사14,Data Scientist,리테일,경력,2025-01-24,0.388
J01252,A0130,P0049,회사30,DA (Data Analyst),물류,계약직,2025-01-25,0.438
J01886,A0191,P0204,회사31,DA (Data Analyst),교육,인턴,2025-01-25,0.192
J00921,A0094,P0063,회사13,DA (Data Analyst),게임,신입,2025-01-25,0.367
J03958,A0412,P0082,회사27,DA (Data Analyst),헬스케어,경력,2025-01-25,0.38
J00694,A0073,P0105,회사31,Product Analyst,모바일·APP,경력,2025-01-25,0.439
J00137,A0016,P0122,회사21,Product Analyst,,전환형 인턴,2025-01-26,0.758
J01839,A0185,P0168,회사26,Data Scientist,미디어,경력,2025-01-26,0.786
J01790,A0178,P0118,회사20,BI Engineer,미디어,전환형 인턴,2025-01-26,0.285
J01607,A0161,P0180,회사17,DA (Data Analyst),,계약직,2025-01-26,0.915
J00518,A0054,P0167,회사12,DA (Data Analyst),리테일,신입,2025-01-27,0.451
J03470,A0363,P0134,회사23,Growth Analyst,배달/배송,전환형 인턴,2025-01-27,0.444
J02696,A0281,P0086,회사18,BI Engineer,교육,경력,2025-01-27,0.413
J02778,A0290,P0209,회사19,BA (Business Analyst),금융,신입,2025-01-28,0.727
J04077,A0424,P0146,회사21,Product Analyst,게임,경력,2025-01-28,0.449
J02117,A0218,P0006,회사24,Growth Analyst,물류,신입,2025-01-28,0.611
J03055,A0318,P0123,회사20,Product Analyst,배달/배송,경력,2025-01-28,0.709
J01283,A0132,P0221,회사32,Growth Analyst,교육,계약직,2025-01-29,0.89
J01406,A0141,P0055,회사30,BA (Business Analyst),리테일,경력,2025-01-29,0.331
J02926,A0304,P0165,회사16,Data Scientist,물류,신입,2025-01-29,0.495
J01726,A0172,P0118,회사20,BI Engineer,미디어,전환형 인턴,2025-01-29,0.669
J03995,A0414,P0005,회사11,Growth Analyst,,경력,2025-01-29,0.573
J02504,A0260,P0185,회사11,DA (Data Analyst),물류,전환형 인턴,2025-01-30,0.99
J00508,A0053,P0163,회사29,DA (Data Analyst),모바일·APP,신입,2025-01-30,0.497
J03093,A0322,P0078,회사19,Product Analyst,,경력,2025-01-30,0.585
J04260,A0443,P0202,회사16,Product Analyst,경영 컨설팅,신입,2025-01-31,0.131
J04260,A0443,P0202,회사16,Product Analyst,경영 컨설팅,신입,2025-01-31,0.131
J01887,A0191,P0239,회사28,Product Analyst,모바일·APP,계약직,2025-01-31,0.721
J00695,A0073,P0068,회사24,BI Engineer,리테일,계약직,2025-01-31,0.325
J01791,A0178,P0135,회사20,Product Analyst,,인턴,2025-01-31,0.174
J01253,A0130,P0081,회사34,DA (Data Analyst),교육,계약직,2025-02-01,0.301
J02165,A0221,P0033,회사14,BA (Business Analyst),금융,전환형 인턴,2025-02-01,0.746
J03471,A0363,P0097,회사23,Growth Analyst,모바일·APP,신입,2025-02-01,0.2
J02697,A0281,P0225,회사33,Data Scientist,헬스케어,경력,2025-02-01,0.306
J00519,A0054,P0183,회사11,Product Analyst,,인턴,2025-02-02,0.551
J02462,A0254,P0162,회사19,DA (Data Analyst),리테일,신입,2025-02-02,0.664
J00789,A0084,P0046,회사25,Growth Analyst,미디어,전환형 인턴,2025-02-02,0.841
J04692,A0490,P0106,회사16,Data Scientist,물류,신입,2025-02-02,0.231
J00138,A0016,P0046,회사25,Growth Analyst,미디어,전환형 인턴,2025-02-02,0.652
J02118,A0218,P0228,회사31,Growth Analyst,헬스케어,경력,2025-02-02,0.81
J03849,A0398,P0075,회사10,Product Analyst,교육,신입,2025-02-02,0.477
J03094,A0322,P0152,회사17,BA (Business Analyst),물류,경력,2025-02-03,0.99
J01840,A0185,P0104,회사27,DA (Data Analyst),모바일·APP,신입,2025-02-03,0.565
J02334,A0241,P0060,회사23,BI Engineer,물류,신입,2025-02-03,0.195
J00627,A0065,P0180,회사17,DA (Data Analyst),,계약직,2025-02-03,0.313
J00209,A0023,P0137,회사23,Product Analyst,모바일·APP,신입,2025-02-03,0.556
J01608,A0161,P0116,회사32,BA (Business Analyst),금융,전환형 인턴,2025-02-04,0.762
J01382,A0139,P0058,회사26,BA (Business Analyst),경영 컨설팅,계약직,2025-02-04,0.761
J04050,A0421,P0116,회사32,BA (Business Analyst),금융,전환형 인턴,2025-02-04,0.36
J01827,A0184,P0098,회사11,Data Scientist,게임,신입,2025-02-04,0.96
J03959,A0412,P0019,회사17,Growth Analyst,모바일·APP,인턴,2025-02-04,0.06
J04556,A0475,P0007,회사14,BA (Business Analyst),경영 컨설팅,전환형 인턴,2025-02-04,0.647
J03590,A0373,P0084,회사20,Product Analyst,,경력,2025-02-04,0.777
J03514,A0367,P0048,회사12,Growth Analyst,교육,신입,2025-02-04,0.663
J03996,A0414,P0003,회사28,BA (Business Analyst),교육,전환형 인턴,2025-02-05,0.416
J02902,A0301,P0136,회사12,Growth Analyst,모바일·APP,신입,2025-02-05,0.282
J04522,A0471,P0132,회사21,DA (Data Analyst),금융,계약직,2025-02-05,0.764
J04868,A0509,P0124,회사18,DA (Data Analyst),,경력,2025-02-05,0.492
J01254,A0130,P0057,회사11,DA (Data Analyst),헬스케어,경력,2025-02-05,0.839
J03323,A0346,P0212,회사25,BI Engineer,모바일·APP,신입,2025-02-06,0.592
J02927,A0304,P0214,회사22,BA (Business Analyst),,계약직,2025-02-06,0.91
J02218,A0228,P0099,회사26,BA (Business Analyst),물류,경력,2025-02-06,0.465
J03472,A0363,P0080,회사19,Growth Analyst,게임,경력,2025-02-06,0.227
J01888,A0191,P0172,회사26,BI Engineer,경영 컨설팅,경력,2025-02-07,0.474
J00696,A0073,P0211,회사11,Product Analyst,경영 컨설팅,경력,2025-02-07,0.584
J02463,A0254,P0045,회사11,Product Analyst,경영 컨설팅,인턴,2025-02-07,0.729
J04387,A0459,P0134,회사23,Growth Analyst,배달/배송,전환형 인턴,2025-02-07,0.636
J00892,A0093,P0147,회사20,BA (Business Analyst),게임,전환형 인턴,2025-02-08,0.811
J04693,A0490,P0213,회사19,BI Engineer,물류,신입,2025-02-08,0.751
J00790,A0084,P0202,회사16,Product Analyst,경영 컨설팅,신입,2025-02-08,0.782
J04261,A0443,P0191,회사22,BI Engineer,,신입,2025-02-08,0.344
J03095,A0322,P0178,회사21,Data Scientist,물류,계약직,2025-02-08,0.9
J03056,A0318,P0047,회사22,BI Engineer,금융,경력,2025-02-09,0.483
J02556,A0267,P0017,회사20,BA (Business Analyst),헬스케어,신입,2025-02-09,0.558
J00509,A0053,P0082,회사27,DA (Data Analyst),헬스케어,경력,2025-02-09,0.901
J02505,A0260,P0055,회사30,BA (Business Analyst),리테일,경력,2025-02-09,0.77
J02173,A0222,P0103,회사33,DA (Data Analyst),모바일·APP,신입,2025-02-09,0.356
J02086,A0214,P0099,회사26,BA (Business Analyst),물류,경력,2025-02-09,0.66
J01407,A0141,P0015,회사11,Data Scientist,모바일·APP,신입,2025-02-09,0.198
J02779,A0290,P0018,회사24,BI Engineer,리테일,계약직,2025-02-09,0.727
J03473,A0363,P0098,회사11,Data Scientist,게임,신입,2025-02-10,0.209
J00922,A0094,P0180,회사17,DA (Data Analyst),,계약직,2025-02-10,0.99
J03997,A0414,P0197,회사12,Data Scientist,리테일,신입,2025-02-11,0.735
J02119,A0218,P0017,회사20,BA (Business Analyst),헬스케어,신입,2025-02-11,0.554
J04869,A0509,P0055,회사30,BA (Business Analyst),리테일,경력,2025-02-11,0.105
J00210,A0023,P0017,회사20,BA (Business Analyst),헬스케어,신입,2025-02-11,0.47
J02760,A0289,P0147,회사20,BA (Business Analyst),게임,전환형 인턴,2025-02-11,0.656
J01124,A0116,P0021,회사14,BI Engineer,경영 컨설팅,신입,2025-02-12,0.368
J03423,A0358,P0120,회사26,DA (Data Analyst),게임,신입,2025-02-12,0.681
J01284,A0132,P0214,회사22,BA (Business Analyst),,계약직,2025-02-12,0.438
J02464,A0254,P0027,회사15,DA (Data Analyst),물류,신입,2025-02-12,0.78
J01727,A0172,P0129,회사17,Growth Analyst,경영 컨설팅,신입,2025-02-12,0.355
J02335,A0241,P0236,회사26,BA (Business Analyst),리테일,신입,2025-02-12,0.414
J03456,A0362,P0001,회사22,Product Analyst,물류,신입,2025-02-12,0.657
J04749,A0495,P0231,회사19,Product Analyst,금융,전환형 인턴,2025-02-13,0.887
J00697,A0073,P0122,회사21,Product Analyst,,전환형 인턴,2025-02-13,0.371
J04078,A0424,P0206,회사21,BI Engineer,,경력,2025-02-13,0.602
J01090,A0113,P0185,회사11,DA (Data Analyst),물류,전환형 인턴,2025-02-13,0.521
J01255,A0130,P0130,회사13,Product Analyst,물류,전환형 인턴,2025-02-13,0.498
J01828,A0184,P0215,회사28,BA (Business Analyst),물류,전환형 인턴,2025-02-14,0.854
J02780,A0290,P0056,회사20,Growth Analyst,물류,인턴,2025-02-14,0.576
J01942,A0197,P0158,회사07,BA (Business Analyst),금융,신입,2025-02-14,0.239
J02454,A0252,P0128,회사26,Data Scientist,게임,경력,2025-02-14,0.69
J02166,A0221,P0215,회사28,BA (Business Analyst),물류,전환형 인턴,2025-02-15,0.439
J02557,A0267,P0120,회사26,DA (Data Analyst),게임,신입,2025-02-15,0.098
J01792,A0178,P0212,회사25,BI Engineer,모바일·APP,신입,2025-02-15,0.585
J03172,A0330,P0017,회사20,BA (Business Analyst),헬스케어,신입,2025-02-15,0.415
J03850,A0398,P0205,회사17,Product Analyst,게임,경력,2025-02-15,0.475
J03998,A0414,P0235,회사12,Product Analyst,헬스케어,인턴,2025-02-15,0.463
J00139,A0016,P0043,회사12,BI Engineer,리테일,인턴,2025-02-15,0.598
J01383,A0139,P0032,회사33,Growth Analyst,,인턴,2025-02-15,0.692
J02761,A0289,P0188,회사09,BI Engineer,교육,신입,2025-02-15,0.784
J00628,A0065,P0188,회사09,BI Engineer,교육,신입,2025-02-16,0.698
J01841,A0185,P0170,회사26,Growth Analyst,게임,경력,2025-02-16,0.603
J01408,A0141,P0081,회사34,DA (Data Analyst),교육,계약직,2025-02-16,0.643
J02120,A0218,P0078,회사19,Product Analyst,,경력,2025-02-16,0.99
J03960,A0412,P0222,회사17,Product Analyst,,경력,2025-02-16,0.568
J04388,A0459,P0126,회사16,Growth Analyst,경영 컨설팅,신입,2025-02-17,0.38
J01728,A0172,P0060,회사23,BI Engineer,물류,신입,2025-02-17,0.121
J02174,A0222,P0074,회사20,BI Engineer,배달/배송,신입,2025-02-17,0.276
J03591,A0373,P0211,회사11,Product Analyst,경영 컨설팅,경력,2025-02-17,0.678
J00893,A0093,P0152,회사17,BA (Business Analyst),물류,경력,2025-02-17,0.394
J03096,A0322,P0130,회사13,Product Analyst,물류,전환형 인턴,2025-02-17,0.99
J04051,A0421,P0003,회사28,BA (Business Analyst),교육,전환형 인턴,2025-02-17,0.384
J03324,A0346,P0001,회사22,Product Analyst,물류,신입,2025-02-17,0.388
J04126,A0430,P0069,회사34,BI Engineer,리테일,계약직,2025-02-17,0.451
J02698,A0281,P0084,회사20,Product Analyst,,경력,2025-02-17,0.287
J02903,A0301,P0039,회사23,Product Analyst,모바일·APP,인턴,2025-02-17,0.266
J00520,A0054,P0228,회사31,Growth Analyst,헬스케어,경력,2025-02-17,0.534
J04694,A0490,P0205,회사17,Product Analyst,게임,경력,2025-02-17,0.397
J04523,A0471,P0044,회사22,BI Engineer,경영 컨설팅,계약직,2025-02-18,0.949
J00791,A0084,P0225,회사33,Data Scientist,헬스케어,경력,2025-02-18,0.932
J04403,A0460,P0053,회사31,BA (Business Analyst),헬스케어,경력,2025-02-18,0.265
J04095,A0426,P0064,회사27,Growth Analyst,헬스케어,경력,2025-02-18,0.184
J02928,A0304,P0082,회사27,DA (Data Analyst),헬스케어,경력,2025-02-19,0.846
J03474,A0363,P0013,회사16,Growth Analyst,헬스케어,전환형 인턴,2025-02-19,0.123
J02005,A0206,P0016,회사22,Data Scientist,게임,경력,2025-02-19,0.404
J02465,A0254,P0027,회사15,DA (Data Analyst),물류,신입,2025-02-19,0.664
J03515,A0367,P0030,회사13,DA (Data Analyst),배달/배송,신입,2025-02-19,0.586
J02219,A0228,P0037,회사23,BA (Business Analyst),모바일·APP,경력,2025-02-19,0.536
J04557,A0475,P0187,회사19,BI Engineer,금융,경력,2025-02-20,0.584
J01256,A0130,P0209,회사19,BA (Business Analyst),금융,신입,2025-02-20,0.482
J01609,A0161,P0079,회사08,Growth Analyst,게임,신입,2025-02-20,0.684
J01256,A0130,P0209,회사19,BA (Business Analyst),금융,신입,2025-02-20,0.482
J02506,A0260,P0183,회사11,Product Analyst,,인턴,2025-02-20,0.88
J03542,A0370,P0226,회사34,Growth Analyst,리테일,전환형 인턴,2025-02-21,0.765
J03097,A0322,P0144,회사12,BA (Business Analyst),배달/배송,계약직,2025-02-21,0.99
J00923,A0094,P0090,회사15,DA (Data Analyst),모바일·APP,신입,2025-02-21,0.358
J01943,A0197,P0062,회사21,Data Scientist,경영 컨설팅,경력,2025-02-21,0.29
J03424,A0358,P0018,회사24,BI Engineer,리테일,계약직,2025-02-21,0.569
J01909,A0194,P0151,회사11,Data Scientist,게임,신입,2025-02-21,0.225
J02121,A0218,P0133,회사13,Data Scientist,헬스케어,신입,2025-02-22,0.614
J03999,A0414,P0213,회사19,BI Engineer,물류,신입,2025-02-22,0.257
J02455,A0252,P0023,회사11,Growth Analyst,헬스케어,신입,2025-02-22,0.714
J04524,A0471,P0080,회사19,Growth Analyst,게임,경력,2025-02-23,0.38
J01091,A0113,P0047,회사22,BI Engineer,금융,경력,2025-02-23,0.8
J00510,A0053,P0217,회사34,BA (Business Analyst),미디어,전환형 인턴,2025-02-23,0.693
J01285,A0132,P0033,회사14,BA (Business Analyst),금융,전환형 인턴,2025-02-23,0.508
J04052,A0421,P0211,회사11,Product Analyst,경영 컨설팅,경력,2025-02-23,0.573
J03057,A0318,P0207,회사12,Growth Analyst,게임,신입,2025-02-23,0.713
J01257,A0130,P0091,회사11,Data Scientist,금융,신입,2025-02-24,0.706
J04609,A0482,P0093,회사12,DA (Data Analyst),배달/배송,신입,2025-02-24,0.579
J01829,A0184,P0018,회사24,BI Engineer,리테일,계약직,2025-02-24,0.58
J02404,A0248,P0236,회사26,BA (Business Analyst),리테일,신입,2025-02-24,0.69
J02558,A0267,P0141,회사13,BA (Business Analyst),헬스케어,전환형 인턴,2025-02-24,0.552
J04389,A0459,P0091,회사11,Data Scientist,금융,신입,2025-02-25,0.417
J02466,A0254,P0215,회사28,BA (Business Analyst),물류,전환형 인턴,2025-02-25,0.702
J04781,A0499,P0007,회사14,BA (Business Analyst),경영 컨설팅,전환형 인턴,2025-02-25,0.99
J02762,A0289,P0143,회사23,Product Analyst,교육,인턴,2025-02-25,0.721
J04870,A0509,P0105,회사31,Product Analyst,모바일·APP,경력,2025-02-25,0.381
J02087,A0214,P0228,회사31,Growth Analyst,헬스케어,경력,2025-02-25,0.736
J03690,A0382,P0106,회사16,Data Scientist,물류,신입,2025-02-25,0.639
J03173,A0330,P0135,회사20,Product Analyst,,인턴,2025-02-25,0.619
J04404,A0460,P0110,회사30,Product Analyst,배달/배송,신입,2025-02-25,0.02
J02225,A0229,P0175,회사22,Data Scientist,금융,신입,2025-02-25,0.447
J00497,A0052,P0085,회사26,DA (Data Analyst),물류,경력,2025-02-25,0.454
J03851,A0398,P0167,회사12,DA (Data Analyst),리테일,신입,2025-02-25,0.781
J04564,A0476,P0082,회사27,DA (Data Analyst),헬스케어,경력,2025-02-25,0.092
J00792,A0084,P0051,회사28,Data Scientist,물류,신입,2025-02-26,0.924
J00140,A0016,P0108,회사14,BA (Business Analyst),교육,경력,2025-02-26,0.771
J01182,A0122,P0077,회사15,BA (Business Analyst),,경력,2025-02-26,0.99
J00600,A0063,P0041,회사33,Product Analyst,헬스케어,경력,2025-02-26,0.02
J03457,A0362,P0135,회사20,Product Analyst,,인턴,2025-02-26,0.462
J01125,A0116,P0024,회사11,BI Engineer,게임,전환형 인턴,2025-02-26,0.78
J04558,A0475,P0013,회사16,Growth Analyst,헬스케어,전환형 인턴,2025-02-26,0.649
J04750,A0495,P0195,회사28,Product Analyst,물류,신입,2025-02-26,0.564
J02336,A0241,P0088,회사01,Product Analyst,경영 컨설팅,신입,2025-02-27,0.329
J02699,A0281,P0068,회사24,BI Engineer,리테일,계약직,2025-02-27,0.138
J03913,A0408,P0201,회사33,BA (Business Analyst),물류,경력,2025-02-27,0.389
J03058,A0318,P0238,회사25,BI Engineer,금융,전환형 인턴,2025-02-27,0.865
J04127,A0430,P0078,회사19,Product Analyst,,경력,2025-02-27,0.555
J03475,A0363,P0097,회사23,Growth Analyst,모바일·APP,신입,2025-02-27,0.738
J00211,A0023,P0044,회사22,BI Engineer,경영 컨설팅,계약직,2025-02-27,0.492
J02167,A0221,P0132,회사21,DA (Data Analyst),금융,계약직,2025-02-27,0.793
J01842,A0185,P0092,회사25,Product Analyst,헬스케어,전환형 인턴,2025-02-27,0.653
J03475,A0363,P0097,회사23,Growth Analyst,모바일·APP,신입,2025-02-27,0.738
J04695,A0490,P0091,회사11,Data Scientist,금융,신입,2025-02-27,0.521
J04053,A0421,P0011,회사27,Product Analyst,,신입,2025-02-28,0.444
J01944,A0197,P0186,회사17,Product Analyst,헬스케어,신입,2025-02-28,0.127
J01384,A0139,P0227,회사02,Data Scientist,게임,신입,2025-02-28,0.535
J04011,A0415,P0161,회사21,DA (Data Analyst),리테일,신입,2025-02-28,0.089
J01759,A0175,P0031,회사27,BI Engineer,물류,신입,2025-02-28,0.477
J02735,A0286,P0011,회사27,Product Analyst,,신입,2025-02-28,0.655
J04000,A0414,P0040,회사30,BA (Business Analyst),,신입,2025-02-28,0.656
J00442,A0047,P0154,회사34,BA (Business Analyst),미디어,경력,2025-02-28,0.262
J02929,A0304,P0167,회사12,DA (Data Analyst),리테일,신입,2025-02-28,0.581
J04782,A0499,P0223,회사13,Growth Analyst,미디어,경력,2025-03-01,0.701
J02904,A0301,P0164,회사31,DA (Data Analyst),금융,경력,2025-03-01,0.693
J00924,A0094,P0004,회사19,BA (Business Analyst),교육,신입,2025-03-01,0.502
J02781,A0290,P0238,회사25,BI Engineer,금융,전환형 인턴,2025-03-01,0.243
J00698,A0073,P0019,회사17,Growth Analyst,모바일·APP,인턴,2025-03-01,0.434
J01793,A0178,P0097,회사23,Growth Analyst,모바일·APP,신입,2025-03-01,0.445
J04079,A0424,P0068,회사24,BI Engineer,리테일,계약직,2025-03-01,0.119
J02366,A0244,P0135,회사20,Product Analyst,,인턴,2025-03-01,0.652
J01729,A0172,P0090,회사15,DA (Data Analyst),모바일·APP,신입,2025-03-01,0.595
J01286,A0132,P0206,회사21,BI Engineer,,경력,2025-03-01,0.66
J03961,A0412,P0188,회사09,BI Engineer,교육,신입,2025-03-01,0.154
J04096,A0426,P0071,회사33,Growth Analyst,,신입,2025-03-01,0.17
J02559,A0267,P0130,회사13,Product Analyst,물류,전환형 인턴,2025-03-01,0.268
J01999,A0205,P0085,회사26,DA (Data Analyst),물류,경력,2025-03-02,0.179
J02447,A0251,P0097,회사23,Growth Analyst,모바일·APP,신입,2025-03-02,0.304
J00894,A0093,P0072,회사32,DA (Data Analyst),교육,인턴,2025-03-02,0.77
J03543,A0370,P0061,회사11,Growth Analyst,게임,신입,2025-03-02,0.528
J00312,A0034,P0221,회사32,Growth Analyst,교육,계약직,2025-03-02,0.638
J04390,A0459,P0216,회사17,BA (Business Analyst),모바일·APP,경력,2025-03-02,0.623
J03852,A0398,P0166,회사24,Growth Analyst,헬스케어,신입,2025-03-02,0.62
J01910,A0194,P0154,회사34,BA (Business Analyst),미디어,경력,2025-03-03,0.401
J03592,A0373,P0122,회사21,Product Analyst,,전환형 인턴,2025-03-03,0.858
J03059,A0318,P0121,회사13,Growth Analyst,금융,신입,2025-03-03,0.959
J00661,A0069,P0220,회사22,DA (Data Analyst),리테일,인턴,2025-03-03,0.485
J01409,A0141,P0181,회사12,BA (Business Analyst),,신입,2025-03-03,0.198
J03476,A0363,P0076,회사24,DA (Data Analyst),헬스케어,신입,2025-03-03,0.681
J00056,A0008,P0226,회사34,Growth Analyst,리테일,전환형 인턴,2025-03-03,0.655
J01074,A0111,P0052,회사12,Data Scientist,교육,인턴,2025-03-04,0.201
J04588,A0479,P0028,회사11,BI Engineer,모바일·APP,경력,2025-03-04,0.268
J02736,A0286,P0006,회사24,Growth Analyst,물류,신입,2025-03-04,0.695
J04001,A0414,P0044,회사22,BI Engineer,경영 컨설팅,계약직,2025-03-04,0.677
J02175,A0222,P0208,회사19,DA (Data Analyst),금융,전환형 인턴,2025-03-04,0.514
J00629,A0065,P0129,회사17,Growth Analyst,경영 컨설팅,신입,2025-03-04,0.733
J02467,A0254,P0022,회사29,Data Scientist,,신입,2025-03-04,0.426
J03161,A0329,P0077,회사15,BA (Business Analyst),,경력,2025-03-04,0.719
J02405,A0248,P0097,회사23,Growth Analyst,모바일·APP,신입,2025-03-04,0.435
J00888,A0092,P0230,회사13,DA (Data Analyst),물류,경력,2025-03-04,0.02
J01760,A0175,P0165,회사16,Data Scientist,물류,신입,2025-03-05,0.613
J02456,A0252,P0214,회사22,BA (Business Analyst),,계약직,2025-03-05,0.804
J01794,A0178,P0054,회사11,Growth Analyst,물류,인턴,2025-03-05,0.439
J03425,A0358,P0020,회사21,Data Scientist,리테일,인턴,2025-03-05,0.425
J02006,A0206,P0090,회사15,DA (Data Analyst),모바일·APP,신입,2025-03-05,0.699
J01730,A0172,P0178,회사21,Data Scientist,물류,계약직,2025-03-05,0.436
J03516,A0367,P0108,회사14,BA (Business Analyst),교육,경력,2025-03-05,0.573
J00521,A0054,P0063,회사13,DA (Data Analyst),게임,신입,2025-03-05,0.429
J02220,A0228,P0055,회사30,BA (Business Analyst),리테일,경력,2025-03-06,0.902
J00498,A0052,P0190,회사31,Growth Analyst,,전환형 인턴,2025-03-06,0.547
J03020,A0315,P0206,회사21,BI Engineer,,경력,2025-03-06,0.316
J04128,A0430,P0220,회사22,DA (Data Analyst),리테일,인턴,2025-03-06,0.601
J01371,A0138,P0105,회사31,Product Analyst,모바일·APP,경력,2025-03-06,0.765
J00601,A0063,P0100,회사34,BI Engineer,헬스케어,계약직,2025-03-06,0.112
J03180,A0331,P0004,회사19,BA (Business Analyst),교육,신입,2025-03-06,0.195
J02122,A0218,P0098,회사11,Data Scientist,게임,신입,2025-03-06,0.648
J00040,A0006,P0018,회사24,BI Engineer,리테일,계약직,2025-03-06,0.853
J01963,A0200,P0003,회사28,BA (Business Analyst),교육,전환형 인턴,2025-03-06,0.33
J01410,A0141,P0049,회사30,DA (Data Analyst),물류,계약직,2025-03-07,0.364
J04565,A0476,P0043,회사12,BI Engineer,리테일,인턴,2025-03-07,0.436
J00443,A0047,P0025,회사29,DA (Data Analyst),리테일,인턴,2025-03-07,0.395
J03914,A0408,P0160,회사14,Data Scientist,배달/배송,전환형 인턴,2025-03-07,0.478
J02782,A0290,P0060,회사23,BI Engineer,물류,신입,2025-03-07,0.504
J04610,A0482,P0216,회사17,BA (Business Analyst),모바일·APP,경력,2025-03-07,0.821
J00793,A0084,P0045,회사11,Product Analyst,경영 컨설팅,인턴,2025-03-08,0.99
J03458,A0362,P0030,회사13,DA (Data Analyst),배달/배송,신입,2025-03-08,0.5
J00895,A0093,P0165,회사16,Data Scientist,물류,신입,2025-03-08,0.828
J02168,A0221,P0180,회사17,DA (Data Analyst),,계약직,2025-03-08,0.831
J02763,A0289,P0234,회사29,Product Analyst,,인턴,2025-03-08,0.781
J00212,A0023,P0029,회사18,Product Analyst,게임,신입,2025-03-08,0.388
J01610,A0161,P0217,회사34,BA (Business Analyst),미디어,전환형 인턴,2025-03-08,0.72
J04080,A0424,P0213,회사19,BI Engineer,물류,신입,2025-03-08,0.699
J00943,A0096,P0105,회사31,Product Analyst,모바일·APP,경력,2025-03-08,0.32
J01843,A0185,P0176,회사23,DA (Data Analyst),경영 컨설팅,인턴,2025-03-08,0.673
J04391,A0459,P0223,회사13,Growth Analyst,미디어,경력,2025-03-09,0.478
J02737,A0286,P0049,회사30,DA (Data Analyst),물류,계약직,2025-03-09,0.707
J04405,A0460,P0015,회사11,Data Scientist,모바일·APP,신입,2025-03-09,0.02
J04525,A0471,P0199,회사21,BA (Business Analyst),물류,경력,2025-03-09,0.311
J02000,A0205,P0152,회사17,BA (Business Analyst),물류,경력,2025-03-09,0.511
J01934,A0196,P0178,회사21,Data Scientist,물류,계약직,2025-03-09,0.688
J02000,A0205,P0152,회사17,BA (Business Analyst),물류,경력,2025-03-09,0.511
J03426,A0358,P0173,회사33,DA (Data Analyst),배달/배송,계약직,2025-03-09,0.932
J04871,A0509,P0006,회사24,Growth Analyst,물류,신입,2025-03-09,0.258
J03726,A0385,P0066,회사11,Product Analyst,게임,경력,2025-03-09,0.44
J01830,A0184,P0079,회사08,Growth Analyst,게임,신입,2025-03-09,0.99
J03098,A0322,P0162,회사19,DA (Data Analyst),리테일,신입,2025-03-09,0.628
J02367,A0244,P0124,회사18,DA (Data Analyst),,경력,2025-03-09,0.532
J01175,A0121,P0069,회사34,BI Engineer,리테일,계약직,2025-03-10,0.807
J03691,A0382,P0054,회사11,Growth Analyst,물류,인턴,2025-03-10,0.74
J02700,A0281,P0200,회사27,DA (Data Analyst),금융,신입,2025-03-10,0.582
J01092,A0113,P0202,회사16,Product Analyst,경영 컨설팅,신입,2025-03-10,0.922
J02337,A0241,P0132,회사21,DA (Data Analyst),금융,계약직,2025-03-10,0.356
J04751,A0495,P0226,회사34,Growth Analyst,리테일,전환형 인턴,2025-03-10,0.99
J01075,A0111,P0115,회사31,BA (Business Analyst),경영 컨설팅,전환형 인턴,2025-03-10,0.754
J00364,A0039,P0153,회사23,BA (Business Analyst),교육,경력,2025-03-11,0.662
J01287,A0132,P0076,회사24,DA (Data Analyst),헬스케어,신입,2025-03-11,0.505
J00364,A0039,P0153,회사23,BA (Business Analyst),교육,경력,2025-03-11,0.662
J03162,A0329,P0227,회사02,Data Scientist,게임,신입,2025-03-11,0.794
J03021,A0315,P0196,회사11,BI Engineer,리테일,계약직,2025-03-11,0.3
J00041,A0006,P0126,회사16,Growth Analyst,경영 컨설팅,신입,2025-03-11,0.588
J00511,A0053,P0231,회사19,Product Analyst,금융,전환형 인턴,2025-03-11,0.755
J03174,A0330,P0084,회사20,Product Analyst,,경력,2025-03-11,0.466
J01761,A0175,P0088,회사01,Product Analyst,경영 컨설팅,신입,2025-03-11,0.579
J00499,A0052,P0170,회사26,Growth Analyst,게임,경력,2025-03-11,0.774
J01911,A0194,P0167,회사12,DA (Data Analyst),리테일,신입,2025-03-11,0.245
J01731,A0172,P0176,회사23,DA (Data Analyst),경영 컨설팅,인턴,2025-03-11,0.479
J00602,A0063,P0153,회사23,BA (Business Analyst),교육,경력,2025-03-11,0.136
J04566,A0476,P0144,회사12,BA (Business Analyst),배달/배송,계약직,2025-03-11,0.366
J00944,A0096,P0088,회사01,Product Analyst,경영 컨설팅,신입,2025-03-12,0.7
J04589,A0479,P0138,회사11,BI Engineer,물류,신입,2025-03-12,0.287
J03488,A0365,P0087,회사03,Product Analyst,헬스케어,신입,2025-03-12,0.399
J01258,A0130,P0139,회사28,Growth Analyst,교육,경력,2025-03-12,0.378
J02448,A0251,P0046,회사25,Growth Analyst,미디어,전환형 인턴,2025-03-12,0.051
J02088,A0214,P0186,회사17,Product Analyst,헬스케어,신입,2025-03-12,0.564
J03593,A0373,P0013,회사16,Growth Analyst,헬스케어,전환형 인턴,2025-03-12,0.624
J02123,A0218,P0101,회사18,BA (Business Analyst),,신입,2025-03-12,0.417
J03544,A0370,P0105,회사31,Product Analyst,모바일·APP,경력,2025-03-12,0.936
J04696,A0490,P0199,회사21,BA (Business Analyst),물류,경력,2025-03-12,0.703
J04054,A0421,P0152,회사17,BA (Business Analyst),물류,경력,2025-03-13,0.549
J02226,A0229,P0083,회사22,BI Engineer,배달/배송,경력,2025-03-13,0.317
J04932,A0517,P0155,회사19,Product Analyst,모바일·APP,신입,2025-03-13,0.337
J02783,A0290,P0029,회사18,Product Analyst,게임,신입,2025-03-13,0.558
J04392,A0459,P0158,회사07,BA (Business Analyst),금융,신입,2025-03-13,0.692
J00141,A0016,P0074,회사20,BI Engineer,배달/배송,신입,2025-03-13,0.814
J04559,A0475,P0079,회사08,Growth Analyst,게임,신입,2025-03-14,0.443
J01964,A0200,P0094,회사19,BI Engineer,금융,신입,2025-03-14,0.693
J02338,A0241,P0103,회사33,DA (Data Analyst),모바일·APP,신입,2025-03-14,0.657
J03459,A0362,P0112,회사31,BI Engineer,경영 컨설팅,경력,2025-03-14,0.496
J00349,A0038,P0018,회사24,BI Engineer,리테일,계약직,2025-03-14,0.759
J04012,A0415,P0207,회사12,Growth Analyst,게임,신입,2025-03-14,0.477
J03962,A0412,P0152,회사17,BA (Business Analyst),물류,경력,2025-03-14,0.758
J01126,A0116,P0101,회사18,BA (Business Analyst),,신입,2025-03-14,0.513
J04783,A0499,P0022,회사29,Data Scientist,,신입,2025-03-14,0.572
J01183,A0122,P0180,회사17,DA (Data Analyst),,계약직,2025-03-14,0.59
J02560,A0267,P0161,회사21,DA (Data Analyst),리테일,신입,2025-03-14,0.463
J02560,A0267,P0161,회사21,DA (Data Analyst),리테일,신입,2025-03-14,0.463
J01385,A0139,P0037,회사23,BA (Business Analyst),모바일·APP,경력,2025-03-14,0.826
J04081,A0424,P0147,회사20,BA (Business Analyst),게임,전환형 인턴,2025-03-15,0.353
J02738,A0286,P0216,회사17,BA (Business Analyst),모바일·APP,경력,2025-03-15,0.393
J01076,A0111,P0001,회사22,Product Analyst,물류,신입,2025-03-15,0.571
J00925,A0094,P0207,회사12,Growth Analyst,게임,신입,2025-03-15,0.411
J02764,A0289,P0097,회사23,Growth Analyst,모바일·APP,신입,2025-03-15,0.434
J01093,A0113,P0111,회사29,Product Analyst,배달/배송,신입,2025-03-15,0.675
J00662,A0069,P0158,회사07,BA (Business Analyst),금융,신입,2025-03-15,0.623
J03853,A0398,P0160,회사14,Data Scientist,배달/배송,전환형 인턴,2025-03-15,0.563
J03517,A0367,P0127,회사06,Product Analyst,리테일,신입,2025-03-15,0.52
J00042,A0006,P0192,회사30,Growth Analyst,헬스케어,신입,2025-03-15,0.554
J03175,A0330,P0238,회사25,BI Engineer,금융,전환형 인턴,2025-03-15,0.253
J03489,A0365,P0153,회사23,BA (Business Analyst),교육,경력,2025-03-16,0.41
J04097,A0426,P0107,회사25,BA (Business Analyst),미디어,인턴,2025-03-16,0.02
J02930,A0304,P0182,회사12,Data Scientist,금융,인턴,2025-03-16,0.99
J03594,A0373,P0085,회사26,DA (Data Analyst),물류,경력,2025-03-16,0.614
J02905,A0301,P0225,회사33,Data Scientist,헬스케어,경력,2025-03-16,0.437
J02007,A0206,P0106,회사16,Data Scientist,물류,신입,2025-03-16,0.852
J00313,A0034,P0094,회사19,BI Engineer,금융,신입,2025-03-16,0.598
J01135,A0117,P0182,회사12,Data Scientist,금융,인턴,2025-03-16,0.665
J02176,A0222,P0029,회사18,Product Analyst,게임,신입,2025-03-16,0.783
J00604,A0064,P0134,회사23,Growth Analyst,배달/배송,전환형 인턴,2025-03-17,0.45
J00057,A0008,P0218,회사15,DA (Data Analyst),미디어,신입,2025-03-17,0.72
J02468,A0254,P0213,회사19,BI Engineer,물류,신입,2025-03-17,0.496
J04393,A0459,P0198,회사22,BA (Business Analyst),게임,계약직,2025-03-17,0.602
J03427,A0358,P0072,회사32,DA (Data Analyst),교육,인턴,2025-03-17,0.715
J04526,A0471,P0190,회사31,Growth Analyst,,전환형 인턴,2025-03-17,0.664
J04611,A0482,P0099,회사26,BA (Business Analyst),물류,경력,2025-03-17,0.98
J04129,A0430,P0224,회사16,Growth Analyst,,신입,2025-03-17,0.385
J01411,A0141,P0217,회사34,BA (Business Analyst),미디어,전환형 인턴,2025-03-17,0.278
J04526,A0471,P0190,회사31,Growth Analyst,,전환형 인턴,2025-03-17,0.664
J02169,A0221,P0196,회사11,BI Engineer,리테일,계약직,2025-03-17,0.8
J01372,A0138,P0129,회사17,Growth Analyst,경영 컨설팅,신입,2025-03-17,0.966
J03528,A0368,P0146,회사21,Product Analyst,게임,경력,2025-03-18,0.655
J00794,A0084,P0146,회사21,Product Analyst,게임,경력,2025-03-18,0.861
J00444,A0047,P0042,회사19,Data Scientist,헬스케어,경력,2025-03-18,0.351
J03915,A0408,P0114,회사27,Growth Analyst,모바일·APP,전환형 인턴,2025-03-18,0.328
J00142,A0016,P0124,회사18,DA (Data Analyst),,경력,2025-03-18,0.687
J03915,A0408,P0114,회사27,Growth Analyst,모바일·APP,전환형 인턴,2025-03-18,0.328
J00630,A0065,P0020,회사21,Data Scientist,리테일,인턴,2025-03-18,0.807
J04560,A0475,P0020,회사21,Data Scientist,리테일,인턴,2025-03-18,0.376
J03727,A0385,P0176,회사23,DA (Data Analyst),경영 컨설팅,인턴,2025-03-18,0.51
J01094,A0113,P0230,회사13,DA (Data Analyst),물류,경력,2025-03-19,0.724
J04013,A0415,P0136,회사12,Growth Analyst,모바일·APP,신입,2025-03-19,0.707
J00365,A0039,P0107,회사25,BA (Business Analyst),미디어,인턴,2025-03-19,0.744
J02406,A0248,P0203,회사17,DA (Data Analyst),물류,경력,2025-03-19,0.544
J00072,A0009,P0108,회사14,BA (Business Analyst),교육,경력,2025-03-19,0.265
J00213,A0023,P0039,회사23,Product Analyst,모바일·APP,인턴,2025-03-19,0.598
J02124,A0218,P0025,회사29,DA (Data Analyst),리테일,인턴,2025-03-19,0.562
J01259,A0130,P0015,회사11,Data Scientist,모바일·APP,신입,2025-03-19,0.367
J03573,A0372,P0051,회사28,Data Scientist,물류,신입,2025-03-19,0.428
J04002,A0414,P0057,회사11,DA (Data Analyst),헬스케어,경력,2025-03-19,0.736
J00522,A0054,P0092,회사25,Product Analyst,헬스케어,전환형 인턴,2025-03-19,0.682
J03022,A0315,P0178,회사21,Data Scientist,물류,계약직,2025-03-19,0.846
J03477,A0363,P0047,회사22,BI Engineer,금융,경력,2025-03-19,0.439
J00213,A0023,P0039,회사23,Product Analyst,모바일·APP,인턴,2025-03-19,0.598
J01732,A0172,P0212,회사25,BI Engineer,모바일·APP,신입,2025-03-20,0.695
J02701,A0281,P0216,회사17,BA (Business Analyst),모바일·APP,경력,2025-03-20,0.357
J00314,A0034,P0076,회사24,DA (Data Analyst),헬스케어,신입,2025-03-20,0.48
J00889,A0092,P0210,회사26,Growth Analyst,,신입,2025-03-20,0.622
J01831,A0184,P0084,회사20,Product Analyst,,경력,2025-03-21,0.778
J02221,A0228,P0054,회사11,Growth Analyst,물류,인턴,2025-03-21,0.395
J04406,A0460,P0222,회사17,Product Analyst,,경력,2025-03-21,0.301
J02170,A0221,P0003,회사28,BA (Business Analyst),교육,전환형 인턴,2025-03-21,0.499
J01965,A0200,P0195,회사28,Product Analyst,물류,신입,2025-03-21,0.274
J02784,A0290,P0100,회사34,BI Engineer,헬스케어,계약직,2025-03-21,0.116
J00896,A0093,P0216,회사17,BA (Business Analyst),모바일·APP,경력,2025-03-21,0.458
J03181,A0331,P0166,회사24,Growth Analyst,헬스케어,신입,2025-03-21,0.154
J00058,A0008,P0012,회사16,Growth Analyst,금융,경력,2025-03-21,0.675
J01176,A0121,P0220,회사22,DA (Data Analyst),리테일,인턴,2025-03-22,0.421
J02561,A0267,P0204,회사31,DA (Data Analyst),교육,인턴,2025-03-22,0.613
J00350,A0038,P0003,회사28,BA (Business Analyst),교육,전환형 인턴,2025-03-22,0.44
J04590,A0479,P0086,회사18,BI Engineer,교육,경력,2025-03-22,0.091
J03163,A0329,P0124,회사18,DA (Data Analyst),,경력,2025-03-22,0.619
J01288,A0132,P0224,회사16,Growth Analyst,,신입,2025-03-22,0.635
J00445,A0047,P0222,회사17,Product Analyst,,경력,2025-03-22,0.349
J00512,A0053,P0062,회사21,Data Scientist,경영 컨설팅,경력,2025-03-22,0.647
J00926,A0094,P0107,회사25,BA (Business Analyst),미디어,인턴,2025-03-22,0.173
J02739,A0286,P0079,회사08,Growth Analyst,게임,신입,2025-03-22,0.99
J02469,A0254,P0119,회사13,Product Analyst,리테일,신입,2025-03-23,0.722
J02227,A0229,P0020,회사21,Data Scientist,리테일,인턴,2025-03-23,0.337
J00214,A0023,P0010,회사14,BA (Business Analyst),배달/배송,경력,2025-03-23,0.912
J02931,A0304,P0049,회사30,DA (Data Analyst),물류,계약직,2025-03-23,0.831
J03545,A0370,P0226,회사34,Growth Analyst,리테일,전환형 인턴,2025-03-23,0.39
J02368,A0244,P0030,회사13,DA (Data Analyst),배달/배송,신입,2025-03-23,0.523
J00043,A0006,P0007,회사14,BA (Business Analyst),경영 컨설팅,전환형 인턴,2025-03-23,0.434
J03518,A0367,P0141,회사13,BA (Business Analyst),헬스케어,전환형 인턴,2025-03-24,0.765
J01935,A0196,P0035,회사19,Data Scientist,물류,인턴,2025-03-24,0.45
J01912,A0194,P0026,회사26,DA (Data Analyst),금융,신입,2025-03-24,0.624
J02001,A0205,P0227,회사02,Data Scientist,게임,신입,2025-03-24,0.362
J03023,A0315,P0174,회사25,BI Engineer,금융,인턴,2025-03-24,0.494
J03728,A0385,P0182,회사12,Data Scientist,금융,인턴,2025-03-24,0.518
J03176,A0330,P0074,회사20,BI Engineer,배달/배송,신입,2025-03-24,0.308
J00603,A0063,P0036,회사31,DA (Data Analyst),,경력,2025-03-24,0.108
J03460,A0362,P0083,회사22,BI Engineer,배달/배송,경력,2025-03-24,0.642
J01762,A0175,P0212,회사25,BI Engineer,모바일·APP,신입,2025-03-24,0.528
J01611,A0161,P0122,회사21,Product Analyst,,전환형 인턴,2025-03-24,0.339
J02722,A0284,P0082,회사27,DA (Data Analyst),헬스케어,경력,2025-03-24,0.247
J04567,A0476,P0092,회사25,Product Analyst,헬스케어,전환형 인턴,2025-03-24,0.253
J01733,A0172,P0218,회사15,DA (Data Analyst),미디어,신입,2025-03-24,0.724
J04933,A0517,P0123,회사20,Product Analyst,배달/배송,경력,2025-03-25,0.501
J02339,A0241,P0203,회사17,DA (Data Analyst),물류,경력,2025-03-25,0.515
J04130,A0430,P0164,회사31,DA (Data Analyst),금융,경력,2025-03-25,0.446
J03428,A0358,P0098,회사11,Data Scientist,게임,신입,2025-03-25,0.696
J00945,A0096,P0144,회사12,BA (Business Analyst),배달/배송,계약직,2025-03-25,0.653
J04436,A0464,P0102,회사24,BI Engineer,리테일,전환형 인턴,2025-03-25,0.545
J04055,A0421,P0181,회사12,BA (Business Analyst),,신입,2025-03-25,0.511
J00663,A0069,P0094,회사19,BI Engineer,금융,신입,2025-03-25,0.349
J04561,A0475,P0061,회사11,Growth Analyst,게임,신입,2025-03-25,0.423
J00631,A0065,P0083,회사22,BI Engineer,배달/배송,경력,2025-03-25,0.62
J03854,A0398,P0036,회사31,DA (Data Analyst),,경력,2025-03-25,0.473
J04872,A0509,P0156,회사22,BA (Business Analyst),헬스케어,계약직,2025-03-25,0.282
J04612,A0482,P0067,회사25,BA (Business Analyst),미디어,전환형 인턴,2025-03-25,0.788
J01412,A0141,P0166,회사24,Growth Analyst,헬스케어,신입,2025-03-25,0.289
J01095,A0113,P0087,회사03,Product Analyst,헬스케어,신입,2025-03-25,0.498
J02089,A0214,P0008,회사12,BA (Business Analyst),게임,신입,2025-03-25,0.418
J04752,A0495,P0059,회사23,Product Analyst,물류,신입,2025-03-26,0.99
J01136,A0117,P0137,회사23,Product Analyst,모바일·APP,신입,2025-03-26,0.664
J01889,A0192,P0098,회사11,Data Scientist,게임,신입,2025-03-26,0.482
J01626,A0162,P0020,회사21,Data Scientist,리테일,인턴,2025-03-26,0.374
J03963,A0412,P0221,회사32,Growth Analyst,교육,계약직,2025-03-26,0.433
J00605,A0064,P0152,회사17,BA (Business Analyst),물류,경력,2025-03-26,0.384
J00366,A0039,P0186,회사17,Product Analyst,헬스케어,신입,2025-03-26,0.862
J03692,A0382,P0097,회사23,Growth Analyst,모바일·APP,신입,2025-03-26,0.546
J00543,A0057,P0040,회사30,BA (Business Analyst),,신입,2025-03-26,0.059
J04003,A0414,P0071,회사33,Growth Analyst,,신입,2025-03-26,0.479
J04527,A0471,P0198,회사22,BA (Business Analyst),게임,계약직,2025-03-26,0.306
J00513,A0053,P0192,회사30,Growth Analyst,헬스케어,신입,2025-03-27,0.896
J02125,A0218,P0009,회사20,BA (Business Analyst),물류,경력,2025-03-27,0.413
J00561,A0059,P0050,회사14,BA (Business Analyst),미디어,신입,2025-03-27,0.502
J04697,A0490,P0084,회사20,Product Analyst,,경력,2025-03-27,0.231
J02449,A0251,P0060,회사23,BI Engineer,물류,신입,2025-03-27,0.079
J01184,A0122,P0086,회사18,BI Engineer,교육,경력,2025-03-27,0.453
J01510,A0149,P0052,회사12,Data Scientist,교육,인턴,2025-03-27,0.434
J00500,A0052,P0131,회사24,BI Engineer,미디어,경력,2025-03-27,0.652
J00513,A0053,P0192,회사30,Growth Analyst,헬스케어,신입,2025-03-27,0.896
J01289,A0132,P0054,회사11,Growth Analyst,물류,인턴,2025-03-27,0.587
J03478,A0363,P0178,회사21,Data Scientist,물류,계약직,2025-03-28,0.586
J02906,A0301,P0205,회사17,Product Analyst,게임,경력,2025-03-28,0.377
J04568,A0476,P0208,회사19,DA (Data Analyst),금융,전환형 인턴,2025-03-28,0.106
J01127,A0116,P0206,회사21,BI Engineer,,경력,2025-03-28,0.492
J04394,A0459,P0197,회사12,Data Scientist,리테일,신입,2025-03-28,0.214
J04407,A0460,P0066,회사11,Product Analyst,게임,경력,2025-03-28,0.07
J00044,A0006,P0044,회사22,BI Engineer,경영 컨설팅,계약직,2025-03-28,0.377
J00351,A0038,P0194,회사32,BI Engineer,금융,신입,2025-03-28,0.554
J02785,A0290,P0062,회사21,Data Scientist,경영 컨설팅,경력,2025-03-28,0.02
J01612,A0161,P0211,회사11,Product Analyst,경영 컨설팅,경력,2025-03-29,0.558
J04784,A0499,P0124,회사18,DA (Data Analyst),,경력,2025-03-29,0.791
J04131,A0430,P0092,회사25,Product Analyst,헬스케어,전환형 인턴,2025-03-29,0.416
J01536,A0152,P0099,회사26,BA (Business Analyst),물류,경력,2025-03-29,0.34
J02222,A0228,P0077,회사15,BA (Business Analyst),,경력,2025-03-29,0.519
J01056,A0109,P0004,회사19,BA (Business Analyst),교육,신입,2025-03-29,0.583
J01096,A0113,P0110,회사30,Product Analyst,배달/배송,신입,2025-03-29,0.518
J00795,A0084,P0056,회사20,Growth Analyst,물류,인턴,2025-03-29,0.99
J04082,A0424,P0051,회사28,Data Scientist,물류,신입,2025-03-29,0.565
J01260,A0130,P0040,회사30,BA (Business Analyst),,신입,2025-03-29,0.451
J00143,A0016,P0027,회사15,DA (Data Analyst),물류,신입,2025-03-29,0.625
J04937,A0518,P0091,회사11,Data Scientist,금융,신입,2025-03-30,0.99
J01386,A0139,P0061,회사11,Growth Analyst,게임,신입,2025-03-30,0.673
J04289,A0447,P0220,회사22,DA (Data Analyst),리테일,인턴,2025-03-30,0.654
J01913,A0194,P0240,회사11,Data Scientist,교육,신입,2025-03-30,0.02
J00890,A0092,P0017,회사20,BA (Business Analyst),헬스케어,신입,2025-03-30,0.355
J02765,A0289,P0110,회사30,Product Analyst,배달/배송,신입,2025-03-30,0.943
J01077,A0111,P0018,회사24,BI Engineer,리테일,계약직,2025-03-30,0.509
J01413,A0141,P0217,회사34,BA (Business Analyst),미디어,전환형 인턴,2025-03-30,0.541
J03729,A0385,P0189,회사12,Product Analyst,미디어,신입,2025-03-30,0.229
J01936,A0196,P0226,회사34,Growth Analyst,리테일,전환형 인턴,2025-03-30,0.462
J02228,A0229,P0236,회사26,BA (Business Analyst),리테일,신입,2025-03-30,0.282
J04528,A0471,P0221,회사32,Growth Analyst,교육,계약직,2025-03-30,0.48
J00073,A0009,P0098,회사11,Data Scientist,게임,신입,2025-03-30,0.191
J03703,A0383,P0058,회사26,BA (Business Analyst),경영 컨설팅,계약직,2025-03-30,0.492
J00501,A0052,P0024,회사11,BI Engineer,게임,전환형 인턴,2025-03-31,0.544
J03082,A0321,P0049,회사30,DA (Data Analyst),물류,계약직,2025-03-31,0.776
J01373,A0138,P0054,회사11,Growth Analyst,물류,인턴,2025-03-31,0.372
J02002,A0205,P0046,회사25,Growth Analyst,미디어,전환형 인턴,2025-03-31,0.592
J04753,A0495,P0141,회사13,BA (Business Analyst),헬스케어,전환형 인턴,2025-03-31,0.81
J03574,A0372,P0169,회사14,Data Scientist,리테일,경력,2025-03-31,0.02
J03595,A0373,P0100,회사34,BI Engineer,헬스케어,계약직,2025-03-31,0.731
J02008,A0206,P0207,회사12,Growth Analyst,게임,신입,2025-03-31,0.732
J03490,A0365,P0190,회사31,Growth Analyst,,전환형 인턴,2025-03-31,0.259
J00315,A0034,P0126,회사16,Growth Analyst,경영 컨설팅,신입,2025-03-31,0.476
J02090,A0214,P0031,회사27,BI Engineer,물류,신입,2025-03-31,0.731
J01800,A0180,P0025,회사29,DA (Data Analyst),리테일,인턴,2025-03-31,0.99
J03490,A0365,P0190,회사31,Growth Analyst,,전환형 인턴,2025-03-31,0.259
J03164,A0329,P0115,회사31,BA (Business Analyst),경영 컨설팅,전환형 인턴,2025-03-31,0.522
J04056,A0421,P0125,회사32,DA (Data Analyst),게임,신입,2025-04-01,0.577
J01832,A0184,P0009,회사20,BA (Business Analyst),물류,경력,2025-04-01,0.99
J03866,A0401,P0053,회사31,BA (Business Analyst),헬스케어,경력,2025-04-01,0.312
J04098,A0426,P0006,회사24,Growth Analyst,물류,신입,2025-04-01,0.02
J04437,A0464,P0027,회사15,DA (Data Analyst),물류,신입,2025-04-01,0.99
J04004,A0414,P0150,회사04,Growth Analyst,배달/배송,경력,2025-04-01,0.55
J04153,A0433,P0009,회사20,BA (Business Analyst),물류,경력,2025-04-01,0.316
J00897,A0093,P0156,회사22,BA (Business Analyst),헬스케어,계약직,2025-04-01,0.628
J02932,A0304,P0102,회사24,BI Engineer,리테일,전환형 인턴,2025-04-01,0.895
J02809,A0293,P0015,회사11,Data Scientist,모바일·APP,신입,2025-04-01,0.093
J03461,A0362,P0071,회사33,Growth Analyst,,신입,2025-04-02,0.634
J00946,A0096,P0236,회사26,BA (Business Analyst),리테일,신입,2025-04-02,0.62
J00664,A0069,P0086,회사18,BI Engineer,교육,경력,2025-04-02,0.52
J02369,A0244,P0069,회사34,BI Engineer,리테일,계약직,2025-04-02,0.536
J02740,A0286,P0205,회사17,Product Analyst,게임,경력,2025-04-02,0.601
J02562,A0267,P0116,회사32,BA (Business Analyst),금융,전환형 인턴,2025-04-02,0.511
J04327,A0453,P0230,회사13,DA (Data Analyst),물류,경력,2025-04-02,0.15
J00796,A0084,P0198,회사22,BA (Business Analyst),게임,계약직,2025-04-02,0.7
J04873,A0509,P0200,회사27,DA (Data Analyst),금융,신입,2025-04-02,0.732
J00523,A0054,P0110,회사30,Product Analyst,배달/배송,신입,2025-04-02,0.579
J03429,A0359,P0058,회사26,BA (Business Analyst),경영 컨설팅,계약직,2025-04-03,0.583
J03916,A0408,P0209,회사19,BA (Business Analyst),금융,신입,2025-04-03,0.444
J03177,A0330,P0005,회사11,Growth Analyst,,경력,2025-04-03,0.51
J01937,A0196,P0042,회사19,Data Scientist,헬스케어,경력,2025-04-03,0.465
J00562,A0059,P0172,회사26,BI Engineer,경영 컨설팅,경력,2025-04-03,0.622
J04698,A0490,P0038,회사11,Product Analyst,,신입,2025-04-03,0.18
J03024,A0315,P0116,회사32,BA (Business Analyst),금융,전환형 인턴,2025-04-03,0.783
J01968,A0201,P0044,회사22,BI Engineer,경영 컨설팅,계약직,2025-04-03,0.551
J01763,A0175,P0031,회사27,BI Engineer,물류,신입,2025-04-03,0.256
J03529,A0368,P0155,회사19,Product Analyst,모바일·APP,신입,2025-04-03,0.601
J00514,A0053,P0141,회사13,BA (Business Analyst),헬스케어,전환형 인턴,2025-04-03,0.485
J00536,A0056,P0011,회사27,Product Analyst,,신입,2025-04-04,0.53
J02003,A0205,P0207,회사12,Growth Analyst,게임,신입,2025-04-04,0.417
J04569,A0476,P0012,회사16,Growth Analyst,금융,경력,2025-04-04,0.61
J03730,A0385,P0085,회사26,DA (Data Analyst),물류,경력,2025-04-04,0.388
J03165,A0329,P0010,회사14,BA (Business Analyst),배달/배송,경력,2025-04-04,0.529
J04014,A0415,P0115,회사31,BA (Business Analyst),경영 컨설팅,전환형 인턴,2025-04-04,0.286
J02407,A0248,P0238,회사25,BI Engineer,금융,전환형 인턴,2025-04-04,0.62
J02223,A0228,P0149,회사13,DA (Data Analyst),리테일,계약직,2025-04-04,0.338
J00059,A0008,P0202,회사16,Product Analyst,경영 컨설팅,신입,2025-04-04,0.639
J02003,A0205,P0207,회사12,Growth Analyst,게임,신입,2025-04-04,0.417
J04246,A0442,P0222,회사17,Product Analyst,,경력,2025-04-04,0.571
J00891,A0092,P0078,회사19,Product Analyst,,경력,2025-04-05,0.718
J02786,A0290,P0188,회사09,BI Engineer,교육,신입,2025-04-05,0.254
J03182,A0331,P0005,회사11,Growth Analyst,,경력,2025-04-05,0.737
J04230,A0441,P0061,회사11,Growth Analyst,게임,신입,2025-04-05,0.537
J00215,A0023,P0077,회사15,BA (Business Analyst),,경력,2025-04-05,0.467
J01177,A0121,P0195,회사28,Product Analyst,물류,신입,2025-04-05,0.879
J00606,A0064,P0190,회사31,Growth Analyst,,전환형 인턴,2025-04-05,0.077
J01097,A0113,P0190,회사31,Growth Analyst,,전환형 인턴,2025-04-05,0.66
J00898,A0093,P0201,회사33,BA (Business Analyst),물류,경력,2025-04-05,0.562
J03964,A0412,P0182,회사12,Data Scientist,금융,인턴,2025-04-05,0.432
J00446,A0047,P0139,회사28,Growth Analyst,교육,경력,2025-04-05,0.397
J01414,A0141,P0060,회사23,BI Engineer,물류,신입,2025-04-05,0.459
J00544,A0057,P0204,회사31,DA (Data Analyst),교육,인턴,2025-04-05,0.02
J04591,A0479,P0209,회사19,BA (Business Analyst),금융,신입,2025-04-06,0.1
J02136,A0219,P0197,회사12,Data Scientist,리테일,신입,2025-04-06,0.245
J04938,A0518,P0183,회사11,Product Analyst,,인턴,2025-04-06,0.71
J01801,A0180,P0097,회사23,Growth Analyst,모바일·APP,신입,2025-04-06,0.594
J01966,A0200,P0211,회사11,Product Analyst,경영 컨설팅,경력,2025-04-06,0.804
J04290,A0447,P0068,회사24,BI Engineer,리테일,계약직,2025-04-06,0.511
J03546,A0370,P0116,회사32,BA (Business Analyst),금융,전환형 인턴,2025-04-06,0.825
J00959,A0098,P0203,회사17,DA (Data Analyst),물류,경력,2025-04-06,0.241
J04613,A0482,P0020,회사21,Data Scientist,리테일,인턴,2025-04-06,0.363
J02310,A0238,P0047,회사22,BI Engineer,금융,경력,2025-04-06,0.715
J01627,A0162,P0042,회사19,Data Scientist,헬스케어,경력,2025-04-06,0.46
J01801,A0180,P0097,회사23,Growth Analyst,모바일·APP,신입,2025-04-06,0.594
J04083,A0424,P0047,회사22,BI Engineer,금융,경력,2025-04-06,0.525
J01009,A0107,P0231,회사19,Product Analyst,금융,전환형 인턴,2025-04-06,0.727
J00502,A0052,P0045,회사11,Product Analyst,경영 컨설팅,인턴,2025-04-06,0.898
J01613,A0161,P0080,회사19,Growth Analyst,게임,경력,2025-04-06,0.523
J01185,A0122,P0081,회사34,DA (Data Analyst),교육,계약직,2025-04-06,0.706
J04754,A0495,P0166,회사24,Growth Analyst,헬스케어,신입,2025-04-07,0.815
J02229,A0229,P0149,회사13,DA (Data Analyst),리테일,계약직,2025-04-07,0.36
J04099,A0426,P0118,회사20,BI Engineer,미디어,전환형 인턴,2025-04-07,0.623
J00927,A0094,P0200,회사27,DA (Data Analyst),금융,신입,2025-04-07,0.655
J02810,A0293,P0155,회사19,Product Analyst,모바일·APP,신입,2025-04-07,0.498
J02668,A0278,P0135,회사20,Product Analyst,,인턴,2025-04-07,0.533
J04529,A0471,P0011,회사27,Product Analyst,,신입,2025-04-07,0.505
J01511,A0149,P0004,회사19,BA (Business Analyst),교육,신입,2025-04-07,0.348
J02723,A0284,P0154,회사34,BA (Business Analyst),미디어,경력,2025-04-07,0.118
J02873,A0298,P0092,회사25,Product Analyst,헬스케어,전환형 인턴,2025-04-07,0.179
J04911,A0514,P0192,회사30,Growth Analyst,헬스케어,신입,2025-04-07,0.384
J01734,A0172,P0190,회사31,Growth Analyst,,전환형 인턴,2025-04-07,0.235
J02224,A0228,P0164,회사31,DA (Data Analyst),금융,경력,2025-04-08,0.487
J01537,A0152,P0022,회사29,Data Scientist,,신입,2025-04-08,0.02
J02382,A0246,P0021,회사14,BI Engineer,경영 컨설팅,신입,2025-04-08,0.66
J00060,A0008,P0203,회사17,DA (Data Analyst),물류,경력,2025-04-08,0.436
J00632,A0065,P0093,회사12,DA (Data Analyst),배달/배송,신입,2025-04-08,0.643
J04570,A0476,P0171,회사31,Product Analyst,경영 컨설팅,계약직,2025-04-08,0.443
J01938,A0196,P0014,회사34,BI Engineer,금융,신입,2025-04-08,0.673
J01290,A0132,P0236,회사26,BA (Business Analyst),리테일,신입,2025-04-08,0.928
J00352,A0038,P0148,회사11,DA (Data Analyst),배달/배송,인턴,2025-04-09,0.525
J02340,A0241,P0185,회사11,DA (Data Analyst),물류,전환형 인턴,2025-04-09,0.424
J00367,A0039,P0143,회사23,Product Analyst,교육,인턴,2025-04-09,0.787
J03519,A0367,P0169,회사14,Data Scientist,리테일,경력,2025-04-09,0.5
J02091,A0214,P0172,회사26,BI Engineer,경영 컨설팅,경력,2025-04-09,0.715
J00515,A0053,P0035,회사19,Data Scientist,물류,인턴,2025-04-09,0.69
J01833,A0184,P0148,회사11,DA (Data Analyst),배달/배송,인턴,2025-04-09,0.67
J04395,A0459,P0026,회사26,DA (Data Analyst),금융,신입,2025-04-09,0.615
J00563,A0059,P0168,회사26,Data Scientist,미디어,경력,2025-04-09,0.846
J02126,A0218,P0054,회사11,Growth Analyst,물류,인턴,2025-04-09,0.614
J01374,A0138,P0048,회사12,Growth Analyst,교육,신입,2025-04-09,0.759
J00352,A0038,P0148,회사11,DA (Data Analyst),배달/배송,인턴,2025-04-09,0.525
J00537,A0056,P0051,회사28,Data Scientist,물류,신입,2025-04-09,0.437
J02450,A0251,P0077,회사15,BA (Business Analyst),,경력,2025-04-10,0.108
J00947,A0096,P0197,회사12,Data Scientist,리테일,신입,2025-04-10,0.653
J03183,A0331,P0007,회사14,BA (Business Analyst),경영 컨설팅,전환형 인턴,2025-04-10,0.254
J02907,A0301,P0026,회사26,DA (Data Analyst),금융,신입,2025-04-10,0.531
J01261,A0130,P0232,회사17,BI Engineer,물류,신입,2025-04-10,0.461
J03166,A0329,P0017,회사20,BA (Business Analyst),헬스케어,신입,2025-04-10,0.751
J03575,A0372,P0132,회사21,DA (Data Analyst),금융,계약직,2025-04-10,0.244
J04562,A0475,P0205,회사17,Product Analyst,게임,경력,2025-04-10,0.5
J04438,A0464,P0073,회사27,BA (Business Analyst),,인턴,2025-04-10,0.754
J00503,A0052,P0199,회사21,BA (Business Analyst),물류,경력,2025-04-10,0.501
J03491,A0365,P0197,회사12,Data Scientist,리테일,신입,2025-04-10,0.02
J01137,A0117,P0145,회사28,Growth Analyst,,신입,2025-04-10,0.239
J00960,A0098,P0052,회사12,Data Scientist,교육,인턴,2025-04-10,0.592
J02974,A0310,P0100,회사34,BI Engineer,헬스케어,계약직,2025-04-10,0.653
J01969,A0201,P0049,회사30,DA (Data Analyst),물류,계약직,2025-04-10,0.445
J04934,A0517,P0152,회사17,BA (Business Analyst),물류,경력,2025-04-10,0.422
J04562,A0475,P0205,회사17,Product Analyst,게임,경력,2025-04-10,0.5
J01098,A0113,P0074,회사20,BI Engineer,배달/배송,신입,2025-04-11,0.165
J02004,A0205,P0118,회사20,BI Engineer,미디어,전환형 인턴,2025-04-11,0.602
J04084,A0424,P0230,회사13,DA (Data Analyst),물류,경력,2025-04-11,0.225
J00665,A0069,P0182,회사12,Data Scientist,금융,인턴,2025-04-11,0.468
J04408,A0460,P0045,회사11,Product Analyst,경영 컨설팅,인턴,2025-04-11,0.223
J01890,A0192,P0036,회사31,DA (Data Analyst),,경력,2025-04-11,0.639
J01010,A0107,P0222,회사17,Product Analyst,,경력,2025-04-11,0.646
J02563,A0267,P0194,회사32,BI Engineer,금융,신입,2025-04-11,0.362
J02741,A0286,P0044,회사22,BI Engineer,경영 컨설팅,계약직,2025-04-11,0.547
J04328,A0453,P0176,회사23,DA (Data Analyst),경영 컨설팅,인턴,2025-04-11,0.407
J03479,A0363,P0158,회사07,BA (Business Analyst),금융,신입,2025-04-11,0.613
J00665,A0069,P0182,회사12,Data Scientist,금융,인턴,2025-04-11,0.468
J04132,A0430,P0222,회사17,Product Analyst,,경력,2025-04-11,0.609
J03693,A0382,P0185,회사11,DA (Data Analyst),물류,전환형 인턴,2025-04-11,0.556
J03704,A0383,P0089,회사19,DA (Data Analyst),모바일·APP,신입,2025-04-11,0.242
J03083,A0321,P0203,회사17,DA (Data Analyst),물류,경력,2025-04-11,0.603
J04291,A0447,P0089,회사19,DA (Data Analyst),모바일·APP,신입,2025-04-11,0.459
J02563,A0267,P0194,회사32,BI Engineer,금융,신입,2025-04-11,0.362
J00545,A0057,P0037,회사23,BA (Business Analyst),모바일·APP,경력,2025-04-11,0.231
J01914,A0194,P0160,회사14,Data Scientist,배달/배송,전환형 인턴,2025-04-12,0.177
J03178,A0330,P0206,회사21,BI Engineer,,경력,2025-04-12,0.43
J04785,A0499,P0007,회사14,BA (Business Analyst),경영 컨설팅,전환형 인턴,2025-04-12,0.99
J01614,A0161,P0140,회사20,Growth Analyst,모바일·APP,경력,2025-04-12,0.957
J03917,A0408,P0150,회사04,Growth Analyst,배달/배송,경력,2025-04-12,0.541
J03731,A0385,P0095,회사25,Product Analyst,물류,계약직,2025-04-12,0.446
J01628,A0162,P0119,회사13,Product Analyst,리테일,신입,2025-04-12,0.524
J04100,A0426,P0024,회사11,BI Engineer,게임,전환형 인턴,2025-04-12,0.058
J00074,A0009,P0209,회사19,BA (Business Analyst),금융,신입,2025-04-12,0.631
J03025,A0315,P0054,회사11,Growth Analyst,물류,인턴,2025-04-12,0.245
J04592,A0479,P0103,회사33,DA (Data Analyst),모바일·APP,신입,2025-04-12,0.423
J00150,A0017,P0115,회사31,BA (Business Analyst),경영 컨설팅,전환형 인턴,2025-04-12,0.609
J02230,A0229,P0081,회사34,DA (Data Analyst),교육,계약직,2025-04-13,0.02
J00368,A0039,P0033,회사14,BA (Business Analyst),금융,전환형 인턴,2025-04-13,0.99
J00045,A0006,P0204,회사31,DA (Data Analyst),교육,인턴,2025-04-13,0.428
J02127,A0218,P0172,회사26,BI Engineer,경영 컨설팅,경력,2025-04-13,0.458
J00144,A0016,P0041,회사33,Product Analyst,헬스케어,경력,2025-04-13,0.592
J02933,A0304,P0085,회사26,DA (Data Analyst),물류,경력,2025-04-13,0.52
J00477,A0050,P0218,회사15,DA (Data Analyst),미디어,신입,2025-04-13,0.028
J00045,A0006,P0204,회사31,DA (Data Analyst),교육,인턴,2025-04-13,0.428
J01128,A0116,P0001,회사22,Product Analyst,물류,신입,2025-04-13,0.483
J01967,A0200,P0194,회사32,BI Engineer,금융,신입,2025-04-14,0.213
J04755,A0495,P0143,회사23,Product Analyst,교육,인턴,2025-04-14,0.758
J02451,A0251,P0178,회사21,Data Scientist,물류,계약직,2025-04-14,0.333
J02766,A0289,P0180,회사17,DA (Data Analyst),,계약직,2025-04-14,0.921
J00316,A0034,P0119,회사13,Product Analyst,리테일,신입,2025-04-14,0.817
J01262,A0130,P0077,회사15,BA (Business Analyst),,경력,2025-04-14,0.96
J00928,A0094,P0166,회사24,Growth Analyst,헬스케어,신입,2025-04-14,0.428
J04057,A0421,P0087,회사03,Product Analyst,헬스케어,신입,2025-04-14,0.287
J03462,A0362,P0168,회사26,Data Scientist,미디어,경력,2025-04-14,0.512
J00564,A0059,P0204,회사31,DA (Data Analyst),교육,인턴,2025-04-14,0.42
J00353,A0038,P0193,회사23,BA (Business Analyst),게임,인턴,2025-04-14,0.516
J01057,A0109,P0171,회사31,Product Analyst,경영 컨설팅,계약직,2025-04-14,0.455
J03555,A0371,P0202,회사16,Product Analyst,경영 컨설팅,신입,2025-04-15,0.439
J01415,A0141,P0027,회사15,DA (Data Analyst),물류,신입,2025-04-15,0.516
J04247,A0442,P0222,회사17,Product Analyst,,경력,2025-04-15,0.499
J02137,A0219,P0223,회사13,Growth Analyst,미디어,경력,2025-04-15,0.134
J04329,A0453,P0213,회사19,BI Engineer,물류,신입,2025-04-15,0.488
J01375,A0138,P0048,회사12,Growth Analyst,교육,신입,2025-04-15,0.719
J03191,A0333,P0055,회사30,BA (Business Analyst),리테일,경력,2025-04-15,0.02
J01266,A0131,P0149,회사13,DA (Data Analyst),리테일,계약직,2025-04-15,0.64
J03705,A0383,P0189,회사12,Product Analyst,미디어,신입,2025-04-15,0.63
J03867,A0401,P0224,회사16,Growth Analyst,,신입,2025-04-15,0.336
J00061,A0008,P0234,회사29,Product Analyst,,인턴,2025-04-16,0.584
J03617,A0376,P0068,회사24,BI Engineer,리테일,계약직,2025-04-16,0.612
J03596,A0373,P0085,회사26,DA (Data Analyst),물류,경력,2025-04-16,0.687
J04786,A0499,P0214,회사22,BA (Business Analyst),,계약직,2025-04-16,0.789
J00447,A0047,P0054,회사11,Growth Analyst,물류,인턴,2025-04-16,0.255
J02009,A0206,P0165,회사16,Data Scientist,물류,신입,2025-04-16,0.192
J00797,A0084,P0178,회사21,Data Scientist,물류,계약직,2025-04-16,0.979
J02311,A0238,P0194,회사32,BI Engineer,금융,신입,2025-04-16,0.911
J01099,A0113,P0114,회사27,Growth Analyst,모바일·APP,전환형 인턴,2025-04-16,0.918
J01629,A0162,P0111,회사29,Product Analyst,배달/배송,신입,2025-04-16,0.734
J04939,A0518,P0223,회사13,Growth Analyst,미디어,경력,2025-04-16,0.574
J00546,A0057,P0193,회사23,BA (Business Analyst),게임,인턴,2025-04-16,0.02
J00524,A0054,P0100,회사34,BI Engineer,헬스케어,계약직,2025-04-16,0.511
J02370,A0244,P0010,회사14,BA (Business Analyst),배달/배송,경력,2025-04-16,0.58
J00666,A0069,P0194,회사32,BI Engineer,금융,신입,2025-04-17,0.54
J00607,A0064,P0188,회사09,BI Engineer,교육,신입,2025-04-17,0.132
J03430,A0359,P0005,회사11,Growth Analyst,,경력,2025-04-17,0.88
J02092,A0214,P0168,회사26,Data Scientist,미디어,경력,2025-04-17,0.849
J02128,A0218,P0139,회사28,Growth Analyst,교육,경력,2025-04-17,0.456
J04154,A0433,P0106,회사16,Data Scientist,물류,신입,2025-04-17,0.713
J02724,A0284,P0092,회사25,Product Analyst,헬스케어,전환형 인턴,2025-04-17,0.441
J00633,A0065,P0229,회사18,Data Scientist,배달/배송,계약직,2025-04-17,0.521
J02669,A0278,P0177,회사22,Growth Analyst,경영 컨설팅,경력,2025-04-17,0.642
J01915,A0194,P0207,회사12,Growth Analyst,게임,신입,2025-04-17,0.662
J04005,A0414,P0094,회사19,BI Engineer,금융,신입,2025-04-17,0.536
J03885,A0403,P0027,회사15,DA (Data Analyst),물류,신입,2025-04-17,0.794
J04935,A0517,P0156,회사22,BA (Business Analyst),헬스케어,계약직,2025-04-17,0.918
J01939,A0196,P0161,회사21,DA (Data Analyst),리테일,신입,2025-04-17,0.453
J01186,A0122,P0022,회사29,Data Scientist,,신입,2025-04-17,0.63
J01344,A0137,P0214,회사22,BA (Business Analyst),,계약직,2025-04-17,0.373
J02408,A0248,P0146,회사21,Product Analyst,게임,경력,2025-04-17,0.199
J01764,A0175,P0103,회사33,DA (Data Analyst),모바일·APP,신입,2025-04-17,0.569
J00504,A0052,P0169,회사14,Data Scientist,리테일,경력,2025-04-17,0.459
J01178,A0121,P0075,회사10,Product Analyst,교육,신입,2025-04-17,0.99
J03084,A0321,P0129,회사17,Growth Analyst,경영 컨설팅,신입,2025-04-17,0.54
J04874,A0510,P0022,회사29,Data Scientist,,신입,2025-04-17,0.374
J02128,A0218,P0139,회사28,Growth Analyst,교육,경력,2025-04-17,0.456
J02767,A0289,P0150,회사04,Growth Analyst,배달/배송,경력,2025-04-18,0.8
J01512,A0149,P0134,회사23,Growth Analyst,배달/배송,전환형 인턴,2025-04-18,0.529
J00216,A0023,P0155,회사19,Product Analyst,모바일·APP,신입,2025-04-18,0.775
J03547,A0370,P0203,회사17,DA (Data Analyst),물류,경력,2025-04-18,0.504
J04231,A0441,P0060,회사23,BI Engineer,물류,신입,2025-04-18,0.459
J03684,A0381,P0033,회사14,BA (Business Analyst),금융,전환형 인턴,2025-04-18,0.408
J04133,A0430,P0059,회사23,Product Analyst,물류,신입,2025-04-18,0.64
J02383,A0246,P0006,회사24,Growth Analyst,물류,신입,2025-04-18,0.626
J02301,A0237,P0174,회사25,BI Engineer,금융,인턴,2025-04-18,0.99
J04571,A0476,P0183,회사11,Product Analyst,,인턴,2025-04-18,0.274
J03463,A0362,P0216,회사17,BA (Business Analyst),모바일·APP,경력,2025-04-18,0.77
J04912,A0514,P0211,회사11,Product Analyst,경영 컨설팅,경력,2025-04-18,0.268
J04292,A0447,P0125,회사32,DA (Data Analyst),게임,신입,2025-04-19,0.22
J04563,A0475,P0182,회사12,Data Scientist,금융,인턴,2025-04-19,0.764
J00478,A0050,P0060,회사23,BI Engineer,물류,신입,2025-04-19,0.036
J00257,A0029,P0002,회사20,Product Analyst,게임,신입,2025-04-19,0.787
J00948,A0096,P0145,회사28,Growth Analyst,,신입,2025-04-19,0.494
J03530,A0368,P0040,회사30,BA (Business Analyst),,신입,2025-04-19,0.805
J04699,A0490,P0209,회사19,BA (Business Analyst),금융,신입,2025-04-19,0.445
J04614,A0482,P0223,회사13,Growth Analyst,미디어,경력,2025-04-19,0.524
J03556,A0371,P0151,회사11,Data Scientist,게임,신입,2025-04-19,0.447
J02874,A0298,P0239,회사28,Product Analyst,모바일·APP,계약직,2025-04-20,0.244
J01416,A0141,P0173,회사33,DA (Data Analyst),배달/배송,계약직,2025-04-20,0.51
J03576,A0372,P0102,회사24,BI Engineer,리테일,전환형 인턴,2025-04-20,0.107
J03026,A0315,P0207,회사12,Growth Analyst,게임,신입,2025-04-20,0.653
J04015,A0415,P0168,회사26,Data Scientist,미디어,경력,2025-04-20,0.624
J00369,A0039,P0153,회사23,BA (Business Analyst),교육,경력,2025-04-20,0.565
J00075,A0009,P0182,회사12,Data Scientist,금융,인턴,2025-04-20,0.08
J03179,A0330,P0205,회사17,Product Analyst,게임,경력,2025-04-20,0.114
J01376,A0138,P0059,회사23,Product Analyst,물류,신입,2025-04-20,0.404
J03732,A0385,P0231,회사19,Product Analyst,금융,전환형 인턴,2025-04-20,0.226
J00899,A0093,P0195,회사28,Product Analyst,물류,신입,2025-04-21,0.628
J01129,A0116,P0091,회사11,Data Scientist,금융,신입,2025-04-21,0.354
J03965,A0412,P0149,회사13,DA (Data Analyst),리테일,계약직,2025-04-21,0.191
J01267,A0131,P0049,회사30,DA (Data Analyst),물류,계약직,2025-04-21,0.322
J03085,A0321,P0148,회사11,DA (Data Analyst),배달/배송,인턴,2025-04-21,0.79
J02312,A0238,P0162,회사19,DA (Data Analyst),리테일,신입,2025-04-21,0.744
J01802,A0180,P0185,회사11,DA (Data Analyst),물류,전환형 인턴,2025-04-21,0.611
J02093,A0214,P0205,회사17,Product Analyst,게임,경력,2025-04-21,0.679
J02263,A0233,P0190,회사31,Growth Analyst,,전환형 인턴,2025-04-21,0.735
J00377,A0040,P0144,회사12,BA (Business Analyst),배달/배송,계약직,2025-04-21,0.458
J00667,A0069,P0113,회사11,Data Scientist,배달/배송,전환형 인턴,2025-04-21,0.431
J04006,A0414,P0158,회사07,BA (Business Analyst),금융,신입,2025-04-21,0.169
J02409,A0248,P0057,회사11,DA (Data Analyst),헬스케어,경력,2025-04-21,0.791
J00354,A0038,P0142,회사15,BI Engineer,교육,경력,2025-04-21,0.288
J02371,A0244,P0235,회사12,Product Analyst,헬스케어,인턴,2025-04-22,0.615
J01735,A0172,P0154,회사34,BA (Business Analyst),미디어,경력,2025-04-22,0.54
J04409,A0460,P0187,회사19,BI Engineer,금융,경력,2025-04-22,0.02
J03480,A0363,P0236,회사26,BA (Business Analyst),리테일,신입,2025-04-22,0.428
J03027,A0316,P0017,회사20,BA (Business Analyst),헬스케어,신입,2025-04-22,0.418
J01538,A0152,P0068,회사24,BI Engineer,리테일,계약직,2025-04-22,0.156
J00608,A0064,P0042,회사19,Data Scientist,헬스케어,경력,2025-04-22,0.156
J00969,A0100,P0175,회사22,Data Scientist,금융,신입,2025-04-22,0.278
J00547,A0057,P0211,회사11,Product Analyst,경영 컨설팅,경력,2025-04-22,0.652
J00046,A0006,P0025,회사29,DA (Data Analyst),리테일,인턴,2025-04-22,0.595
J03886,A0403,P0033,회사14,BA (Business Analyst),금융,전환형 인턴,2025-04-22,0.416
J00833,A0088,P0012,회사16,Growth Analyst,금융,경력,2025-04-22,0.404
J01291,A0132,P0114,회사27,Growth Analyst,모바일·APP,전환형 인턴,2025-04-22,0.99
J02341,A0241,P0221,회사32,Growth Analyst,교육,계약직,2025-04-22,0.465
J04530,A0471,P0071,회사33,Growth Analyst,,신입,2025-04-23,0.359
J02231,A0229,P0151,회사11,Data Scientist,게임,신입,2025-04-23,0.232
J02010,A0206,P0214,회사22,BA (Business Analyst),,계약직,2025-04-23,0.804
J04330,A0453,P0216,회사17,BA (Business Analyst),모바일·APP,경력,2025-04-23,0.133
J00151,A0017,P0145,회사28,Growth Analyst,,신입,2025-04-23,0.325
J00217,A0023,P0169,회사14,Data Scientist,리테일,경력,2025-04-23,0.384
J03813,A0394,P0159,회사17,Data Scientist,경영 컨설팅,신입,2025-04-23,0.908
J00961,A0098,P0194,회사32,BI Engineer,금융,신입,2025-04-23,0.448
J04593,A0479,P0182,회사12,Data Scientist,금융,인턴,2025-04-23,0.02
J03618,A0376,P0226,회사34,Growth Analyst,리테일,전환형 인턴,2025-04-23,0.794
J03184,A0331,P0033,회사14,BA (Business Analyst),금융,전환형 인턴,2025-04-23,0.251
J01011,A0107,P0025,회사29,DA (Data Analyst),리테일,인턴,2025-04-23,0.487
J02811,A0293,P0095,회사25,Product Analyst,물류,계약직,2025-04-23,0.369
J01303,A0134,P0159,회사17,Data Scientist,경영 컨설팅,신입,2025-04-23,0.804
J03492,A0365,P0064,회사27,Growth Analyst,헬스케어,경력,2025-04-23,0.273
J01834,A0184,P0036,회사31,DA (Data Analyst),,경력,2025-04-23,0.73
J02908,A0301,P0222,회사17,Product Analyst,,경력,2025-04-23,0.215
J03577,A0372,P0135,회사20,Product Analyst,,인턴,2025-04-24,0.02
J03520,A0367,P0129,회사17,Growth Analyst,경영 컨설팅,신입,2025-04-24,0.688
J00798,A0084,P0052,회사12,Data Scientist,교육,인턴,2025-04-24,0.99
J04396,A0459,P0023,회사11,Growth Analyst,헬스케어,신입,2025-04-24,0.58
J02742,A0286,P0031,회사27,BI Engineer,물류,신입,2025-04-24,0.911
J02564,A0267,P0100,회사34,BI Engineer,헬스케어,계약직,2025-04-24,0.428
J04058,A0421,P0188,회사09,BI Engineer,교육,신입,2025-04-24,0.593
J01630,A0162,P0240,회사11,Data Scientist,교육,신입,2025-04-24,0.39
J03167,A0329,P0196,회사11,BI Engineer,리테일,계약직,2025-04-24,0.716
J01377,A0138,P0151,회사11,Data Scientist,게임,신입,2025-04-24,0.626
J03733,A0386,P0007,회사14,BA (Business Analyst),경영 컨설팅,전환형 인턴,2025-04-24,0.323
J01891,A0192,P0160,회사14,Data Scientist,배달/배송,전환형 인턴,2025-04-24,0.542
J00538,A0056,P0127,회사06,Product Analyst,리테일,신입,2025-04-24,0.554
J04756,A0495,P0028,회사11,BI Engineer,모바일·APP,경력,2025-04-25,0.711
J03548,A0370,P0217,회사34,BA (Business Analyst),미디어,전환형 인턴,2025-04-25,0.507
J04936,A0517,P0113,회사11,Data Scientist,배달/배송,전환형 인턴,2025-04-25,0.532
J04875,A0510,P0075,회사10,Product Analyst,교육,신입,2025-04-25,0.246
J00516,A0053,P0160,회사14,Data Scientist,배달/배송,전환형 인턴,2025-04-25,0.884
J00448,A0047,P0195,회사28,Product Analyst,물류,신입,2025-04-25,0.414
J00317,A0034,P0186,회사17,Product Analyst,헬스케어,신입,2025-04-25,0.351
J03685,A0381,P0193,회사23,BA (Business Analyst),게임,인턴,2025-04-25,0.749
J03694,A0382,P0070,회사29,Growth Analyst,교육,계약직,2025-04-25,0.678
J00076,A0009,P0240,회사11,Data Scientist,교육,신입,2025-04-25,0.485
J00370,A0039,P0073,회사27,BA (Business Analyst),,인턴,2025-04-25,0.801
J01513,A0149,P0152,회사17,BA (Business Analyst),물류,경력,2025-04-25,0.5
J02975,A0310,P0220,회사22,DA (Data Analyst),리테일,인턴,2025-04-25,0.379
J02138,A0219,P0049,회사30,DA (Data Analyst),물류,계약직,2025-04-25,0.493
J04293,A0447,P0190,회사31,Growth Analyst,,전환형 인턴,2025-04-25,0.465
J01263,A0130,P0201,회사33,BA (Business Analyst),물류,경력,2025-04-26,0.413
J01916,A0194,P0089,회사19,DA (Data Analyst),모바일·APP,신입,2025-04-26,0.694
J00479,A0050,P0079,회사08,Growth Analyst,게임,신입,2025-04-26,0.02
J03192,A0333,P0205,회사17,Product Analyst,게임,경력,2025-04-26,0.213
J02285,A0235,P0234,회사29,Product Analyst,,인턴,2025-04-26,0.515
J00378,A0040,P0025,회사29,DA (Data Analyst),리테일,인턴,2025-04-26,0.356
J02934,A0304,P0183,회사11,Product Analyst,,인턴,2025-04-26,0.829
J01970,A0201,P0111,회사29,Product Analyst,배달/배송,신입,2025-04-26,0.529
J02342,A0241,P0236,회사26,BA (Business Analyst),리테일,신입,2025-04-26,0.855
J02670,A0278,P0095,회사25,Product Analyst,물류,계약직,2025-04-26,0.531
J00145,A0016,P0214,회사22,BA (Business Analyst),,계약직,2025-04-26,0.865
J01940,A0196,P0147,회사20,BA (Business Analyst),게임,전환형 인턴,2025-04-26,0.642
J04439,A0464,P0079,회사08,Growth Analyst,게임,신입,2025-04-26,0.99
J02607,A0272,P0041,회사33,Product Analyst,헬스케어,경력,2025-04-26,0.488
J01138,A0117,P0192,회사30,Growth Analyst,헬스케어,신입,2025-04-26,0.679
J00420,A0045,P0234,회사29,Product Analyst,,인턴,2025-04-27,0.741
J03887,A0403,P0034,회사05,BA (Business Analyst),리테일,인턴,2025-04-27,0.835
J00900,A0093,P0031,회사27,BI Engineer,물류,신입,2025-04-27,0.355
J00284,A0032,P0139,회사28,Growth Analyst,교육,경력,2025-04-27,0.29
J02535,A0264,P0087,회사03,Product Analyst,헬스케어,신입,2025-04-27,0.516
J04085,A0424,P0074,회사20,BI Engineer,배달/배송,신입,2025-04-27,0.354
J03361,A0351,P0009,회사20,BA (Business Analyst),물류,경력,2025-04-27,0.61
J01345,A0137,P0135,회사20,Product Analyst,,인턴,2025-04-27,0.457
J03868,A0401,P0090,회사15,DA (Data Analyst),모바일·APP,신입,2025-04-27,0.044
J03918,A0408,P0180,회사17,DA (Data Analyst),,계약직,2025-04-27,0.872
J03781,A0391,P0080,회사19,Growth Analyst,게임,경력,2025-04-27,0.846
J02875,A0298,P0182,회사12,Data Scientist,금융,인턴,2025-04-27,0.339
J01582,A0158,P0105,회사31,Product Analyst,모바일·APP,경력,2025-04-28,0.28
J02725,A0284,P0165,회사16,Data Scientist,물류,신입,2025-04-28,0.262
J02313,A0238,P0047,회사22,BI Engineer,금융,경력,2025-04-28,0.572
J01835,A0184,P0190,회사31,Growth Analyst,,전환형 인턴,2025-04-28,0.774
J02452,A0251,P0039,회사23,Product Analyst,모바일·APP,인턴,2025-04-28,0.167
J00152,A0017,P0167,회사12,DA (Data Analyst),리테일,신입,2025-04-28,0.375
J02129,A0218,P0147,회사20,BA (Business Analyst),게임,전환형 인턴,2025-04-28,0.884
J04787,A0499,P0206,회사21,BI Engineer,,경력,2025-04-28,0.589
J03531,A0368,P0099,회사26,BA (Business Analyst),물류,경력,2025-04-28,0.99
J00047,A0006,P0087,회사03,Product Analyst,헬스케어,신입,2025-04-28,0.553
J01292,A0132,P0001,회사22,Product Analyst,물류,신입,2025-04-28,0.885
J00026,A0005,P0030,회사13,DA (Data Analyst),배달/배송,신입,2025-04-28,0.781
J01012,A0107,P0003,회사28,BA (Business Analyst),교육,전환형 인턴,2025-04-28,0.442
J01187,A0122,P0150,회사04,Growth Analyst,배달/배송,경력,2025-04-28,0.287
J04101,A0426,P0021,회사14,BI Engineer,경영 컨설팅,신입,2025-04-28,0.02
J00218,A0023,P0049,회사30,DA (Data Analyst),물류,계약직,2025-04-28,0.683
J01615,A0161,P0075,회사10,Product Analyst,교육,신입,2025-04-28,0.653
J02372,A0244,P0084,회사20,Product Analyst,,경력,2025-04-29,0.384
J04155,A0433,P0022,회사29,Data Scientist,,신입,2025-04-29,0.501
J04016,A0415,P0166,회사24,Growth Analyst,헬스케어,신입,2025-04-29,0.222
J03549,A0370,P0212,회사25,BI Engineer,모바일·APP,신입,2025-04-29,0.725
J01058,A0109,P0091,회사11,Data Scientist,금융,신입,2025-04-29,0.385
J01803,A0180,P0189,회사12,Product Analyst,미디어,신입,2025-04-29,0.784
J01765,A0175,P0155,회사19,Product Analyst,모바일·APP,신입,2025-04-29,0.48
J00062,A0008,P0036,회사31,DA (Data Analyst),,경력,2025-04-29,0.406
J01100,A0113,P0233,회사18,BA (Business Analyst),게임,신입,2025-04-29,0.763
J03168,A0329,P0026,회사26,DA (Data Analyst),금융,신입,2025-04-29,0.723
J04059,A0421,P0060,회사23,BI Engineer,물류,신입,2025-04-30,0.539
J03814,A0394,P0078,회사19,Product Analyst,,경력,2025-04-30,0.744
J03706,A0383,P0169,회사14,Data Scientist,리테일,경력,2025-04-30,0.391
J00146,A0016,P0191,회사22,BI Engineer,,신입,2025-04-30,0.732
J04007,A0414,P0149,회사13,DA (Data Analyst),리테일,계약직,2025-04-30,0.519
J01417,A0141,P0168,회사26,Data Scientist,미디어,경력,2025-04-30,0.267
J04700,A0490,P0085,회사26,DA (Data Analyst),물류,경력,2025-04-30,0.598
J00355,A0038,P0182,회사12,Data Scientist,금융,인턴,2025-04-30,0.362
J02440,A0250,P0110,회사30,Product Analyst,배달/배송,신입,2025-04-30,0.21
J04440,A0464,P0076,회사24,DA (Data Analyst),헬스케어,신입,2025-04-30,0.95
J04913,A0514,P0173,회사33,DA (Data Analyst),배달/배송,계약직,2025-04-30,0.482
J03578,A0372,P0206,회사21,BI Engineer,,경력,2025-04-30,0.02
J02410,A0248,P0161,회사21,DA (Data Analyst),리테일,신입,2025-04-30,0.779
J04940,A0518,P0087,회사03,Product Analyst,헬스케어,신입,2025-04-30,0.796
J01631,A0162,P0008,회사12,BA (Business Analyst),게임,신입,2025-04-30,0.539
J01736,A0172,P0044,회사22,BI Engineer,경영 컨설팅,계약직,2025-04-30,0.635
J03695,A0382,P0060,회사23,BI Engineer,물류,신입,2025-04-30,0.634
J02286,A0235,P0186,회사17,Product Analyst,헬스케어,신입,2025-05-01,0.234
J01268,A0131,P0128,회사26,Data Scientist,게임,경력,2025-05-01,0.394
J02011,A0207,P0111,회사29,Product Analyst,배달/배송,신입,2025-05-01,0.533
J02812,A0293,P0068,회사24,BI Engineer,리테일,계약직,2025-05-01,0.288
J04248,A0442,P0034,회사05,BA (Business Analyst),리테일,인턴,2025-05-01,0.484
J02976,A0310,P0237,회사23,Data Scientist,경영 컨설팅,신입,2025-05-01,0.151
J03966,A0412,P0240,회사11,Data Scientist,교육,신입,2025-05-01,0.261
J02565,A0267,P0049,회사30,DA (Data Analyst),물류,계약직,2025-05-01,0.413
J03130,A0326,P0208,회사19,DA (Data Analyst),금융,전환형 인턴,2025-05-01,0.578
J01179,A0121,P0108,회사14,BA (Business Analyst),교육,경력,2025-05-01,0.02
J02937,A0305,P0218,회사15,DA (Data Analyst),미디어,신입,2025-05-01,0.02
J04572,A0476,P0189,회사12,Product Analyst,미디어,신입,2025-05-01,0.368
J01130,A0116,P0165,회사16,Data Scientist,물류,신입,2025-05-01,0.02
J03464,A0362,P0102,회사24,BI Engineer,리테일,전환형 인턴,2025-05-01,0.716
J03431,A0359,P0099,회사26,BA (Business Analyst),물류,경력,2025-05-01,0.805
J02187,A0225,P0066,회사11,Product Analyst,게임,경력,2025-05-01,0.99
J02608,A0272,P0083,회사22,BI Engineer,배달/배송,경력,2025-05-01,0.589
J03431,A0359,P0099,회사26,BA (Business Analyst),물류,경력,2025-05-01,0.805
J04294,A0447,P0211,회사11,Product Analyst,경영 컨설팅,경력,2025-05-01,0.437
J00525,A0054,P0159,회사17,Data Scientist,경영 컨설팅,신입,2025-05-02,0.504
J01378,A0138,P0165,회사16,Data Scientist,물류,신입,2025-05-02,0.678
J04876,A0510,P0102,회사24,BI Engineer,리테일,전환형 인턴,2025-05-02,0.594
J04531,A0471,P0084,회사20,Product Analyst,,경력,2025-05-02,0.446
J02671,A0278,P0179,회사26,Product Analyst,금융,계약직,2025-05-02,0.529
J02768,A0289,P0058,회사26,BA (Business Analyst),경영 컨설팅,계약직,2025-05-02,0.83
J02384,A0246,P0179,회사26,Product Analyst,금융,계약직,2025-05-02,0.729
J00219,A0023,P0190,회사31,Growth Analyst,,전환형 인턴,2025-05-02,0.577
J02837,A0295,P0232,회사17,BI Engineer,물류,신입,2025-05-02,0.595
J03619,A0376,P0022,회사29,Data Scientist,,신입,2025-05-03,0.546
J02264,A0233,P0076,회사24,DA (Data Analyst),헬스케어,신입,2025-05-03,0.912
J03244,A0339,P0098,회사11,Data Scientist,게임,신입,2025-05-03,0.328
J00505,A0052,P0154,회사34,BA (Business Analyst),미디어,경력,2025-05-03,0.651
J00285,A0032,P0231,회사19,Product Analyst,금융,전환형 인턴,2025-05-03,0.545
J03686,A0381,P0193,회사23,BA (Business Analyst),게임,인턴,2025-05-03,0.217
J00834,A0088,P0092,회사25,Product Analyst,헬스케어,전환형 인턴,2025-05-03,0.758
J01892,A0192,P0194,회사32,BI Engineer,금융,신입,2025-05-03,0.545
J02302,A0237,P0149,회사13,DA (Data Analyst),리테일,계약직,2025-05-03,0.787
J01304,A0134,P0128,회사26,Data Scientist,게임,경력,2025-05-03,0.728
J02373,A0244,P0134,회사23,Growth Analyst,배달/배송,전환형 인턴,2025-05-04,0.276
J03557,A0371,P0214,회사22,BA (Business Analyst),,계약직,2025-05-04,0.51
J03579,A0372,P0192,회사30,Growth Analyst,헬스케어,신입,2025-05-04,0.078
J03919,A0408,P0058,회사26,BA (Business Analyst),경영 컨설팅,계약직,2025-05-04,0.652
J00702,A0075,P0205,회사17,Product Analyst,게임,경력,2025-05-04,0.367
J04134,A0430,P0238,회사25,BI Engineer,금융,전환형 인턴,2025-05-04,0.267
J03493,A0365,P0131,회사24,BI Engineer,미디어,경력,2025-05-04,0.229
J02139,A0219,P0158,회사07,BA (Business Analyst),금융,신입,2025-05-04,0.561
J04232,A0441,P0221,회사32,Growth Analyst,교육,계약직,2025-05-04,0.435
J00332,A0037,P0157,회사17,Growth Analyst,모바일·APP,전환형 인턴,2025-05-04,0.608
J00379,A0040,P0046,회사25,Growth Analyst,미디어,전환형 인턴,2025-05-04,0.367
J03028,A0316,P0128,회사26,Data Scientist,게임,경력,2025-05-04,0.581
J01881,A0190,P0071,회사33,Growth Analyst,,신입,2025-05-04,0.504
J00258,A0029,P0204,회사31,DA (Data Analyst),교육,인턴,2025-05-04,0.526
J02935,A0304,P0155,회사19,Product Analyst,모바일·APP,신입,2025-05-04,0.664
J04410,A0460,P0124,회사18,DA (Data Analyst),,경력,2025-05-04,0.02
J04156,A0433,P0004,회사19,BA (Business Analyst),교육,신입,2025-05-04,0.645
J00063,A0008,P0001,회사22,Product Analyst,물류,신입,2025-05-04,0.249
J00167,A0020,P0191,회사22,BI Engineer,,신입,2025-05-04,0.388
J02012,A0207,P0066,회사11,Product Analyst,게임,경력,2025-05-05,0.632
J04914,A0514,P0040,회사30,BA (Business Analyst),,신입,2025-05-05,0.494
J02287,A0235,P0006,회사24,Growth Analyst,물류,신입,2025-05-05,0.561
J03869,A0401,P0034,회사05,BA (Business Analyst),리테일,인턴,2025-05-05,0.109
J01188,A0122,P0188,회사09,BI Engineer,교육,신입,2025-05-05,0.129
J02411,A0248,P0062,회사21,Data Scientist,경영 컨설팅,경력,2025-05-05,0.845
J03169,A0329,P0001,회사22,Product Analyst,물류,신입,2025-05-05,0.657
J03086,A0321,P0021,회사14,BI Engineer,경영 컨설팅,신입,2025-05-05,0.574
J02536,A0264,P0020,회사21,Data Scientist,리테일,인턴,2025-05-05,0.685
J02441,A0250,P0167,회사12,DA (Data Analyst),리테일,신입,2025-05-05,0.33
J04441,A0464,P0082,회사27,DA (Data Analyst),헬스케어,경력,2025-05-05,0.977
J04505,A0469,P0012,회사16,Growth Analyst,금융,경력,2025-05-05,0.421
J03888,A0403,P0239,회사28,Product Analyst,모바일·APP,계약직,2025-05-05,0.711
J02130,A0218,P0162,회사19,DA (Data Analyst),리테일,신입,2025-05-05,0.32
J01131,A0116,P0079,회사08,Growth Analyst,게임,신입,2025-05-05,0.453
J03696,A0382,P0044,회사22,BI Engineer,경영 컨설팅,계약직,2025-05-05,0.561
J02094,A0214,P0022,회사29,Data Scientist,,신입,2025-05-05,0.829
J01917,A0194,P0097,회사23,Growth Analyst,모바일·APP,신입,2025-05-05,0.267
J01632,A0162,P0056,회사20,Growth Analyst,물류,인턴,2025-05-05,0.49
J04397,A0459,P0031,회사27,BI Engineer,물류,신입,2025-05-05,0.576
J00371,A0039,P0076,회사24,DA (Data Analyst),헬스케어,신입,2025-05-05,0.443
J04615,A0482,P0166,회사24,Growth Analyst,헬스케어,신입,2025-05-05,0.75
J03707,A0383,P0067,회사25,BA (Business Analyst),미디어,전환형 인턴,2025-05-06,0.559
J01180,A0121,P0066,회사11,Product Analyst,게임,경력,2025-05-06,0.99
J02977,A0310,P0211,회사11,Product Analyst,경영 컨설팅,경력,2025-05-06,0.613
J03521,A0367,P0056,회사20,Growth Analyst,물류,인턴,2025-05-06,0.819
J00027,A0005,P0090,회사15,DA (Data Analyst),모바일·APP,신입,2025-05-06,0.544
J03465,A0362,P0181,회사12,BA (Business Analyst),,신입,2025-05-06,0.235
J00668,A0069,P0108,회사14,BA (Business Analyst),교육,경력,2025-05-06,0.964
J01514,A0149,P0153,회사23,BA (Business Analyst),교육,경력,2025-05-06,0.401
J00962,A0098,P0004,회사19,BA (Business Analyst),교육,신입,2025-05-06,0.664
J00609,A0064,P0118,회사20,BI Engineer,미디어,전환형 인턴,2025-05-06,0.415
J02232,A0229,P0051,회사28,Data Scientist,물류,신입,2025-05-06,0.594
J00077,A0009,P0074,회사20,BI Engineer,배달/배송,신입,2025-05-06,0.346
J04594,A0479,P0210,회사26,Growth Analyst,,신입,2025-05-06,0.1
J00901,A0093,P0063,회사13,DA (Data Analyst),게임,신입,2025-05-06,0.717
J02314,A0238,P0011,회사27,Product Analyst,,신입,2025-05-06,0.693
J03734,A0386,P0133,회사13,Data Scientist,헬스케어,신입,2025-05-06,0.733
J03012,A0314,P0189,회사12,Product Analyst,미디어,신입,2025-05-06,0.842
J02838,A0295,P0222,회사17,Product Analyst,,경력,2025-05-07,0.799
J01101,A0113,P0100,회사34,BI Engineer,헬스케어,계약직,2025-05-07,0.554
J01755,A0174,P0208,회사19,DA (Data Analyst),금융,전환형 인턴,2025-05-07,0.603
J01755,A0174,P0208,회사19,DA (Data Analyst),금융,전환형 인턴,2025-05-07,0.603
J02385,A0246,P0090,회사15,DA (Data Analyst),모바일·APP,신입,2025-05-07,0.743
J03782,A0391,P0096,회사27,BI Engineer,,신입,2025-05-07,0.492
J00480,A0050,P0006,회사24,Growth Analyst,물류,신입,2025-05-07,0.027
J04060,A0421,P0211,회사11,Product Analyst,경영 컨설팅,경력,2025-05-07,0.512
J01379,A0138,P0045,회사11,Product Analyst,경영 컨설팅,인턴,2025-05-07,0.418
J03815,A0394,P0122,회사21,Product Analyst,,전환형 인턴,2025-05-07,0.332
J00970,A0100,P0231,회사19,Product Analyst,금융,전환형 인턴,2025-05-07,0.333
J01013,A0107,P0050,회사14,BA (Business Analyst),미디어,신입,2025-05-07,0.589
J04941,A0518,P0213,회사19,BI Engineer,물류,신입,2025-05-07,0.99
J02188,A0225,P0055,회사30,BA (Business Analyst),리테일,경력,2025-05-07,0.824
J00449,A0047,P0192,회사30,Growth Analyst,헬스케어,신입,2025-05-07,0.919
J03131,A0326,P0034,회사05,BA (Business Analyst),리테일,인턴,2025-05-07,0.605
J03383,A0353,P0215,회사28,BA (Business Analyst),물류,전환형 인턴,2025-05-07,0.688
J04490,A0468,P0085,회사26,DA (Data Analyst),물류,경력,2025-05-08,0.474
J03432,A0359,P0133,회사13,Data Scientist,헬스케어,신입,2025-05-08,0.791
J02909,A0301,P0084,회사20,Product Analyst,,경력,2025-05-08,0.577
J00526,A0054,P0124,회사18,DA (Data Analyst),,경력,2025-05-08,0.685
J00548,A0057,P0069,회사34,BI Engineer,리테일,계약직,2025-05-08,0.055
J03620,A0376,P0049,회사30,DA (Data Analyst),물류,계약직,2025-05-08,0.454
J04157,A0433,P0053,회사31,BA (Business Analyst),헬스케어,경력,2025-05-08,0.663
J04877,A0510,P0187,회사19,BI Engineer,금융,경력,2025-05-08,0.649
J03967,A0412,P0020,회사21,Data Scientist,리테일,인턴,2025-05-08,0.588
J03170,A0329,P0165,회사16,Data Scientist,물류,신입,2025-05-09,0.65
J01836,A0184,P0113,회사11,Data Scientist,배달/배송,전환형 인턴,2025-05-09,0.953
J01941,A0196,P0118,회사20,BI Engineer,미디어,전환형 인턴,2025-05-09,0.466
J00703,A0075,P0128,회사26,Data Scientist,게임,경력,2025-05-09,0.114
J01633,A0162,P0002,회사20,Product Analyst,게임,신입,2025-05-09,0.405
J01971,A0201,P0004,회사19,BA (Business Analyst),교육,신입,2025-05-09,0.512
J02537,A0264,P0067,회사25,BA (Business Analyst),미디어,전환형 인턴,2025-05-09,0.252
J00799,A0084,P0121,회사13,Growth Analyst,금융,신입,2025-05-09,0.99
J03697,A0382,P0146,회사21,Product Analyst,게임,경력,2025-05-09,0.301
J02374,A0244,P0017,회사20,BA (Business Analyst),헬스케어,신입,2025-05-09,0.492
J04331,A0453,P0223,회사13,Growth Analyst,미디어,경력,2025-05-09,0.469
J04233,A0441,P0021,회사14,BI Engineer,경영 컨설팅,신입,2025-05-09,0.533
J01293,A0132,P0079,회사08,Growth Analyst,게임,신입,2025-05-09,0.804
J02303,A0237,P0051,회사28,Data Scientist,물류,신입,2025-05-09,0.99
J01264,A0130,P0110,회사30,Product Analyst,배달/배송,신입,2025-05-09,0.561
J00506,A0052,P0125,회사32,DA (Data Analyst),게임,신입,2025-05-09,0.571
J02177,A0223,P0089,회사19,DA (Data Analyst),모바일·APP,신입,2025-05-09,0.095
J03920,A0408,P0023,회사11,Growth Analyst,헬스케어,신입,2025-05-09,0.369
J04340,A0454,P0029,회사18,Product Analyst,게임,신입,2025-05-09,0.63
J04102,A0426,P0157,회사17,Growth Analyst,모바일·APP,전환형 인턴,2025-05-10,0.02
J00147,A0016,P0208,회사19,DA (Data Analyst),금융,전환형 인턴,2025-05-10,0.604
J02543,A0265,P0188,회사09,BI Engineer,교육,신입,2025-05-10,0.803
J01181,A0121,P0149,회사13,DA (Data Analyst),리테일,계약직,2025-05-10,0.604
J00610,A0064,P0043,회사12,BI Engineer,리테일,인턴,2025-05-10,0.174
J02876,A0298,P0202,회사16,Product Analyst,경영 컨설팅,신입,2025-05-10,0.143
J00318,A0034,P0033,회사14,BA (Business Analyst),금융,전환형 인턴,2025-05-10,0.537
J00539,A0056,P0097,회사23,Growth Analyst,모바일·APP,신입,2025-05-10,0.419
J03708,A0383,P0059,회사23,Product Analyst,물류,신입,2025-05-10,0.673
J04398,A0459,P0170,회사26,Growth Analyst,게임,경력,2025-05-10,0.424
J00356,A0038,P0088,회사01,Product Analyst,경영 컨설팅,신입,2025-05-10,0.485
J00087,A0011,P0001,회사22,Product Analyst,물류,신입,2025-05-10,0.579
J04595,A0479,P0096,회사27,BI Engineer,,신입,2025-05-10,0.119
J03558,A0371,P0049,회사30,DA (Data Analyst),물류,계약직,2025-05-10,0.576
J02726,A0284,P0204,회사31,DA (Data Analyst),교육,인턴,2025-05-11,0.02
J00637,A0067,P0061,회사11,Growth Analyst,게임,신입,2025-05-11,0.34
J04757,A0495,P0145,회사28,Growth Analyst,,신입,2025-05-11,0.848
J00153,A0017,P0154,회사34,BA (Business Analyst),미디어,경력,2025-05-11,0.158
J02978,A0310,P0052,회사12,Data Scientist,교육,인턴,2025-05-11,0.489
J00481,A0050,P0014,회사34,BI Engineer,금융,신입,2025-05-11,0.02
J03923,A0409,P0038,회사11,Product Analyst,,신입,2025-05-11,0.684
J00191,A0022,P0158,회사07,BA (Business Analyst),금융,신입,2025-05-11,0.461
J02189,A0225,P0170,회사26,Growth Analyst,게임,경력,2025-05-11,0.856
J02672,A0278,P0008,회사12,BA (Business Analyst),게임,신입,2025-05-11,0.58
J02189,A0225,P0170,회사26,Growth Analyst,게임,경력,2025-05-11,0.856
J03193,A0333,P0072,회사32,DA (Data Analyst),교육,인턴,2025-05-11,0.02
J03687,A0381,P0005,회사11,Growth Analyst,,경력,2025-05-11,0.32
J02343,A0241,P0112,회사31,BI Engineer,경영 컨설팅,경력,2025-05-11,0.483
J03362,A0351,P0138,회사11,BI Engineer,물류,신입,2025-05-11,0.516
J04701,A0490,P0106,회사16,Data Scientist,물류,신입,2025-05-11,0.607
J00421,A0045,P0031,회사27,BI Engineer,물류,신입,2025-05-11,0.961
J03532,A0368,P0022,회사29,Data Scientist,,신입,2025-05-12,0.972
J01305,A0134,P0138,회사11,BI Engineer,물류,신입,2025-05-12,0.928
J01616,A0161,P0148,회사11,DA (Data Analyst),배달/배송,인턴,2025-05-12,0.798
J01804,A0180,P0144,회사12,BA (Business Analyst),배달/배송,계약직,2025-05-12,0.99
J03821,A0395,P0198,회사22,BA (Business Analyst),게임,계약직,2025-05-12,0.413
J04942,A0518,P0054,회사11,Growth Analyst,물류,인턴,2025-05-12,0.94
J03799,A0393,P0188,회사09,BI Engineer,교육,신입,2025-05-12,0.163
J02938,A0305,P0155,회사19,Product Analyst,모바일·APP,신입,2025-05-12,0.02
J00333,A0037,P0171,회사31,Product Analyst,경영 컨설팅,계약직,2025-05-12,0.701
J01918,A0194,P0074,회사20,BI Engineer,배달/배송,신입,2025-05-12,0.353
J04008,A0414,P0164,회사31,DA (Data Analyst),금융,경력,2025-05-12,0.02
J00527,A0054,P0236,회사26,BA (Business Analyst),리테일,신입,2025-05-12,0.387
J02453,A0251,P0227,회사02,Data Scientist,게임,신입,2025-05-12,0.034
J02131,A0218,P0150,회사04,Growth Analyst,배달/배송,경력,2025-05-12,0.594
J02453,A0251,P0227,회사02,Data Scientist,게임,신입,2025-05-12,0.034
J04086,A0424,P0155,회사19,Product Analyst,모바일·APP,신입,2025-05-12,0.449
J03889,A0403,P0120,회사26,DA (Data Analyst),게임,신입,2025-05-13,0.789
J02910,A0301,P0084,회사20,Product Analyst,,경력,2025-05-13,0.955
J04249,A0442,P0209,회사19,BA (Business Analyst),금융,신입,2025-05-13,0.765
J04116,A0429,P0197,회사12,Data Scientist,리테일,신입,2025-05-13,0.354
J01837,A0184,P0041,회사33,Product Analyst,헬스케어,경력,2025-05-13,0.858
J02265,A0233,P0097,회사23,Growth Analyst,모바일·APP,신입,2025-05-13,0.5
J04788,A0499,P0015,회사11,Data Scientist,모바일·APP,신입,2025-05-13,0.99
J04442,A0464,P0027,회사15,DA (Data Analyst),물류,신입,2025-05-13,0.955
J01737,A0172,P0008,회사12,BA (Business Analyst),게임,신입,2025-05-13,0.594
J00800,A0084,P0064,회사27,Growth Analyst,헬스케어,경력,2025-05-13,0.99
J01346,A0137,P0040,회사30,BA (Business Analyst),,신입,2025-05-13,0.604
J02095,A0214,P0200,회사27,DA (Data Analyst),금융,신입,2025-05-14,0.627
J00259,A0029,P0112,회사31,BI Engineer,경영 컨설팅,경력,2025-05-14,0.372
J01059,A0109,P0035,회사19,Data Scientist,물류,인턴,2025-05-14,0.538
J03466,A0362,P0096,회사27,BI Engineer,,신입,2025-05-14,0.479
J01035,A0108,P0170,회사26,Growth Analyst,게임,경력,2025-05-14,0.544
J01583,A0158,P0044,회사22,BI Engineer,경영 컨설팅,계약직,2025-05-14,0.101
J00549,A0057,P0006,회사24,Growth Analyst,물류,신입,2025-05-14,0.249
J00565,A0060,P0023,회사11,Growth Analyst,헬스케어,신입,2025-05-14,0.053
J00048,A0006,P0013,회사16,Growth Analyst,헬스케어,전환형 인턴,2025-05-14,0.83
J00835,A0088,P0172,회사26,BI Engineer,경영 컨설팅,경력,2025-05-14,0.497
J00286,A0032,P0202,회사16,Product Analyst,경영 컨설팅,신입,2025-05-14,0.117
J01239,A0128,P0204,회사31,DA (Data Analyst),교육,인턴,2025-05-14,0.79
J04061,A0421,P0114,회사27,Growth Analyst,모바일·APP,전환형 인턴,2025-05-14,0.222
J02412,A0248,P0178,회사21,Data Scientist,물류,계약직,2025-05-14,0.897
J03550,A0370,P0027,회사15,DA (Data Analyst),물류,신입,2025-05-14,0.693
J02813,A0293,P0171,회사31,Product Analyst,경영 컨설팅,계약직,2025-05-14,0.057
J03245,A0339,P0209,회사19,BA (Business Analyst),금융,신입,2025-05-15,0.698
J00450,A0047,P0213,회사19,BI Engineer,물류,신입,2025-05-15,0.525
J02288,A0235,P0078,회사19,Product Analyst,,경력,2025-05-15,0.472
J03433,A0359,P0180,회사17,DA (Data Analyst),,계약직,2025-05-15,0.326
J02769,A0289,P0008,회사12,BA (Business Analyst),게임,신입,2025-05-15,0.671
J00020,A0004,P0159,회사17,Data Scientist,경영 컨설팅,신입,2025-05-15,0.522
J03924,A0409,P0201,회사33,BA (Business Analyst),물류,경력,2025-05-15,0.771
J03870,A0401,P0018,회사24,BI Engineer,리테일,계약직,2025-05-15,0.34
J00540,A0056,P0130,회사13,Product Analyst,물류,전환형 인턴,2025-05-15,0.72
J01766,A0175,P0239,회사28,Product Analyst,모바일·APP,계약직,2025-05-15,0.802
J02013,A0207,P0239,회사28,Product Analyst,모바일·APP,계약직,2025-05-16,0.879
J03908,A0407,P0112,회사31,BI Engineer,경영 컨설팅,경력,2025-05-16,0.639
J00963,A0098,P0033,회사14,BA (Business Analyst),금융,전환형 인턴,2025-05-16,0.271
J02566,A0267,P0230,회사13,DA (Data Analyst),물류,경력,2025-05-16,0.182
J01882,A0190,P0238,회사25,BI Engineer,금융,전환형 인턴,2025-05-16,0.41
J01418,A0141,P0157,회사17,Growth Analyst,모바일·APP,전환형 인턴,2025-05-16,0.494
J03029,A0316,P0192,회사30,Growth Analyst,헬스케어,신입,2025-05-16,0.683
J01561,A0156,P0124,회사18,DA (Data Analyst),,경력,2025-05-16,0.34
J03621,A0376,P0017,회사20,BA (Business Analyst),헬스케어,신입,2025-05-16,0.34
J04506,A0469,P0161,회사21,DA (Data Analyst),리테일,신입,2025-05-16,0.458
J02442,A0250,P0224,회사16,Growth Analyst,,신입,2025-05-16,0.568
J04878,A0510,P0169,회사14,Data Scientist,리테일,경력,2025-05-16,0.278
J00078,A0009,P0139,회사28,Growth Analyst,교육,경력,2025-05-16,0.27
J00168,A0020,P0216,회사17,BA (Business Analyst),모바일·APP,경력,2025-05-16,0.464
J00669,A0069,P0065,회사21,BI Engineer,모바일·APP,계약직,2025-05-16,0.364
J02839,A0295,P0004,회사19,BA (Business Analyst),교육,신입,2025-05-16,0.546
J01269,A0131,P0090,회사15,DA (Data Analyst),모바일·APP,신입,2025-05-16,0.265
J00902,A0093,P0235,회사12,Product Analyst,헬스케어,인턴,2025-05-16,0.716
J00638,A0067,P0076,회사24,DA (Data Analyst),헬스케어,신입,2025-05-17,0.307
J00154,A0017,P0002,회사20,Product Analyst,게임,신입,2025-05-17,0.186
J02877,A0298,P0022,회사29,Data Scientist,,신입,2025-05-17,0.42
J01634,A0162,P0190,회사31,Growth Analyst,,전환형 인턴,2025-05-17,0.765
J04443,A0464,P0083,회사22,BI Engineer,배달/배송,경력,2025-05-17,0.99
J02544,A0265,P0233,회사18,BA (Business Analyst),게임,신입,2025-05-17,0.509
J01014,A0107,P0239,회사28,Product Analyst,모바일·APP,계약직,2025-05-17,0.614
J03880,A0402,P0182,회사12,Data Scientist,금융,인턴,2025-05-17,0.421
J02538,A0264,P0160,회사14,Data Scientist,배달/배송,전환형 인턴,2025-05-17,0.791
J03384,A0353,P0185,회사11,DA (Data Analyst),물류,전환형 인턴,2025-05-17,0.57
J02936,A0304,P0051,회사28,Data Scientist,물류,신입,2025-05-17,0.761
J00192,A0022,P0139,회사28,Growth Analyst,교육,경력,2025-05-17,0.378
J02178,A0223,P0168,회사26,Data Scientist,미디어,경력,2025-05-17,0.252
J03783,A0391,P0004,회사19,BA (Business Analyst),교육,신입,2025-05-17,0.488
J02609,A0272,P0210,회사26,Growth Analyst,,신입,2025-05-17,0.619
J03013,A0314,P0195,회사28,Product Analyst,물류,신입,2025-05-18,0.478
J03709,A0383,P0117,회사19,BI Engineer,,신입,2025-05-18,0.691
J01972,A0201,P0227,회사02,Data Scientist,게임,신입,2025-05-18,0.822
J03551,A0370,P0051,회사28,Data Scientist,물류,신입,2025-05-18,0.58
J04250,A0442,P0233,회사18,BA (Business Analyst),게임,신입,2025-05-18,0.63
J01102,A0113,P0159,회사17,Data Scientist,경영 컨설팅,신입,2025-05-18,0.766
J03921,A0408,P0047,회사22,BI Engineer,금융,경력,2025-05-18,0.5
J00487,A0051,P0072,회사32,DA (Data Analyst),교육,인턴,2025-05-18,0.885
J01893,A0192,P0027,회사15,DA (Data Analyst),물류,신입,2025-05-18,0.755
J01515,A0149,P0196,회사11,BI Engineer,리테일,계약직,2025-05-18,0.734
J02190,A0225,P0067,회사25,BA (Business Analyst),미디어,전환형 인턴,2025-05-18,0.723
J01189,A0122,P0049,회사30,DA (Data Analyst),물류,계약직,2025-05-18,0.754
J01036,A0108,P0223,회사13,Growth Analyst,미디어,경력,2025-05-18,0.681
J02939,A0305,P0050,회사14,BA (Business Analyst),미디어,신입,2025-05-18,0.047
J04915,A0514,P0084,회사20,Product Analyst,,경력,2025-05-18,0.204
J02959,A0307,P0115,회사31,BA (Business Analyst),경영 컨설팅,전환형 인턴,2025-05-18,0.726
J02304,A0237,P0202,회사16,Product Analyst,경영 컨설팅,신입,2025-05-18,0.913
J03800,A0393,P0074,회사20,BI Engineer,배달/배송,신입,2025-05-19,0.02
J01265,A0130,P0189,회사12,Product Analyst,미디어,신입,2025-05-19,0.29
J04117,A0429,P0071,회사33,Growth Analyst,,신입,2025-05-19,0.399
J02375,A0244,P0186,회사17,Product Analyst,헬스케어,신입,2025-05-19,0.286
J02140,A0219,P0057,회사11,DA (Data Analyst),헬스케어,경력,2025-05-19,0.129
J03363,A0351,P0139,회사28,Growth Analyst,교육,경력,2025-05-19,0.428
J00357,A0038,P0007,회사14,BA (Business Analyst),경영 컨설팅,전환형 인턴,2025-05-19,0.61
J01132,A0116,P0104,회사27,DA (Data Analyst),모바일·APP,신입,2025-05-19,0.308
J01738,A0172,P0075,회사10,Product Analyst,교육,신입,2025-05-19,0.689
J03580,A0372,P0064,회사27,Growth Analyst,헬스케어,경력,2025-05-19,0.371
J03822,A0395,P0182,회사12,Data Scientist,금융,인턴,2025-05-19,0.281
J00049,A0007,P0099,회사26,BA (Business Analyst),물류,경력,2025-05-19,0.276
J04747,A0494,P0226,회사34,Growth Analyst,리테일,전환형 인턴,2025-05-19,0.32
J03522,A0367,P0013,회사16,Growth Analyst,헬스케어,전환형 인턴,2025-05-19,0.815
J00380,A0040,P0019,회사17,Growth Analyst,모바일·APP,인턴,2025-05-19,0.836
J02727,A0284,P0190,회사31,Growth Analyst,,전환형 인턴,2025-05-19,0.46
J03434,A0359,P0052,회사12,Data Scientist,교육,인턴,2025-05-20,0.694
J02840,A0295,P0046,회사25,Growth Analyst,미디어,전환형 인턴,2025-05-20,0.589
J01716,A0171,P0020,회사21,Data Scientist,리테일,인턴,2025-05-20,0.472
J04758,A0495,P0089,회사19,DA (Data Analyst),모바일·APP,신입,2025-05-20,0.913
J00064,A0008,P0093,회사12,DA (Data Analyst),배달/배송,신입,2025-05-20,0.501
J01347,A0137,P0118,회사20,BI Engineer,미디어,전환형 인턴,2025-05-20,0.652
J00148,A0016,P0194,회사32,BI Engineer,금융,신입,2025-05-20,0.662
J04763,A0496,P0233,회사18,BA (Business Analyst),게임,신입,2025-05-20,0.713
J01306,A0134,P0195,회사28,Product Analyst,물류,신입,2025-05-20,0.373
J02979,A0310,P0166,회사24,Growth Analyst,헬스케어,신입,2025-05-20,0.193
J00028,A0005,P0101,회사18,BA (Business Analyst),,신입,2025-05-20,0.402
J04616,A0482,P0040,회사30,BA (Business Analyst),,신입,2025-05-20,0.399
J04341,A0454,P0208,회사19,DA (Data Analyst),금융,전환형 인턴,2025-05-20,0.686
J04009,A0414,P0071,회사33,Growth Analyst,,신입,2025-05-20,0.64
J01550,A0155,P0017,회사20,BA (Business Analyst),헬스케어,신입,2025-05-20,0.246
J01767,A0175,P0165,회사16,Data Scientist,물류,신입,2025-05-20,0.352
J02266,A0233,P0110,회사30,Product Analyst,배달/배송,신입,2025-05-21,0.323
J03871,A0401,P0125,회사32,DA (Data Analyst),게임,신입,2025-05-21,0.513
J03132,A0326,P0222,회사17,Product Analyst,,경력,2025-05-21,0.687
J00704,A0075,P0130,회사13,Product Analyst,물류,전환형 인턴,2025-05-21,0.313
J03087,A0321,P0156,회사22,BA (Business Analyst),헬스케어,계약직,2025-05-21,0.539
J00372,A0039,P0054,회사11,Growth Analyst,물류,인턴,2025-05-21,0.636
J01562,A0156,P0193,회사23,BA (Business Analyst),게임,인턴,2025-05-21,0.789
J01060,A0109,P0119,회사13,Product Analyst,리테일,신입,2025-05-21,0.314
J01805,A0180,P0084,회사20,Product Analyst,,경력,2025-05-21,0.605
J01756,A0174,P0080,회사19,Growth Analyst,게임,경력,2025-05-21,0.47
J03816,A0394,P0220,회사22,DA (Data Analyst),리테일,인턴,2025-05-21,0.9
J02443,A0250,P0013,회사16,Growth Analyst,헬스케어,전환형 인턴,2025-05-21,0.303
J00964,A0098,P0088,회사01,Product Analyst,경영 컨설팅,신입,2025-05-21,0.451
J01805,A0180,P0084,회사20,Product Analyst,,경력,2025-05-21,0.605
J03559,A0371,P0124,회사18,DA (Data Analyst),,경력,2025-05-21,0.38
J02386,A0246,P0077,회사15,BA (Business Analyst),,경력,2025-05-21,0.884
J00193,A0022,P0005,회사11,Growth Analyst,,경력,2025-05-21,0.536
J00088,A0011,P0003,회사28,BA (Business Analyst),교육,전환형 인턴,2025-05-21,0.188
J00801,A0084,P0143,회사23,Product Analyst,교육,인턴,2025-05-22,0.871
J03968,A0412,P0095,회사25,Product Analyst,물류,계약직,2025-05-22,0.36
J03735,A0386,P0077,회사15,BA (Business Analyst),,경력,2025-05-22,0.638
J01270,A0131,P0075,회사10,Product Analyst,교육,신입,2025-05-22,0.439
J04491,A0468,P0005,회사11,Growth Analyst,,경력,2025-05-22,0.374
J03246,A0339,P0036,회사31,DA (Data Analyst),,경력,2025-05-22,0.231
J01584,A0158,P0098,회사11,Data Scientist,게임,신입,2025-05-22,0.462
J01595,A0159,P0022,회사29,Data Scientist,,신입,2025-05-22,0.426
J04087,A0424,P0010,회사14,BA (Business Analyst),배달/배송,경력,2025-05-22,0.704
J00903,A0093,P0233,회사18,BA (Business Analyst),게임,신입,2025-05-22,0.585
J02814,A0293,P0189,회사12,Product Analyst,미디어,신입,2025-05-22,0.439
J01617,A0161,P0117,회사19,BI Engineer,,신입,2025-05-22,0.764
J00541,A0056,P0188,회사09,BI Engineer,교육,신입,2025-05-22,0.351
J01635,A0162,P0037,회사23,BA (Business Analyst),모바일·APP,경력,2025-05-22,0.269
J03922,A0408,P0224,회사16,Growth Analyst,,신입,2025-05-23,0.367
J01675,A0167,P0163,회사29,DA (Data Analyst),모바일·APP,신입,2025-05-23,0.45
J03698,A0382,P0226,회사34,Growth Analyst,리테일,전환형 인턴,2025-05-23,0.383
J02132,A0218,P0035,회사19,Data Scientist,물류,인턴,2025-05-23,0.707
J04234,A0441,P0019,회사17,Growth Analyst,모바일·APP,인턴,2025-05-23,0.02
J03688,A0381,P0039,회사23,Product Analyst,모바일·APP,인턴,2025-05-23,0.492
J02344,A0241,P0142,회사15,BI Engineer,교육,경력,2025-05-23,0.309
J02948,A0306,P0016,회사22,Data Scientist,게임,경력,2025-05-23,0.594
J04399,A0459,P0235,회사12,Product Analyst,헬스케어,인턴,2025-05-23,0.534
J03581,A0372,P0222,회사17,Product Analyst,,경력,2025-05-23,0.035
J00611,A0064,P0176,회사23,DA (Data Analyst),경영 컨설팅,인턴,2025-05-23,0.602
J00971,A0100,P0166,회사24,Growth Analyst,헬스케어,신입,2025-05-23,0.328
J00260,A0029,P0125,회사32,DA (Data Analyst),게임,신입,2025-05-23,0.491
J01103,A0113,P0113,회사11,Data Scientist,배달/배송,전환형 인턴,2025-05-23,0.971
J00550,A0057,P0204,회사31,DA (Data Analyst),교육,인턴,2025-05-24,0.172
J02610,A0272,P0091,회사11,Data Scientist,금융,신입,2025-05-24,0.594
J04444,A0464,P0181,회사12,BA (Business Analyst),,신입,2025-05-24,0.862
J03467,A0362,P0168,회사26,Data Scientist,미디어,경력,2025-05-24,0.248
J03533,A0368,P0016,회사22,Data Scientist,게임,경력,2025-05-24,0.922
J04158,A0433,P0227,회사02,Data Scientist,게임,신입,2025-05-24,0.749
J03622,A0376,P0046,회사25,Growth Analyst,미디어,전환형 인턴,2025-05-24,0.517
J01973,A0201,P0235,회사12,Product Analyst,헬스케어,인턴,2025-05-24,0.78
J01294,A0132,P0170,회사26,Growth Analyst,게임,경력,2025-05-24,0.394
J00334,A0037,P0043,회사12,BI Engineer,리테일,인턴,2025-05-25,0.83
J02841,A0295,P0030,회사13,DA (Data Analyst),배달/배송,신입,2025-05-25,0.411
J04332,A0453,P0075,회사10,Product Analyst,교육,신입,2025-05-25,0.282
J00319,A0034,P0180,회사17,DA (Data Analyst),,계약직,2025-05-25,0.464
J00451,A0047,P0212,회사25,BI Engineer,모바일·APP,신입,2025-05-25,0.275
J03909,A0407,P0094,회사19,BI Engineer,금융,신입,2025-05-25,0.257
J00194,A0022,P0229,회사18,Data Scientist,배달/배송,계약직,2025-05-25,0.353
J01551,A0155,P0180,회사17,DA (Data Analyst),,계약직,2025-05-25,0.241
J00488,A0051,P0190,회사31,Growth Analyst,,전환형 인턴,2025-05-25,0.545
J01240,A0128,P0151,회사11,Data Scientist,게임,신입,2025-05-25,0.751
J00488,A0051,P0190,회사31,Growth Analyst,,전환형 인턴,2025-05-25,0.545
J02413,A0248,P0237,회사23,Data Scientist,경영 컨설팅,신입,2025-05-25,0.27
J03171,A0329,P0158,회사07,BA (Business Analyst),금융,신입,2025-05-25,0.342
J02179,A0223,P0050,회사14,BA (Business Analyst),미디어,신입,2025-05-25,0.02
J00670,A0069,P0116,회사32,BA (Business Analyst),금융,전환형 인턴,2025-05-25,0.649
J04295,A0448,P0174,회사25,BI Engineer,금융,인턴,2025-05-25,0.267
J04764,A0496,P0238,회사25,BI Engineer,금융,전환형 인턴,2025-05-25,0.984
J04103,A0426,P0207,회사12,Growth Analyst,게임,신입,2025-05-25,0.181
J03560,A0371,P0079,회사08,Growth Analyst,게임,신입,2025-05-25,0.622
J02376,A0244,P0044,회사22,BI Engineer,경영 컨설팅,계약직,2025-05-25,0.436
J04062,A0421,P0002,회사20,Product Analyst,게임,신입,2025-05-25,0.524
J02289,A0235,P0095,회사25,Product Analyst,물류,계약직,2025-05-25,0.694
J03014,A0314,P0070,회사29,Growth Analyst,교육,계약직,2025-05-26,0.773
J04596,A0479,P0091,회사11,Data Scientist,금융,신입,2025-05-26,0.324
J03823,A0395,P0179,회사26,Product Analyst,금융,계약직,2025-05-26,0.311
J02096,A0214,P0027,회사15,DA (Data Analyst),물류,신입,2025-05-26,0.916
J04702,A0490,P0076,회사24,DA (Data Analyst),헬스케어,신입,2025-05-26,0.222
J00089,A0011,P0099,회사26,BA (Business Analyst),물류,경력,2025-05-26,0.394
J00373,A0039,P0221,회사32,Growth Analyst,교육,계약직,2025-05-26,0.871
J04789,A0499,P0217,회사34,BA (Business Analyst),미디어,전환형 인턴,2025-05-26,0.703
J04492,A0468,P0137,회사23,Product Analyst,모바일·APP,신입,2025-05-26,0.422
J00422,A0045,P0194,회사32,BI Engineer,금융,신입,2025-05-26,0.99
J02673,A0278,P0140,회사20,Growth Analyst,모바일·APP,경력,2025-05-26,0.552
J02911,A0301,P0106,회사16,Data Scientist,물류,신입,2025-05-26,0.977
J03247,A0339,P0132,회사21,DA (Data Analyst),금융,계약직,2025-05-26,0.906
J01015,A0107,P0183,회사11,Product Analyst,,인턴,2025-05-26,0.301
J03133,A0326,P0212,회사25,BI Engineer,모바일·APP,신입,2025-05-26,0.702
J01348,A0137,P0110,회사30,Product Analyst,배달/배송,신입,2025-05-26,0.214
J00639,A0067,P0146,회사21,Product Analyst,게임,경력,2025-05-27,0.275
J04879,A0510,P0052,회사12,Data Scientist,교육,인턴,2025-05-27,0.35
J02396,A0247,P0101,회사18,BA (Business Analyst),,신입,2025-05-27,0.411
J03890,A0403,P0045,회사11,Product Analyst,경영 컨설팅,인턴,2025-05-27,0.814
J00566,A0060,P0218,회사15,DA (Data Analyst),미디어,신입,2025-05-27,0.668
J00482,A0050,P0016,회사22,Data Scientist,게임,경력,2025-05-27,0.02
J00065,A0008,P0067,회사25,BA (Business Analyst),미디어,전환형 인턴,2025-05-27,0.319
J03552,A0370,P0143,회사23,Product Analyst,교육,인턴,2025-05-27,0.475
J01563,A0156,P0191,회사22,BI Engineer,,신입,2025-05-27,0.095
J01190,A0122,P0069,회사34,BI Engineer,리테일,계약직,2025-05-27,0.708
J00050,A0007,P0009,회사20,BA (Business Analyst),물류,경력,2025-05-27,0.21
J02770,A0289,P0183,회사11,Product Analyst,,인턴,2025-05-27,0.265
J02940,A0305,P0030,회사13,DA (Data Analyst),배달/배송,신입,2025-05-27,0.02
J01585,A0158,P0080,회사19,Growth Analyst,게임,경력,2025-05-27,0.884
J02191,A0225,P0191,회사22,BI Engineer,,신입,2025-05-27,0.901
J01883,A0190,P0030,회사13,DA (Data Analyst),배달/배송,신입,2025-05-27,0.602
J01307,A0134,P0082,회사27,DA (Data Analyst),헬스케어,경력,2025-05-27,0.562
J03385,A0353,P0167,회사12,DA (Data Analyst),리테일,신입,2025-05-27,0.68
J04943,A0518,P0105,회사31,Product Analyst,모바일·APP,경력,2025-05-27,0.569
J02014,A0207,P0108,회사14,BA (Business Analyst),교육,경력,2025-05-28,0.262
J00149,A0016,P0035,회사19,Data Scientist,물류,인턴,2025-05-28,0.702
J02387,A0246,P0192,회사30,Growth Analyst,헬스케어,신입,2025-05-28,0.88
J02539,A0264,P0115,회사31,BA (Business Analyst),경영 컨설팅,전환형 인턴,2025-05-28,0.536
J00287,A0032,P0203,회사17,DA (Data Analyst),물류,경력,2025-05-28,0.779
J00169,A0020,P0020,회사21,Data Scientist,리테일,인턴,2025-05-28,0.492
J00551,A0057,P0016,회사22,Data Scientist,게임,경력,2025-05-28,0.352
J03925,A0409,P0054,회사11,Growth Analyst,물류,인턴,2025-05-28,0.508
J03855,A0399,P0033,회사14,BA (Business Analyst),금융,전환형 인턴,2025-05-29,0.574
J02305,A0237,P0023,회사11,Growth Analyst,헬스케어,신입,2025-05-29,0.756
J00904,A0093,P0089,회사19,DA (Data Analyst),모바일·APP,신입,2025-05-29,0.883
J00802,A0084,P0163,회사29,DA (Data Analyst),모바일·APP,신입,2025-05-29,0.677
J02258,A0232,P0111,회사29,Product Analyst,배달/배송,신입,2025-05-29,0.143
J03945,A0411,P0049,회사30,DA (Data Analyst),물류,계약직,2025-05-29,0.841
J01241,A0128,P0045,회사11,Product Analyst,경영 컨설팅,인턴,2025-05-29,0.99
J00612,A0064,P0231,회사19,Product Analyst,금융,전환형 인턴,2025-05-29,0.409
J00836,A0088,P0128,회사26,Data Scientist,게임,경력,2025-05-29,0.639
J04951,A0520,P0175,회사22,Data Scientist,금융,신입,2025-05-29,0.634
J00021,A0004,P0190,회사31,Growth Analyst,,전환형 인턴,2025-05-29,0.723
J04251,A0442,P0121,회사13,Growth Analyst,금융,신입,2025-05-29,0.649
J01618,A0161,P0223,회사13,Growth Analyst,미디어,경력,2025-05-29,0.557
J04010,A0414,P0190,회사31,Growth Analyst,,전환형 인턴,2025-05-29,0.286
J02428,A0249,P0176,회사23,DA (Data Analyst),경영 컨설팅,인턴,2025-05-29,0.648
J04400,A0459,P0167,회사12,DA (Data Analyst),리테일,신입,2025-05-30,0.851
J03296,A0343,P0076,회사24,DA (Data Analyst),헬스케어,신입,2025-05-30,0.556
J03248,A0339,P0178,회사21,Data Scientist,물류,계약직,2025-05-30,0.362
J04507,A0469,P0043,회사12,BI Engineer,리테일,인턴,2025-05-30,0.389
J02347,A0242,P0106,회사16,Data Scientist,물류,신입,2025-05-30,0.405
J00261,A0029,P0084,회사20,Product Analyst,,경력,2025-05-30,0.735
J02878,A0298,P0002,회사20,Product Analyst,게임,신입,2025-05-30,0.268
J00079,A0009,P0068,회사24,BI Engineer,리테일,계약직,2025-05-30,0.277
J02829,A0294,P0011,회사27,Product Analyst,,신입,2025-05-30,0.188
J04063,A0421,P0200,회사27,DA (Data Analyst),금융,신입,2025-05-30,0.186
J02815,A0293,P0232,회사17,BI Engineer,물류,신입,2025-05-30,0.098
J04919,A0515,P0180,회사17,DA (Data Analyst),,계약직,2025-05-30,0.565
J00671,A0069,P0222,회사17,Product Analyst,,경력,2025-05-30,0.567
J01104,A0113,P0223,회사13,Growth Analyst,미디어,경력,2025-05-30,0.711
J00452,A0047,P0110,회사30,Product Analyst,배달/배송,신입,2025-05-30,0.611
J03969,A0412,P0056,회사20,Growth Analyst,물류,인턴,2025-05-30,0.458
J00242,A0027,P0024,회사11,BI Engineer,게임,전환형 인턴,2025-05-30,0.667
J01037,A0108,P0005,회사11,Growth Analyst,,경력,2025-05-30,0.486
J00029,A0005,P0152,회사17,BA (Business Analyst),물류,경력,2025-05-30,0.817
J04296,A0448,P0095,회사25,Product Analyst,물류,계약직,2025-05-31,0.355
J00358,A0038,P0041,회사33,Product Analyst,헬스케어,경력,2025-05-31,0.548
J01271,A0131,P0020,회사21,Data Scientist,리테일,인턴,2025-05-31,0.549
J03030,A0316,P0238,회사25,BI Engineer,금융,전환형 인턴,2025-05-31,0.73
J01919,A0195,P0236,회사26,BA (Business Analyst),리테일,신입,2025-05-31,0.682
J01676,A0167,P0030,회사13,DA (Data Analyst),배달/배송,신입,2025-05-31,0.609
J02567,A0267,P0095,회사25,Product Analyst,물류,계약직,2025-05-31,0.503
J01596,A0159,P0120,회사26,DA (Data Analyst),게임,신입,2025-05-31,0.478
J03561,A0371,P0011,회사27,Product Analyst,,신입,2025-05-31,0.716
J00381,A0040,P0198,회사22,BA (Business Analyst),게임,계약직,2025-05-31,0.433
J00155,A0017,P0208,회사19,DA (Data Analyst),금융,전환형 인턴,2025-05-31,0.179
J00423,A0045,P0068,회사24,BI Engineer,리테일,계약직,2025-05-31,0.666
J03373,A0352,P0060,회사23,BI Engineer,물류,신입,2025-05-31,0.186
J04317,A0452,P0060,회사23,BI Engineer,물류,신입,2025-05-31,0.541
J03523,A0367,P0175,회사22,Data Scientist,금융,신입,2025-05-31,0.203
J01295,A0132,P0204,회사31,DA (Data Analyst),교육,인턴,2025-05-31,0.642
J04342,A0454,P0035,회사19,Data Scientist,물류,인턴,2025-06-01,0.291
J03784,A0391,P0048,회사12,Growth Analyst,교육,신입,2025-06-01,0.486
J03553,A0370,P0148,회사11,DA (Data Analyst),배달/배송,인턴,2025-06-01,0.925
J03881,A0402,P0038,회사11,Product Analyst,,신입,2025-06-01,0.314
J00162,A0019,P0155,회사19,Product Analyst,모바일·APP,신입,2025-06-01,0.412
J03534,A0368,P0034,회사05,BA (Business Analyst),리테일,인턴,2025-06-01,0.866
J01768,A0175,P0056,회사20,Growth Analyst,물류,인턴,2025-06-01,0.303
J01564,A0156,P0021,회사14,BI Engineer,경영 컨설팅,신입,2025-06-01,0.447
J01636,A0162,P0047,회사22,BI Engineer,금융,경력,2025-06-01,0.331
J03710,A0383,P0115,회사31,BA (Business Analyst),경영 컨설팅,전환형 인턴,2025-06-01,0.356
J04118,A0429,P0153,회사23,BA (Business Analyst),교육,경력,2025-06-01,0.272
J00195,A0022,P0121,회사13,Growth Analyst,금융,신입,2025-06-01,0.343
J02267,A0233,P0040,회사30,BA (Business Analyst),,신입,2025-06-01,0.773
J02960,A0307,P0129,회사17,Growth Analyst,경영 컨설팅,신입,2025-06-01,0.533
J01061,A0109,P0123,회사20,Product Analyst,배달/배송,경력,2025-06-01,0.163
J02629,A0274,P0038,회사11,Product Analyst,,신입,2025-06-01,0.832
J02545,A0265,P0092,회사25,Product Analyst,헬스케어,전환형 인턴,2025-06-01,0.824
J04916,A0514,P0080,회사19,Growth Analyst,게임,경력,2025-06-02,0.332
J00752,A0080,P0031,회사27,BI Engineer,물류,신입,2025-06-02,0.238
J03364,A0351,P0083,회사22,BI Engineer,배달/배송,경력,2025-06-02,0.451
J01757,A0174,P0018,회사24,BI Engineer,리테일,계약직,2025-06-02,0.343
J02414,A0248,P0024,회사11,BI Engineer,게임,전환형 인턴,2025-06-02,0.244
J01717,A0171,P0128,회사26,Data Scientist,게임,경력,2025-06-02,0.799
J03386,A0353,P0016,회사22,Data Scientist,게임,경력,2025-06-02,0.625
J03824,A0395,P0217,회사34,BA (Business Analyst),미디어,전환형 인턴,2025-06-02,0.409
J03699,A0382,P0150,회사04,Growth Analyst,배달/배송,경력,2025-06-02,0.694
J04617,A0482,P0039,회사23,Product Analyst,모바일·APP,인턴,2025-06-02,0.575
J02771,A0289,P0120,회사26,DA (Data Analyst),게임,신입,2025-06-02,0.675
J01516,A0149,P0002,회사20,Product Analyst,게임,신입,2025-06-02,0.417
J02611,A0272,P0038,회사11,Product Analyst,,신입,2025-06-02,0.954
J02141,A0219,P0193,회사23,BA (Business Analyst),게임,인턴,2025-06-02,0.771
J00905,A0093,P0104,회사27,DA (Data Analyst),모바일·APP,신입,2025-06-02,0.592
J03801,A0393,P0209,회사19,BA (Business Analyst),금융,신입,2025-06-02,0.446
J02980,A0310,P0031,회사27,BI Engineer,물류,신입,2025-06-03,0.428
J02290,A0235,P0240,회사11,Data Scientist,교육,신입,2025-06-03,0.199
J00705,A0075,P0112,회사31,BI Engineer,경영 컨설팅,경력,2025-06-03,0.131
J04445,A0464,P0079,회사08,Growth Analyst,게임,신입,2025-06-03,0.457
J04703,A0490,P0101,회사18,BA (Business Analyst),,신입,2025-06-03,0.645
J03297,A0343,P0207,회사12,Growth Analyst,게임,신입,2025-06-03,0.335
J00542,A0056,P0142,회사15,BI Engineer,교육,경력,2025-06-03,0.459
J03689,A0381,P0198,회사22,BA (Business Analyst),게임,계약직,2025-06-03,0.487
J00972,A0100,P0207,회사12,Growth Analyst,게임,신입,2025-06-03,0.513
J03088,A0321,P0002,회사20,Product Analyst,게임,신입,2025-06-03,0.49
J02507,A0261,P0160,회사14,Data Scientist,배달/배송,전환형 인턴,2025-06-03,0.335
J02674,A0278,P0203,회사17,DA (Data Analyst),물류,경력,2025-06-03,0.854
J04759,A0495,P0187,회사19,BI Engineer,금융,경력,2025-06-03,0.99
J04944,A0518,P0064,회사27,Growth Analyst,헬스케어,경력,2025-06-03,0.776
J02444,A0250,P0116,회사32,BA (Business Analyst),금융,전환형 인턴,2025-06-03,0.791
J01349,A0137,P0109,회사32,BA (Business Analyst),배달/배송,전환형 인턴,2025-06-04,0.493
J01524,A0151,P0211,회사11,Product Analyst,경영 컨설팅,경력,2025-06-04,0.271
J02388,A0246,P0078,회사19,Product Analyst,,경력,2025-06-04,0.669
J04307,A0450,P0174,회사25,BI Engineer,금융,인턴,2025-06-04,0.66
J02728,A0284,P0169,회사14,Data Scientist,리테일,경력,2025-06-04,0.459
J04318,A0452,P0041,회사33,Product Analyst,헬스케어,경력,2025-06-04,0.947
J02397,A0247,P0065,회사21,BI Engineer,모바일·APP,계약직,2025-06-04,0.658
J03435,A0359,P0152,회사17,BA (Business Analyst),물류,경력,2025-06-04,0.957
J02816,A0293,P0077,회사15,BA (Business Analyst),,경력,2025-06-04,0.116
J01133,A0116,P0104,회사27,DA (Data Analyst),모바일·APP,신입,2025-06-04,0.492
J04748,A0494,P0099,회사26,BA (Business Analyst),물류,경력,2025-06-04,0.34
J02816,A0293,P0077,회사15,BA (Business Analyst),,경력,2025-06-04,0.116
J01242,A0128,P0154,회사34,BA (Business Analyst),미디어,경력,2025-06-04,0.584
J02133,A0218,P0210,회사26,Growth Analyst,,신입,2025-06-04,0.43
J03623,A0376,P0072,회사32,DA (Data Analyst),교육,인턴,2025-06-04,0.699
J02015,A0207,P0050,회사14,BA (Business Analyst),미디어,신입,2025-06-05,0.247
J00483,A0050,P0185,회사11,DA (Data Analyst),물류,전환형 인턴,2025-06-05,0.09
J00288,A0032,P0167,회사12,DA (Data Analyst),리테일,신입,2025-06-05,0.637
J04898,A0512,P0140,회사20,Growth Analyst,모바일·APP,경력,2025-06-05,0.626
J04343,A0454,P0043,회사12,BI Engineer,리테일,인턴,2025-06-05,0.585
J04377,A0458,P0181,회사12,BA (Business Analyst),,신입,2025-06-05,0.242
J04088,A0424,P0146,회사21,Product Analyst,게임,경력,2025-06-05,0.583
J03031,A0316,P0056,회사20,Growth Analyst,물류,인턴,2025-06-05,0.427
J01771,A0176,P0147,회사20,BA (Business Analyst),게임,전환형 인턴,2025-06-05,0.331
J04809,A0501,P0136,회사12,Growth Analyst,모바일·APP,신입,2025-06-05,0.398
J00613,A0064,P0142,회사15,BI Engineer,교육,경력,2025-06-05,0.244
J03249,A0339,P0067,회사25,BA (Business Analyst),미디어,전환형 인턴,2025-06-05,0.02
J03582,A0372,P0015,회사11,Data Scientist,모바일·APP,신입,2025-06-05,0.02
J03882,A0402,P0141,회사13,BA (Business Analyst),헬스케어,전환형 인턴,2025-06-05,0.626
J01806,A0180,P0223,회사13,Growth Analyst,미디어,경력,2025-06-05,0.99
J02949,A0306,P0059,회사23,Product Analyst,물류,신입,2025-06-05,0.446
J02306,A0237,P0005,회사11,Growth Analyst,,경력,2025-06-05,0.892
J00022,A0004,P0009,회사20,BA (Business Analyst),물류,경력,2025-06-05,0.685
J04493,A0468,P0147,회사20,BA (Business Analyst),게임,전환형 인턴,2025-06-05,0.09
J02429,A0249,P0180,회사17,DA (Data Analyst),,계약직,2025-06-06,0.512
J02941,A0305,P0223,회사13,Growth Analyst,미디어,경력,2025-06-06,0.221
J02568,A0267,P0102,회사24,BI Engineer,리테일,전환형 인턴,2025-06-06,0.474
J03817,A0394,P0208,회사19,DA (Data Analyst),금융,전환형 인턴,2025-06-06,0.571
J00413,A0044,P0148,회사11,DA (Data Analyst),배달/배송,인턴,2025-06-06,0.408
J03872,A0401,P0085,회사26,DA (Data Analyst),물류,경력,2025-06-06,0.789
J03736,A0386,P0070,회사29,Growth Analyst,교육,계약직,2025-06-06,0.401
J03374,A0352,P0219,회사27,Product Analyst,미디어,인턴,2025-06-06,0.191
J02886,A0299,P0146,회사21,Product Analyst,게임,경력,2025-06-06,0.919
J02568,A0267,P0102,회사24,BI Engineer,리테일,전환형 인턴,2025-06-06,0.474
J04298,A0449,P0091,회사11,Data Scientist,금융,신입,2025-06-06,0.579
J03700,A0382,P0084,회사20,Product Analyst,,경력,2025-06-06,0.502
J03970,A0412,P0191,회사22,BI Engineer,,신입,2025-06-06,0.709
J00163,A0019,P0160,회사14,Data Scientist,배달/배송,전환형 인턴,2025-06-07,0.752
J02961,A0307,P0177,회사22,Growth Analyst,경영 컨설팅,경력,2025-06-07,0.202
J01619,A0161,P0202,회사16,Product Analyst,경영 컨설팅,신입,2025-06-07,0.913
J00489,A0051,P0199,회사21,BA (Business Analyst),물류,경력,2025-06-07,0.811
J02192,A0225,P0120,회사26,DA (Data Analyst),게임,신입,2025-06-07,0.99
J01191,A0122,P0041,회사33,Product Analyst,헬스케어,경력,2025-06-07,0.499
J04618,A0482,P0156,회사22,BA (Business Analyst),헬스케어,계약직,2025-06-07,0.337
J03825,A0395,P0014,회사34,BI Engineer,금융,신입,2025-06-07,0.474
J03554,A0370,P0162,회사19,DA (Data Analyst),리테일,신입,2025-06-07,0.595
J01552,A0155,P0193,회사23,BA (Business Analyst),게임,인턴,2025-06-07,0.33
J03910,A0407,P0161,회사21,DA (Data Analyst),리테일,신입,2025-06-07,0.305
J02772,A0289,P0178,회사21,Data Scientist,물류,계약직,2025-06-07,0.747
J00051,A0007,P0210,회사26,Growth Analyst,,신입,2025-06-07,0.02
J03659,A0379,P0057,회사11,DA (Data Analyst),헬스케어,경력,2025-06-07,0.295
J02345,A0241,P0074,회사20,BI Engineer,배달/배송,신입,2025-06-07,0.435
J04235,A0441,P0219,회사27,Product Analyst,미디어,인턴,2025-06-07,0.25
J01038,A0108,P0107,회사25,BA (Business Analyst),미디어,인턴,2025-06-07,0.494
J00262,A0029,P0045,회사11,Product Analyst,경영 컨설팅,인턴,2025-06-07,0.497
J02753,A0288,P0147,회사20,BA (Business Analyst),게임,전환형 인턴,2025-06-07,0.872
J04765,A0496,P0188,회사09,BI Engineer,교육,신입,2025-06-08,0.953
J03524,A0367,P0211,회사11,Product Analyst,경영 컨설팅,경력,2025-06-08,0.737
J03450,A0361,P0028,회사11,BI Engineer,모바일·APP,경력,2025-06-08,0.284
J01586,A0158,P0085,회사26,DA (Data Analyst),물류,경력,2025-06-08,0.211
J04952,A0520,P0131,회사24,BI Engineer,미디어,경력,2025-06-08,0.535
J03450,A0361,P0028,회사11,BI Engineer,모바일·APP,경력,2025-06-08,0.284
J04159,A0433,P0175,회사22,Data Scientist,금융,신입,2025-06-08,0.584
J04815,A0503,P0069,회사34,BI Engineer,리테일,계약직,2025-06-08,0.443
J00906,A0093,P0139,회사28,Growth Analyst,교육,경력,2025-06-08,0.92
J02268,A0233,P0100,회사34,BI Engineer,헬스케어,계약직,2025-06-08,0.414
J04333,A0453,P0125,회사32,DA (Data Analyst),게임,신입,2025-06-08,0.454
J00090,A0011,P0179,회사26,Product Analyst,금융,계약직,2025-06-08,0.18
J01974,A0201,P0088,회사01,Product Analyst,경영 컨설팅,신입,2025-06-08,0.433
J03535,A0368,P0028,회사11,BI Engineer,모바일·APP,경력,2025-06-08,0.99
J04917,A0514,P0137,회사23,Product Analyst,모바일·APP,신입,2025-06-08,0.438
J03365,A0351,P0164,회사31,DA (Data Analyst),금융,경력,2025-06-08,0.523
J03785,A0391,P0065,회사21,BI Engineer,모바일·APP,계약직,2025-06-08,0.452
J01597,A0159,P0113,회사11,Data Scientist,배달/배송,전환형 인턴,2025-06-09,0.386
J02348,A0242,P0101,회사18,BA (Business Analyst),,신입,2025-06-09,0.662
J01016,A0107,P0184,회사28,DA (Data Analyst),게임,전환형 인턴,2025-06-09,0.617
J04089,A0424,P0041,회사33,Product Analyst,헬스케어,경력,2025-06-09,0.258
J04297,A0448,P0188,회사09,BI Engineer,교육,신입,2025-06-09,0.519
J01782,A0177,P0174,회사25,BI Engineer,금융,인턴,2025-06-09,0.537
J04790,A0499,P0153,회사23,BA (Business Analyst),교육,경력,2025-06-09,0.547
J02348,A0242,P0101,회사18,BA (Business Analyst),,신입,2025-06-09,0.662
J01105,A0113,P0142,회사15,BI Engineer,교육,경력,2025-06-09,0.944
J04880,A0510,P0213,회사19,BI Engineer,물류,신입,2025-06-09,0.553
J01308,A0134,P0039,회사23,Product Analyst,모바일·APP,인턴,2025-06-09,0.337
J02630,A0274,P0041,회사33,Product Analyst,헬스케어,경력,2025-06-09,0.301
J00066,A0008,P0189,회사12,Product Analyst,미디어,신입,2025-06-09,0.633
J00320,A0034,P0023,회사11,Growth Analyst,헬스케어,신입,2025-06-09,0.164
J01565,A0156,P0077,회사15,BA (Business Analyst),,경력,2025-06-09,0.293
J01525,A0151,P0087,회사03,Product Analyst,헬스케어,신입,2025-06-09,0.363
J03946,A0411,P0064,회사27,Growth Analyst,헬스케어,경력,2025-06-09,0.518
J02912,A0301,P0215,회사28,BA (Business Analyst),물류,전환형 인턴,2025-06-09,0.67
J00374,A0039,P0160,회사14,Data Scientist,배달/배송,전환형 인턴,2025-06-09,0.99
J04508,A0469,P0030,회사13,DA (Data Analyst),배달/배송,신입,2025-06-10,0.391
J02180,A0223,P0172,회사26,BI Engineer,경영 컨설팅,경력,2025-06-10,0.308
J02942,A0305,P0026,회사26,DA (Data Analyst),금융,신입,2025-06-10,0.02
J01350,A0137,P0115,회사31,BA (Business Analyst),경영 컨설팅,전환형 인턴,2025-06-10,0.433
J02679,A0279,P0041,회사33,Product Analyst,헬스케어,경력,2025-06-10,0.662
J00335,A0037,P0235,회사12,Product Analyst,헬스케어,인턴,2025-06-10,0.551
J00640,A0067,P0143,회사23,Product Analyst,교육,인턴,2025-06-10,0.267
J00170,A0020,P0174,회사25,BI Engineer,금융,인턴,2025-06-10,0.568
J03015,A0314,P0010,회사14,BA (Business Analyst),배달/배송,경력,2025-06-10,0.694
J00672,A0069,P0201,회사33,BA (Business Analyst),물류,경력,2025-06-10,0.726
J00156,A0017,P0103,회사33,DA (Data Analyst),모바일·APP,신입,2025-06-10,0.267
J00753,A0080,P0130,회사13,Product Analyst,물류,전환형 인턴,2025-06-10,0.99
J02842,A0296,P0079,회사08,Growth Analyst,게임,신입,2025-06-10,0.712
J03134,A0326,P0102,회사24,BI Engineer,리테일,전환형 인턴,2025-06-10,0.492
J04652,A0485,P0175,회사22,Data Scientist,금융,신입,2025-06-10,0.505
J00220,A0024,P0110,회사30,Product Analyst,배달/배송,신입,2025-06-10,0.786
J04920,A0515,P0074,회사20,BI Engineer,배달/배송,신입,2025-06-10,0.565
J00567,A0060,P0218,회사15,DA (Data Analyst),미디어,신입,2025-06-10,0.14
J00837,A0088,P0194,회사32,BI Engineer,금융,신입,2025-06-10,0.305
J00359,A0038,P0140,회사20,Growth Analyst,모바일·APP,경력,2025-06-10,0.35
J01807,A0180,P0034,회사05,BA (Business Analyst),리테일,인턴,2025-06-10,0.846
J00484,A0050,P0076,회사24,DA (Data Analyst),헬스케어,신입,2025-06-10,0.153
J03667,A0380,P0119,회사13,Product Analyst,리테일,신입,2025-06-10,0.863
J02612,A0272,P0140,회사20,Growth Analyst,모바일·APP,경력,2025-06-10,0.517
J02110,A0217,P0068,회사24,BI Engineer,리테일,계약직,2025-06-10,0.663
J00243,A0027,P0092,회사25,Product Analyst,헬스케어,전환형 인턴,2025-06-10,0.464
J01884,A0190,P0218,회사15,DA (Data Analyst),미디어,신입,2025-06-10,0.02
J02291,A0235,P0039,회사23,Product Analyst,모바일·APP,인턴,2025-06-11,0.486
J00973,A0100,P0065,회사21,BI Engineer,모바일·APP,계약직,2025-06-11,0.574
J00164,A0019,P0225,회사33,Data Scientist,헬스케어,경력,2025-06-11,0.273
J03826,A0395,P0091,회사11,Data Scientist,금융,신입,2025-06-11,0.399
J03856,A0399,P0127,회사06,Product Analyst,리테일,신입,2025-06-11,0.401
J00196,A0022,P0230,회사13,DA (Data Analyst),물류,경력,2025-06-11,0.563
J00082,A0010,P0195,회사28,Product Analyst,물류,신입,2025-06-11,0.592
J03089,A0321,P0017,회사20,BA (Business Analyst),헬스케어,신입,2025-06-11,0.592
J02259,A0232,P0093,회사12,DA (Data Analyst),배달/배송,신입,2025-06-11,0.187
J04945,A0518,P0092,회사25,Product Analyst,헬스케어,전환형 인턴,2025-06-11,0.5
J02546,A0265,P0057,회사11,DA (Data Analyst),헬스케어,경력,2025-06-11,0.653
J03335,A0349,P0025,회사29,DA (Data Analyst),리테일,인턴,2025-06-11,0.551
J00382,A0040,P0201,회사33,BA (Business Analyst),물류,경력,2025-06-12,0.644
J00614,A0064,P0129,회사17,Growth Analyst,경영 컨설팅,신입,2025-06-12,0.314
J04344,A0454,P0174,회사25,BI Engineer,금융,인턴,2025-06-12,0.947
J00552,A0057,P0120,회사26,DA (Data Analyst),게임,신입,2025-06-12,0.292
J02415,A0248,P0193,회사23,BA (Business Analyst),게임,인턴,2025-06-12,0.608
J03926,A0409,P0171,회사31,Product Analyst,경영 컨설팅,계약직,2025-06-12,0.421
J00614,A0064,P0129,회사17,Growth Analyst,경영 컨설팅,신입,2025-06-12,0.314
J02887,A0299,P0034,회사05,BA (Business Analyst),리테일,인턴,2025-06-12,0.636
J04953,A0520,P0004,회사19,BA (Business Analyst),교육,신입,2025-06-12,0.245
J04299,A0449,P0120,회사26,DA (Data Analyst),게임,신입,2025-06-12,0.481
J01677,A0167,P0231,회사19,Product Analyst,금융,전환형 인턴,2025-06-12,0.592
J01920,A0195,P0032,회사33,Growth Analyst,,인턴,2025-06-12,0.934
J01062,A0109,P0048,회사12,Growth Analyst,교육,신입,2025-06-12,0.02
J04899,A0512,P0010,회사14,BA (Business Analyst),배달/배송,경력,2025-06-12,0.552
J01637,A0162,P0108,회사14,BA (Business Analyst),교육,경력,2025-06-12,0.51
J01718,A0171,P0198,회사22,BA (Business Analyst),게임,계약직,2025-06-12,0.803
J03711,A0383,P0220,회사22,DA (Data Analyst),리테일,인턴,2025-06-12,0.491
J03451,A0361,P0180,회사17,DA (Data Analyst),,계약직,2025-06-12,0.527
J02307,A0237,P0004,회사19,BA (Business Analyst),교육,신입,2025-06-12,0.866
J02134,A0218,P0023,회사11,Growth Analyst,헬스케어,신입,2025-06-13,0.655
J02540,A0264,P0042,회사19,Data Scientist,헬스케어,경력,2025-06-13,0.331
J04252,A0442,P0032,회사33,Growth Analyst,,인턴,2025-06-13,0.592
J00414,A0044,P0151,회사11,Data Scientist,게임,신입,2025-06-13,0.623
J00030,A0005,P0226,회사34,Growth Analyst,리테일,전환형 인턴,2025-06-13,0.571
J03786,A0391,P0173,회사33,DA (Data Analyst),배달/배송,계약직,2025-06-13,0.503
J03562,A0371,P0151,회사11,Data Scientist,게임,신입,2025-06-13,0.495
J03971,A0412,P0024,회사11,BI Engineer,게임,전환형 인턴,2025-06-13,0.34
J01823,A0183,P0156,회사22,BA (Business Analyst),헬스케어,계약직,2025-06-14,0.62
J01517,A0149,P0005,회사11,Growth Analyst,,경력,2025-06-14,0.502
J03016,A0314,P0175,회사22,Data Scientist,금융,신입,2025-06-14,0.643
J00424,A0045,P0139,회사28,Growth Analyst,교육,경력,2025-06-14,0.954
J00881,A0091,P0136,회사12,Growth Analyst,모바일·APP,신입,2025-06-14,0.184
J02879,A0298,P0140,회사20,Growth Analyst,모바일·APP,경력,2025-06-14,0.383
J02798,A0292,P0014,회사34,BI Engineer,금융,신입,2025-06-14,0.687
J03375,A0352,P0041,회사33,Product Analyst,헬스케어,경력,2025-06-14,0.041
J04791,A0499,P0125,회사32,DA (Data Analyst),게임,신입,2025-06-14,0.861
J01309,A0134,P0159,회사17,Data Scientist,경영 컨설팅,신입,2025-06-14,0.696
J03032,A0316,P0024,회사11,BI Engineer,게임,전환형 인턴,2025-06-14,0.644
J04401,A0459,P0076,회사24,DA (Data Analyst),헬스케어,신입,2025-06-14,0.441
J00490,A0051,P0174,회사25,BI Engineer,금융,인턴,2025-06-14,0.781
J00458,A0049,P0063,회사13,DA (Data Analyst),게임,신입,2025-06-14,0.11
J04334,A0453,P0053,회사31,BA (Business Analyst),헬스케어,경력,2025-06-14,0.229
J02943,A0305,P0057,회사11,DA (Data Analyst),헬스케어,경력,2025-06-15,0.02
J00706,A0075,P0209,회사19,BA (Business Analyst),금융,신입,2025-06-15,0.39
J02943,A0305,P0057,회사11,DA (Data Analyst),헬스케어,경력,2025-06-15,0.02
J04494,A0468,P0150,회사04,Growth Analyst,배달/배송,경력,2025-06-15,0.441
J01192,A0122,P0202,회사16,Product Analyst,경영 컨설팅,신입,2025-06-15,0.979
J03387,A0353,P0126,회사16,Growth Analyst,경영 컨설팅,신입,2025-06-15,0.448
J00289,A0032,P0239,회사28,Product Analyst,모바일·APP,계약직,2025-06-15,0.567
J02142,A0219,P0001,회사22,Product Analyst,물류,신입,2025-06-15,0.14
J01272,A0131,P0100,회사34,BI Engineer,헬스케어,계약직,2025-06-15,0.551
J00197,A0022,P0041,회사33,Product Analyst,헬스케어,경력,2025-06-15,0.419
J02830,A0294,P0122,회사21,Product Analyst,,전환형 인턴,2025-06-15,0.522
J00336,A0037,P0022,회사29,Data Scientist,,신입,2025-06-15,0.8
J02508,A0261,P0159,회사17,Data Scientist,경영 컨설팅,신입,2025-06-15,0.287
J04903,A0513,P0008,회사12,BA (Business Analyst),게임,신입,2025-06-15,0.764
J03860,A0400,P0115,회사31,BA (Business Analyst),경영 컨설팅,전환형 인턴,2025-06-15,0.632
J04834,A0505,P0026,회사26,DA (Data Analyst),금융,신입,2025-06-15,0.99
J02729,A0284,P0092,회사25,Product Analyst,헬스케어,전환형 인턴,2025-06-15,0.199
J04760,A0495,P0172,회사26,BI Engineer,경영 컨설팅,경력,2025-06-15,0.814
J02754,A0288,P0175,회사22,Data Scientist,금융,신입,2025-06-15,0.677
J00080,A0009,P0223,회사13,Growth Analyst,미디어,경력,2025-06-15,0.508
J02950,A0306,P0031,회사27,BI Engineer,물류,신입,2025-06-16,0.264
J02843,A0296,P0096,회사27,BI Engineer,,신입,2025-06-16,0.99
J03536,A0368,P0209,회사19,BA (Business Analyst),금융,신입,2025-06-16,0.248
J01758,A0174,P0022,회사29,Data Scientist,,신입,2025-06-16,0.328
J04704,A0490,P0082,회사27,DA (Data Analyst),헬스케어,경력,2025-06-16,0.436
J02981,A0310,P0168,회사26,Data Scientist,미디어,경력,2025-06-16,0.442
J01425,A0143,P0028,회사11,BI Engineer,모바일·APP,경력,2025-06-16,0.469
J00052,A0007,P0026,회사26,DA (Data Analyst),금융,신입,2025-06-16,0.433
J04900,A0512,P0045,회사11,Product Analyst,경영 컨설팅,인턴,2025-06-16,0.408
J00023,A0004,P0204,회사31,DA (Data Analyst),교육,인턴,2025-06-16,0.764
J01921,A0195,P0167,회사12,DA (Data Analyst),리테일,신입,2025-06-16,0.619
J02260,A0232,P0074,회사20,BI Engineer,배달/배송,신입,2025-06-17,0.245
J00165,A0019,P0238,회사25,BI Engineer,금융,전환형 인턴,2025-06-17,0.855
J01808,A0180,P0144,회사12,BA (Business Analyst),배달/배송,계약직,2025-06-17,0.562
J04319,A0452,P0071,회사33,Growth Analyst,,신입,2025-06-17,0.75
J04119,A0429,P0232,회사17,BI Engineer,물류,신입,2025-06-17,0.521
J02675,A0278,P0122,회사21,Product Analyst,,전환형 인턴,2025-06-17,0.563
J04370,A0457,P0212,회사25,BI Engineer,모바일·APP,신입,2025-06-17,0.627
J01783,A0177,P0114,회사27,Growth Analyst,모바일·APP,전환형 인턴,2025-06-17,0.173
J01769,A0175,P0228,회사31,Growth Analyst,헬스케어,경력,2025-06-17,0.365
J03818,A0394,P0178,회사21,Data Scientist,물류,계약직,2025-06-17,0.479
J02389,A0246,P0147,회사20,BA (Business Analyst),게임,전환형 인턴,2025-06-17,0.99
J03802,A0393,P0120,회사26,DA (Data Analyst),게임,신입,2025-06-17,0.02
J04378,A0458,P0107,회사25,BA (Business Analyst),미디어,인턴,2025-06-17,0.309
J00221,A0024,P0047,회사22,BI Engineer,금융,경력,2025-06-17,0.763
J00415,A0044,P0062,회사21,Data Scientist,경영 컨설팅,경력,2025-06-17,0.523
J03883,A0402,P0205,회사17,Product Analyst,게임,경력,2025-06-17,0.84
J01553,A0155,P0229,회사18,Data Scientist,배달/배송,계약직,2025-06-17,0.098
J00485,A0050,P0161,회사21,DA (Data Analyst),리테일,신입,2025-06-17,0.132
J04816,A0503,P0047,회사22,BI Engineer,금융,경력,2025-06-17,0.354
J03668,A0380,P0109,회사32,BA (Business Analyst),배달/배송,전환형 인턴,2025-06-17,0.811
J03873,A0401,P0072,회사32,DA (Data Analyst),교육,인턴,2025-06-18,0.185
J03135,A0326,P0205,회사17,Product Analyst,게임,경력,2025-06-18,0.731
J02445,A0250,P0198,회사22,BA (Business Analyst),게임,계약직,2025-06-18,0.62
J00754,A0080,P0118,회사20,BI Engineer,미디어,전환형 인턴,2025-06-18,0.457
J03927,A0409,P0006,회사24,Growth Analyst,물류,신입,2025-06-18,0.77
J02569,A0267,P0238,회사25,BI Engineer,금융,전환형 인턴,2025-06-18,0.548
J01106,A0113,P0024,회사11,BI Engineer,게임,전환형 인턴,2025-06-18,0.436
J03298,A0343,P0155,회사19,Product Analyst,모바일·APP,신입,2025-06-18,0.301
J04619,A0482,P0179,회사26,Product Analyst,금융,계약직,2025-06-18,0.746
J03911,A0407,P0116,회사32,BA (Business Analyst),금융,전환형 인턴,2025-06-18,0.5
J01719,A0171,P0114,회사27,Growth Analyst,모바일·APP,전환형 인턴,2025-06-18,0.674
J00838,A0088,P0188,회사09,BI Engineer,교육,신입,2025-06-18,0.577
J02631,A0274,P0196,회사11,BI Engineer,리테일,계약직,2025-06-18,0.96
J01243,A0128,P0132,회사21,DA (Data Analyst),금융,계약직,2025-06-18,0.985
J01587,A0158,P0152,회사17,BA (Business Analyst),물류,경력,2025-06-18,0.382
J01772,A0176,P0038,회사11,Product Analyst,,신입,2025-06-19,0.719
J03436,A0359,P0021,회사14,BI Engineer,경영 컨설팅,신입,2025-06-19,0.99
J00907,A0093,P0085,회사26,DA (Data Analyst),물류,경력,2025-06-19,0.883
J03737,A0386,P0023,회사11,Growth Analyst,헬스케어,신입,2025-06-19,0.342
J00067,A0008,P0089,회사19,DA (Data Analyst),모바일·APP,신입,2025-06-19,0.777
J00321,A0034,P0091,회사11,Data Scientist,금융,신입,2025-06-19,0.55
J04308,A0450,P0071,회사33,Growth Analyst,,신입,2025-06-19,0.468
J03194,A0334,P0047,회사22,BI Engineer,금융,경력,2025-06-19,0.569
J04236,A0441,P0067,회사25,BA (Business Analyst),미디어,전환형 인턴,2025-06-19,0.02
J01678,A0167,P0183,회사11,Product Analyst,,인턴,2025-06-19,0.667
J03712,A0383,P0050,회사14,BA (Business Analyst),미디어,신입,2025-06-19,0.665
J04810,A0501,P0234,회사29,Product Analyst,,인턴,2025-06-19,0.99
J02398,A0247,P0037,회사23,BA (Business Analyst),모바일·APP,경력,2025-06-19,0.386
J04446,A0464,P0210,회사26,Growth Analyst,,신입,2025-06-19,0.99
J02817,A0293,P0097,회사23,Growth Analyst,모바일·APP,신입,2025-06-19,0.142
J02773,A0289,P0236,회사26,BA (Business Analyst),리테일,신입,2025-06-20,0.6
J00986,A0103,P0081,회사34,DA (Data Analyst),교육,계약직,2025-06-20,0.449
J04335,A0453,P0190,회사31,Growth Analyst,,전환형 인턴,2025-06-20,0.369
J04921,A0515,P0137,회사23,Product Analyst,모바일·APP,신입,2025-06-20,0.527
J00553,A0057,P0075,회사10,Product Analyst,교육,신입,2025-06-20,0.087
J03701,A0382,P0068,회사24,BI Engineer,리테일,계약직,2025-06-20,0.621
J02269,A0233,P0050,회사14,BA (Business Analyst),미디어,신입,2025-06-20,0.579
J01134,A0116,P0062,회사21,Data Scientist,경영 컨설팅,경력,2025-06-20,0.483
J04954,A0520,P0207,회사12,Growth Analyst,게임,신입,2025-06-20,0.603
J04253,A0442,P0182,회사12,Data Scientist,금융,인턴,2025-06-20,0.456
J03624,A0376,P0016,회사22,Data Scientist,게임,경력,2025-06-20,0.273
J03017,A0314,P0176,회사23,DA (Data Analyst),경영 컨설팅,인턴,2025-06-20,0.539
J00081,A0009,P0069,회사34,BI Engineer,리테일,계약직,2025-06-20,0.288
J02430,A0249,P0205,회사17,Product Analyst,게임,경력,2025-06-20,0.137
J02799,A0292,P0126,회사16,Growth Analyst,경영 컨설팅,신입,2025-06-21,0.709
J01620,A0161,P0165,회사16,Data Scientist,물류,신입,2025-06-21,0.775
J04495,A0468,P0163,회사29,DA (Data Analyst),모바일·APP,신입,2025-06-21,0.568
J03787,A0391,P0237,회사23,Data Scientist,경영 컨설팅,신입,2025-06-21,0.888
J01039,A0108,P0013,회사16,Growth Analyst,헬스케어,전환형 인턴,2025-06-21,0.423
J02143,A0219,P0034,회사05,BA (Business Analyst),리테일,인턴,2025-06-21,0.596
J00829,A0087,P0106,회사16,Data Scientist,물류,신입,2025-06-21,0.479
J02346,A0241,P0060,회사23,BI Engineer,물류,신입,2025-06-21,0.637
J03115,A0324,P0008,회사12,BA (Business Analyst),게임,신입,2025-06-21,0.295
J00091,A0011,P0061,회사11,Growth Analyst,게임,신입,2025-06-21,0.8
J04817,A0503,P0022,회사29,Data Scientist,,신입,2025-06-21,0.305
J00263,A0029,P0092,회사25,Product Analyst,헬스케어,전환형 인턴,2025-06-21,0.28
J02016,A0207,P0199,회사21,BA (Business Analyst),물류,경력,2025-06-21,0.442
J04881,A0510,P0193,회사23,BA (Business Analyst),게임,인턴,2025-06-21,0.66
J04766,A0496,P0027,회사15,DA (Data Analyst),물류,신입,2025-06-21,0.722
J02111,A0217,P0182,회사12,Data Scientist,금융,인턴,2025-06-21,0.549
J03583,A0372,P0059,회사23,Product Analyst,물류,신입,2025-06-21,0.02
J01526,A0151,P0194,회사32,BI Engineer,금융,신입,2025-06-21,0.335
J03452,A0361,P0108,회사14,BA (Business Analyst),교육,경력,2025-06-21,0.471
J00375,A0039,P0212,회사25,BI Engineer,모바일·APP,신입,2025-06-21,0.99
J03250,A0339,P0239,회사28,Product Analyst,모바일·APP,계약직,2025-06-21,0.405
J00222,A0024,P0208,회사19,DA (Data Analyst),금융,전환형 인턴,2025-06-21,0.563
J01310,A0134,P0037,회사23,BA (Business Analyst),모바일·APP,경력,2025-06-22,0.813
J01809,A0180,P0113,회사11,Data Scientist,배달/배송,전환형 인턴,2025-06-22,0.464
J02613,A0272,P0167,회사12,DA (Data Analyst),리테일,신입,2025-06-22,0.51
J03299,A0343,P0153,회사23,BA (Business Analyst),교육,경력,2025-06-22,0.514
J04918,A0514,P0133,회사13,Data Scientist,헬스케어,신입,2025-06-22,0.273
J02541,A0264,P0185,회사11,DA (Data Analyst),물류,전환형 인턴,2025-06-22,0.771
J01273,A0131,P0162,회사19,DA (Data Analyst),리테일,신입,2025-06-22,0.463
J03366,A0351,P0092,회사25,Product Analyst,헬스케어,전환형 인턴,2025-06-22,0.705
J00360,A0038,P0025,회사29,DA (Data Analyst),리테일,인턴,2025-06-22,0.578
J03660,A0379,P0146,회사21,Product Analyst,게임,경력,2025-06-22,0.629
J03857,A0399,P0001,회사22,Product Analyst,물류,신입,2025-06-22,0.607
J02844,A0296,P0154,회사34,BA (Business Analyst),미디어,경력,2025-06-22,0.816
J01945,A0198,P0121,회사13,Growth Analyst,금융,신입,2025-06-22,0.338
J02831,A0294,P0239,회사28,Product Analyst,모바일·APP,계약직,2025-06-22,0.609
J03874,A0401,P0081,회사34,DA (Data Analyst),교육,계약직,2025-06-22,0.192
J01244,A0128,P0113,회사11,Data Scientist,배달/배송,전환형 인턴,2025-06-22,0.641
J03803,A0393,P0225,회사33,Data Scientist,헬스케어,경력,2025-06-22,0.372
J04620,A0482,P0140,회사20,Growth Analyst,모바일·APP,경력,2025-06-23,0.527
J01975,A0201,P0004,회사19,BA (Business Analyst),교육,신입,2025-06-23,0.488
J03033,A0316,P0007,회사14,BA (Business Analyst),경영 컨설팅,전환형 인턴,2025-06-23,0.645
J00389,A0041,P0090,회사15,DA (Data Analyst),모바일·APP,신입,2025-06-23,0.605
J03947,A0411,P0238,회사25,BI Engineer,금융,전환형 인턴,2025-06-23,0.439
J03525,A0367,P0239,회사28,Product Analyst,모바일·APP,계약직,2025-06-23,0.641
J02446,A0250,P0108,회사14,BA (Business Analyst),교육,경력,2025-06-23,0.206
J01547,A0154,P0002,회사20,Product Analyst,게임,신입,2025-06-23,0.467
J04792,A0499,P0209,회사19,BA (Business Analyst),금융,신입,2025-06-23,0.592
J00641,A0067,P0174,회사25,BI Engineer,금융,인턴,2025-06-23,0.294
J03099,A0323,P0099,회사26,BA (Business Analyst),물류,경력,2025-06-23,0.488
J04761,A0495,P0042,회사19,Data Scientist,헬스케어,경력,2025-06-23,0.99
J00615,A0064,P0191,회사22,BI Engineer,,신입,2025-06-23,0.294
J03537,A0368,P0059,회사23,Product Analyst,물류,신입,2025-06-23,0.546
J04345,A0454,P0030,회사13,DA (Data Analyst),배달/배송,신입,2025-06-23,0.949
J03279,A0342,P0035,회사19,Data Scientist,물류,인턴,2025-06-23,0.02
J02193,A0225,P0044,회사22,BI Engineer,경영 컨설팅,계약직,2025-06-23,0.874
J03563,A0371,P0222,회사17,Product Analyst,,경력,2025-06-23,0.566
J03376,A0352,P0064,회사27,Growth Analyst,헬스케어,경력,2025-06-23,0.333
J01351,A0137,P0099,회사26,BA (Business Analyst),물류,경력,2025-06-23,0.263
J02144,A0220,P0194,회사32,BI Engineer,금융,신입,2025-06-23,0.174
J02570,A0267,P0112,회사31,BI Engineer,경영 컨설팅,경력,2025-06-23,0.434
J04402,A0459,P0067,회사25,BA (Business Analyst),미디어,전환형 인턴,2025-06-23,0.646
J01351,A0137,P0099,회사26,BA (Business Analyst),물류,경력,2025-06-23,0.263
J01598,A0159,P0189,회사12,Product Analyst,미디어,신입,2025-06-24,0.243
J02349,A0242,P0023,회사11,Growth Analyst,헬스케어,신입,2025-06-24,0.192
J04300,A0449,P0213,회사19,BI Engineer,물류,신입,2025-06-24,0.642
J01017,A0107,P0085,회사26,DA (Data Analyst),물류,경력,2025-06-24,0.532
J00808,A0086,P0149,회사13,DA (Data Analyst),리테일,계약직,2025-06-24,0.617
J01107,A0113,P0066,회사11,Product Analyst,게임,경력,2025-06-24,0.614
J04254,A0442,P0102,회사24,BI Engineer,리테일,전환형 인턴,2025-06-24,0.487
J04705,A0490,P0207,회사12,Growth Analyst,게임,신입,2025-06-24,0.455
J03912,A0407,P0225,회사33,Data Scientist,헬스케어,경력,2025-06-24,0.48
J01554,A0155,P0113,회사11,Data Scientist,배달/배송,전환형 인턴,2025-06-24,0.37
J00171,A0020,P0045,회사11,Product Analyst,경영 컨설팅,인턴,2025-06-25,0.599
J03928,A0409,P0120,회사26,DA (Data Analyst),게임,신입,2025-06-25,0.641
J00053,A0007,P0174,회사25,BI Engineer,금융,인턴,2025-06-25,0.02
J01566,A0156,P0002,회사20,Product Analyst,게임,신입,2025-06-25,0.378
J02680,A0279,P0182,회사12,Data Scientist,금융,인턴,2025-06-25,0.423
J00425,A0045,P0028,회사11,BI Engineer,모바일·APP,경력,2025-06-25,0.99
J03090,A0321,P0226,회사34,Growth Analyst,리테일,전환형 인턴,2025-06-25,0.679
J01426,A0143,P0207,회사12,Growth Analyst,게임,신입,2025-06-25,0.303
J04653,A0485,P0236,회사26,BA (Business Analyst),리테일,신입,2025-06-25,0.4
J00839,A0088,P0113,회사11,Data Scientist,배달/배송,전환형 인턴,2025-06-25,0.483
J00755,A0080,P0119,회사13,Product Analyst,리테일,신입,2025-06-25,0.607
J03625,A0376,P0240,회사11,Data Scientist,교육,신입,2025-06-25,0.541
J04955,A0520,P0194,회사32,BI Engineer,금융,신입,2025-06-25,0.382
J00383,A0040,P0031,회사27,BI Engineer,물류,신입,2025-06-25,0.538
J04173,A0435,P0167,회사12,DA (Data Analyst),리테일,신입,2025-06-25,0.375
J00830,A0087,P0111,회사29,Product Analyst,배달/배송,신입,2025-06-25,0.031
J03819,A0394,P0083,회사22,BI Engineer,배달/배송,경력,2025-06-25,0.619
J02181,A0223,P0220,회사22,DA (Data Analyst),리테일,인턴,2025-06-25,0.474
J00839,A0088,P0113,회사11,Data Scientist,배달/배송,전환형 인턴,2025-06-25,0.483
J02774,A0289,P0006,회사24,Growth Analyst,물류,신입,2025-06-26,0.622
J02944,A0305,P0136,회사12,Growth Analyst,모바일·APP,신입,2025-06-26,0.02
J00568,A0060,P0219,회사27,Product Analyst,미디어,인턴,2025-06-26,0.559
J02509,A0261,P0154,회사34,BA (Business Analyst),미디어,경력,2025-06-26,0.661
J02416,A0248,P0059,회사23,Product Analyst,물류,신입,2025-06-26,0.46
J00337,A0037,P0179,회사26,Product Analyst,금융,계약직,2025-06-26,0.99
J02308,A0237,P0076,회사24,DA (Data Analyst),헬스케어,신입,2025-06-26,0.948
J00882,A0091,P0077,회사15,BA (Business Analyst),,경력,2025-06-26,0.481
J03336,A0349,P0078,회사19,Product Analyst,,경력,2025-06-26,0.622
J03972,A0412,P0032,회사33,Growth Analyst,,인턴,2025-06-26,0.467
J00244,A0027,P0088,회사01,Product Analyst,경영 컨설팅,신입,2025-06-26,0.372
J02261,A0232,P0103,회사33,DA (Data Analyst),모바일·APP,신입,2025-06-26,0.282
J01870,A0189,P0034,회사05,BA (Business Analyst),리테일,인턴,2025-06-26,0.707
J04509,A0469,P0014,회사34,BI Engineer,금융,신입,2025-06-26,0.246
J00031,A0005,P0134,회사23,Growth Analyst,배달/배송,전환형 인턴,2025-06-26,0.616
J04336,A0453,P0008,회사12,BA (Business Analyst),게임,신입,2025-06-26,0.275
J04309,A0450,P0105,회사31,Product Analyst,모바일·APP,경력,2025-06-26,0.511
J00083,A0010,P0207,회사12,Growth Analyst,게임,신입,2025-06-26,0.422
J03300,A0343,P0191,회사22,BI Engineer,,신입,2025-06-27,0.278
J00486,A0050,P0012,회사16,Growth Analyst,금융,경력,2025-06-27,0.074
J03827,A0395,P0097,회사23,Growth Analyst,모바일·APP,신입,2025-06-27,0.339
J00127,A0015,P0133,회사13,Data Scientist,헬스케어,신입,2025-06-27,0.589
J04901,A0512,P0014,회사34,BI Engineer,금융,신입,2025-06-27,0.324
J00974,A0100,P0002,회사20,Product Analyst,게임,신입,2025-06-27,0.445
J04371,A0457,P0223,회사13,Growth Analyst,미디어,경력,2025-06-27,0.709
J00068,A0008,P0235,회사12,Product Analyst,헬스케어,인턴,2025-06-27,0.586
J02676,A0278,P0199,회사21,BA (Business Analyst),물류,경력,2025-06-27,0.557
J01621,A0161,P0236,회사26,BA (Business Analyst),리테일,신입,2025-06-27,0.419
J02017,A0207,P0095,회사25,Product Analyst,물류,계약직,2025-06-27,0.415
J00707,A0075,P0079,회사08,Growth Analyst,게임,신입,2025-06-27,0.388
J03538,A0368,P0176,회사23,DA (Data Analyst),경영 컨설팅,인턴,2025-06-27,0.807
J00376,A0039,P0222,회사17,Product Analyst,,경력,2025-06-27,0.486
J00290,A0032,P0205,회사17,Product Analyst,게임,경력,2025-06-27,0.392
J04064,A0422,P0140,회사20,Growth Analyst,모바일·APP,경력,2025-06-27,0.378
J02194,A0225,P0065,회사21,BI Engineer,모바일·APP,계약직,2025-06-27,0.618
J02135,A0218,P0109,회사32,BA (Business Analyst),배달/배송,전환형 인턴,2025-06-28,0.382
J01496,A0148,P0102,회사24,BI Engineer,리테일,전환형 인턴,2025-06-28,0.535
J02888,A0299,P0120,회사26,DA (Data Analyst),게임,신입,2025-06-28,0.674
J01518,A0149,P0071,회사33,Growth Analyst,,신입,2025-06-28,0.806
J01922,A0195,P0071,회사33,Growth Analyst,,신입,2025-06-28,0.751
J01679,A0167,P0157,회사17,Growth Analyst,모바일·APP,전환형 인턴,2025-06-28,0.466
J01824,A0183,P0073,회사27,BA (Business Analyst),,인턴,2025-06-28,0.938
J01657,A0165,P0026,회사26,DA (Data Analyst),금융,신입,2025-06-28,0.903
J04904,A0513,P0162,회사19,DA (Data Analyst),리테일,신입,2025-06-28,0.803
J02431,A0249,P0077,회사15,BA (Business Analyst),,경력,2025-06-28,0.489
J01784,A0177,P0189,회사12,Product Analyst,미디어,신입,2025-06-28,0.471
J04237,A0441,P0053,회사31,BA (Business Analyst),헬스케어,경력,2025-06-29,0.176
J02982,A0310,P0106,회사16,Data Scientist,물류,신입,2025-06-29,0.633
J04922,A0515,P0112,회사31,BI Engineer,경영 컨설팅,경력,2025-06-29,0.508
J03136,A0326,P0239,회사28,Product Analyst,모바일·APP,계약직,2025-06-29,0.644
J01245,A0128,P0061,회사11,Growth Analyst,게임,신입,2025-06-29,0.779
J03195,A0334,P0175,회사22,Data Scientist,금융,신입,2025-06-29,0.337
J02272,A0234,P0125,회사32,DA (Data Analyst),게임,신입,2025-06-29,0.078
J03702,A0382,P0235,회사12,Product Analyst,헬스케어,인턴,2025-06-29,0.691
J02102,A0216,P0036,회사31,DA (Data Analyst),,경력,2025-06-29,0.811
J03584,A0372,P0144,회사12,BA (Business Analyst),배달/배송,계약직,2025-06-29,0.347
J04320,A0452,P0061,회사11,Growth Analyst,게임,신입,2025-06-29,0.747
J04379,A0458,P0002,회사20,Product Analyst,게임,신입,2025-06-29,0.358
J01193,A0122,P0108,회사14,BA (Business Analyst),교육,경력,2025-06-29,0.404
J01770,A0175,P0223,회사13,Growth Analyst,미디어,경력,2025-06-29,0.428
J00361,A0038,P0024,회사11,BI Engineer,게임,전환형 인턴,2025-06-29,0.82
J03895,A0405,P0096,회사27,BI Engineer,,신입,2025-06-29,0.426
J00459,A0049,P0169,회사14,Data Scientist,리테일,경력,2025-06-29,0.182
J01588,A0158,P0072,회사32,DA (Data Analyst),교육,인턴,2025-06-30,0.392
J02880,A0298,P0070,회사29,Growth Analyst,교육,계약직,2025-06-30,0.02
J00032,A0005,P0152,회사17,BA (Business Analyst),물류,경력,2025-06-30,0.371
J04120,A0429,P0197,회사12,Data Scientist,리테일,신입,2025-06-30,0.542
J01274,A0131,P0086,회사18,BI Engineer,교육,경력,2025-06-30,0.778
J00554,A0057,P0197,회사12,Data Scientist,리테일,신입,2025-06-30,0.286
J00198,A0022,P0004,회사19,BA (Business Analyst),교육,신입,2025-06-30,0.38
J03251,A0339,P0117,회사19,BI Engineer,,신입,2025-06-30,0.702
J00491,A0051,P0161,회사21,DA (Data Analyst),리테일,신입,2025-06-30,0.892
J02951,A0306,P0076,회사24,DA (Data Analyst),헬스케어,신입,2025-06-30,0.267
J04496,A0468,P0156,회사22,BA (Business Analyst),헬스케어,계약직,2025-06-30,0.697
J02483,A0258,P0109,회사32,BA (Business Analyst),배달/배송,전환형 인턴,2025-06-30,0.23
J01311,A0134,P0008,회사12,BA (Business Analyst),게임,신입,2025-06-30,0.577
J04470,A0467,P0035,회사19,Data Scientist,물류,인턴,2025-06-30,0.637
J03377,A0352,P0101,회사18,BA (Business Analyst),,신입,2025-06-30,0.02
J00809,A0086,P0198,회사22,BA (Business Analyst),게임,계약직,2025-06-30,0.532
J01720,A0171,P0175,회사22,Data Scientist,금융,신입,2025-06-30,0.669
J03018,A0314,P0088,회사01,Product Analyst,경영 컨설팅,신입,2025-06-30,0.957
J02483,A0258,P0109,회사32,BA (Business Analyst),배달/배송,전환형 인턴,2025-06-30,0.23
J04160,A0434,P0007,회사14,BA (Business Analyst),경영 컨설팅,전환형 인턴,2025-06-30,0.496
J02145,A0220,P0017,회사20,BA (Business Analyst),헬스케어,신입,2025-06-30,0.102
J02614,A0272,P0006,회사24,Growth Analyst,물류,신입,2025-06-30,0.628
J04346,A0454,P0085,회사26,DA (Data Analyst),물류,경력,2025-06-30,0.39
J02632,A0274,P0142,회사15,BI Engineer,교육,경력,2025-06-30,0.904
J01040,A0108,P0191,회사22,BI Engineer,,신입,2025-06-30,0.517
J04818,A0503,P0029,회사18,Product Analyst,게임,신입,2025-07-01,0.384
J04835,A0505,P0173,회사33,DA (Data Analyst),배달/배송,계약직,2025-07-01,0.49
J00708,A0075,P0011,회사27,Product Analyst,,신입,2025-07-01,0.633
J01567,A0156,P0044,회사22,BI Engineer,경영 컨설팅,계약직,2025-07-01,0.4
J04793,A0499,P0195,회사28,Product Analyst,물류,신입,2025-07-01,0.572
J01871,A0189,P0183,회사11,Product Analyst,,인턴,2025-07-01,0.54
J04255,A0442,P0208,회사19,DA (Data Analyst),금융,전환형 인턴,2025-07-01,0.468
J03388,A0353,P0102,회사24,BI Engineer,리테일,전환형 인턴,2025-07-01,0.635
J03884,A0402,P0176,회사23,DA (Data Analyst),경영 컨설팅,인턴,2025-07-01,0.466
J02690,A0280,P0037,회사23,BA (Business Analyst),모바일·APP,경력,2025-07-01,0.494
J04065,A0422,P0207,회사12,Growth Analyst,게임,신입,2025-07-01,0.169
J03861,A0400,P0017,회사20,BA (Business Analyst),헬스케어,신입,2025-07-01,0.733
J03116,A0324,P0156,회사22,BA (Business Analyst),헬스케어,계약직,2025-07-01,0.506
J04174,A0435,P0191,회사22,BI Engineer,,신입,2025-07-01,0.263
J02755,A0288,P0211,회사11,Product Analyst,경영 컨설팅,경력,2025-07-01,0.719
J00264,A0029,P0006,회사24,Growth Analyst,물류,신입,2025-07-01,0.856
J02818,A0293,P0114,회사27,Growth Analyst,모바일·APP,전환형 인턴,2025-07-02,0.307
J00184,A0021,P0176,회사23,DA (Data Analyst),경영 컨설팅,인턴,2025-07-02,0.544
J01018,A0107,P0113,회사11,Data Scientist,배달/배송,전환형 인턴,2025-07-02,0.597
J00616,A0064,P0180,회사17,DA (Data Analyst),,계약직,2025-07-02,0.411
J04882,A0510,P0042,회사19,Data Scientist,헬스케어,경력,2025-07-02,0.413
J03437,A0359,P0015,회사11,Data Scientist,모바일·APP,신입,2025-07-02,0.611
J02390,A0246,P0174,회사25,BI Engineer,금융,인턴,2025-07-02,0.795
J03034,A0316,P0109,회사32,BA (Business Analyst),배달/배송,전환형 인턴,2025-07-02,0.617
J02681,A0279,P0089,회사19,DA (Data Analyst),모바일·APP,신입,2025-07-02,0.678
J01548,A0154,P0024,회사11,BI Engineer,게임,전환형 인턴,2025-07-02,0.166
J04266,A0445,P0063,회사13,DA (Data Analyst),게임,신입,2025-07-02,0.662
J00024,A0004,P0162,회사19,DA (Data Analyst),리테일,신입,2025-07-02,0.904
J03091,A0321,P0158,회사07,BA (Business Analyst),금융,신입,2025-07-02,0.453
J03453,A0361,P0031,회사27,BI Engineer,물류,신입,2025-07-02,0.337
J00384,A0040,P0235,회사12,Product Analyst,헬스케어,인턴,2025-07-02,0.502
J01810,A0180,P0042,회사19,Data Scientist,헬스케어,경력,2025-07-02,0.679
J02399,A0247,P0027,회사15,DA (Data Analyst),물류,신입,2025-07-02,0.392
J01519,A0149,P0233,회사18,BA (Business Analyst),게임,신입,2025-07-02,0.248
J03661,A0379,P0010,회사14,BA (Business Analyst),배달/배송,경력,2025-07-02,0.424
J04762,A0495,P0020,회사21,Data Scientist,리테일,인턴,2025-07-02,0.778
J03564,A0371,P0086,회사18,BI Engineer,교육,경력,2025-07-03,0.713
J03713,A0383,P0050,회사14,BA (Business Analyst),미디어,신입,2025-07-03,0.8
J04194,A0436,P0098,회사11,Data Scientist,게임,신입,2025-07-03,0.427
J03669,A0380,P0198,회사22,BA (Business Analyst),게임,계약직,2025-07-03,0.765
J00416,A0044,P0113,회사11,Data Scientist,배달/배송,전환형 인턴,2025-07-03,0.593
J00166,A0019,P0079,회사08,Growth Analyst,게임,신입,2025-07-03,0.567
J02599,A0271,P0060,회사23,BI Engineer,물류,신입,2025-07-03,0.54
J00069,A0008,P0094,회사19,BI Engineer,금융,신입,2025-07-03,0.731
J03788,A0391,P0154,회사34,BA (Business Analyst),미디어,경력,2025-07-03,0.591
J02542,A0264,P0231,회사19,Product Analyst,금융,전환형 인턴,2025-07-03,0.497
J04447,A0464,P0238,회사25,BI Engineer,금융,전환형 인턴,2025-07-04,0.724
J02146,A0220,P0221,회사32,Growth Analyst,교육,계약직,2025-07-04,0.061
J04347,A0454,P0228,회사31,Growth Analyst,헬스케어,경력,2025-07-04,0.483
J02881,A0298,P0183,회사11,Product Analyst,,인턴,2025-07-04,0.138
J00128,A0015,P0119,회사13,Product Analyst,리테일,신입,2025-07-04,0.658
J00223,A0024,P0218,회사15,DA (Data Analyst),미디어,신입,2025-07-04,0.462
J01427,A0143,P0140,회사20,Growth Analyst,모바일·APP,경력,2025-07-04,0.408
J01773,A0176,P0221,회사32,Growth Analyst,교육,계약직,2025-07-04,0.636
J02484,A0258,P0067,회사25,BA (Business Analyst),미디어,전환형 인턴,2025-07-04,0.352
J01352,A0137,P0220,회사22,DA (Data Analyst),리테일,인턴,2025-07-04,0.657
J01555,A0155,P0057,회사11,DA (Data Analyst),헬스케어,경력,2025-07-05,0.02
J01946,A0198,P0201,회사33,BA (Business Analyst),물류,경력,2025-07-05,0.565
J04497,A0468,P0209,회사19,BA (Business Analyst),금융,신입,2025-07-05,0.469
J02889,A0299,P0080,회사19,Growth Analyst,게임,경력,2025-07-05,0.487
J00199,A0022,P0096,회사27,BI Engineer,,신입,2025-07-05,0.204
J01923,A0195,P0020,회사21,Data Scientist,리테일,인턴,2025-07-05,0.544
J02432,A0249,P0008,회사12,BA (Business Analyst),게임,신입,2025-07-05,0.251
J03828,A0395,P0035,회사19,Data Scientist,물류,인턴,2025-07-05,0.331
J03858,A0399,P0010,회사14,BA (Business Analyst),배달/배송,경력,2025-07-05,0.473
J04471,A0467,P0096,회사27,BI Engineer,,신입,2025-07-05,0.863
J02270,A0233,P0005,회사11,Growth Analyst,,경력,2025-07-05,0.224
J00426,A0045,P0139,회사28,Growth Analyst,교육,경력,2025-07-05,0.655
J02027,A0209,P0160,회사14,Data Scientist,배달/배송,전환형 인턴,2025-07-05,0.447
J00978,A0101,P0193,회사23,BA (Business Analyst),게임,인턴,2025-07-05,0.636
J02273,A0234,P0059,회사23,Product Analyst,물류,신입,2025-07-05,0.02
J00908,A0093,P0084,회사20,Product Analyst,,경력,2025-07-05,0.648
J00642,A0067,P0039,회사23,Product Analyst,모바일·APP,인턴,2025-07-05,0.54
J04161,A0434,P0006,회사24,Growth Analyst,물류,신입,2025-07-05,0.589
J04310,A0450,P0150,회사04,Growth Analyst,배달/배송,경력,2025-07-05,0.765
J03738,A0386,P0053,회사31,BA (Business Analyst),헬스케어,경력,2025-07-05,0.616
J00092,A0011,P0143,회사23,Product Analyst,교육,인턴,2025-07-05,0.51
J03367,A0351,P0198,회사22,BA (Business Analyst),게임,계약직,2025-07-06,0.595
J00185,A0021,P0048,회사12,Growth Analyst,교육,신입,2025-07-06,0.754
J00831,A0087,P0111,회사29,Product Analyst,배달/배송,신입,2025-07-06,0.75
J04372,A0457,P0187,회사19,BI Engineer,금융,경력,2025-07-06,0.53
J03875,A0401,P0195,회사28,Product Analyst,물류,신입,2025-07-06,0.257
J03438,A0359,P0233,회사18,BA (Business Analyst),게임,신입,2025-07-06,0.556
J03454,A0361,P0038,회사11,Product Analyst,,신입,2025-07-06,0.263
J00987,A0103,P0094,회사19,BI Engineer,금융,신입,2025-07-06,0.732
J00883,A0091,P0170,회사26,Growth Analyst,게임,경력,2025-07-06,0.627
J02832,A0294,P0124,회사18,DA (Data Analyst),,경력,2025-07-06,0.614
J02800,A0292,P0126,회사16,Growth Analyst,경영 컨설팅,신입,2025-07-06,0.451
J00295,A0033,P0185,회사11,DA (Data Analyst),물류,전환형 인턴,2025-07-06,0.379
J02182,A0224,P0219,회사27,Product Analyst,미디어,인턴,2025-07-06,0.786
J03626,A0376,P0183,회사11,Product Analyst,,인턴,2025-07-06,0.558
J01527,A0151,P0208,회사19,DA (Data Analyst),금융,전환형 인턴,2025-07-06,0.206
J03585,A0372,P0063,회사13,DA (Data Analyst),게임,신입,2025-07-06,0.095
J02112,A0217,P0094,회사19,BI Engineer,금융,신입,2025-07-06,0.369
J01019,A0107,P0120,회사26,DA (Data Analyst),게임,신입,2025-07-06,0.687
J00975,A0100,P0240,회사11,Data Scientist,교육,신입,2025-07-06,0.271
J02350,A0242,P0071,회사33,Growth Analyst,,신입,2025-07-06,0.673
J02845,A0296,P0059,회사23,Product Analyst,물류,신입,2025-07-06,0.903
J04621,A0482,P0122,회사21,Product Analyst,,전환형 인턴,2025-07-07,0.738
J03804,A0393,P0189,회사12,Product Analyst,미디어,신입,2025-07-07,0.229
J03948,A0411,P0167,회사12,DA (Data Analyst),리테일,신입,2025-07-07,0.721
J01872,A0189,P0081,회사34,DA (Data Analyst),교육,계약직,2025-07-07,0.685
J02262,A0232,P0176,회사23,DA (Data Analyst),경영 컨설팅,인턴,2025-07-07,0.144
J02417,A0248,P0086,회사18,BI Engineer,교육,경력,2025-07-07,0.648
J00840,A0088,P0201,회사33,BA (Business Analyst),물류,경력,2025-07-07,0.601
J04836,A0505,P0112,회사31,BI Engineer,경영 컨설팅,경력,2025-07-07,0.772
J02018,A0207,P0083,회사22,BI Engineer,배달/배송,경력,2025-07-07,0.463
J04121,A0429,P0091,회사11,Data Scientist,금융,신입,2025-07-07,0.313
J00172,A0020,P0145,회사28,Growth Analyst,,신입,2025-07-07,0.209
J01785,A0177,P0177,회사22,Growth Analyst,경영 컨설팅,경력,2025-07-07,0.076
J04321,A0452,P0239,회사28,Product Analyst,모바일·APP,계약직,2025-07-07,0.704
J01387,A0140,P0005,회사11,Growth Analyst,,경력,2025-07-08,0.491
J04301,A0449,P0203,회사17,DA (Data Analyst),물류,경력,2025-07-08,0.325
J03481,A0364,P0189,회사12,Product Analyst,미디어,신입,2025-07-08,0.618
J01078,A0112,P0233,회사18,BA (Business Analyst),게임,신입,2025-07-08,0.81
J02952,A0306,P0178,회사21,Data Scientist,물류,계약직,2025-07-08,0.905
J03196,A0334,P0100,회사34,BI Engineer,헬스케어,계약직,2025-07-08,0.682
J04706,A0490,P0082,회사27,DA (Data Analyst),헬스케어,경력,2025-07-08,0.34
J03896,A0405,P0016,회사22,Data Scientist,게임,경력,2025-07-08,0.763
J00390,A0041,P0201,회사33,BA (Business Analyst),물류,경력,2025-07-08,0.446
J01568,A0156,P0008,회사12,BA (Business Analyst),게임,신입,2025-07-08,0.543
J01589,A0158,P0022,회사29,Data Scientist,,신입,2025-07-08,0.584
J03303,A0344,P0067,회사25,BA (Business Analyst),미디어,전환형 인턴,2025-07-08,0.1
J03137,A0326,P0019,회사17,Growth Analyst,모바일·APP,인턴,2025-07-08,0.605
J04956,A0520,P0039,회사23,Product Analyst,모바일·APP,인턴,2025-07-08,0.349
J03252,A0339,P0083,회사22,BI Engineer,배달/배송,경력,2025-07-08,0.658
J02050,A0211,P0050,회사14,BA (Business Analyst),미디어,신입,2025-07-08,0.544
J03662,A0379,P0071,회사33,Growth Analyst,,신입,2025-07-09,0.523
J01312,A0134,P0070,회사29,Growth Analyst,교육,계약직,2025-07-09,0.507
J04686,A0489,P0094,회사19,BI Engineer,금융,신입,2025-07-09,0.747
J03973,A0412,P0158,회사07,BA (Business Analyst),금융,신입,2025-07-09,0.327
J03526,A0367,P0017,회사20,BA (Business Analyst),헬스케어,신입,2025-07-09,0.733
J01497,A0148,P0217,회사34,BA (Business Analyst),미디어,전환형 인턴,2025-07-09,0.423
J01599,A0159,P0028,회사11,BI Engineer,모바일·APP,경력,2025-07-09,0.523
J00291,A0032,P0239,회사28,Product Analyst,모바일·APP,계약직,2025-07-09,0.854
J00427,A0045,P0110,회사30,Product Analyst,배달/배송,신입,2025-07-09,0.99
J01497,A0148,P0217,회사34,BA (Business Analyst),미디어,전환형 인턴,2025-07-09,0.423
J04902,A0512,P0235,회사12,Product Analyst,헬스케어,인턴,2025-07-09,0.389
J03280,A0342,P0119,회사13,Product Analyst,리테일,신입,2025-07-09,0.633
J04654,A0485,P0216,회사17,BA (Business Analyst),모바일·APP,경력,2025-07-09,0.458
J03100,A0323,P0200,회사27,DA (Data Analyst),금융,신입,2025-07-09,0.766
J03337,A0349,P0106,회사16,Data Scientist,물류,신입,2025-07-09,0.718
J02819,A0293,P0007,회사14,BA (Business Analyst),경영 컨설팅,전환형 인턴,2025-07-09,0.471
J04175,A0435,P0114,회사27,Growth Analyst,모바일·APP,전환형 인턴,2025-07-09,0.247
J00362,A0038,P0109,회사32,BA (Business Analyst),배달/배송,전환형 인턴,2025-07-09,0.473
J04038,A0419,P0201,회사33,BA (Business Analyst),물류,경력,2025-07-09,0.305
J01825,A0183,P0171,회사31,Product Analyst,경영 컨설팅,계약직,2025-07-09,0.628
J02882,A0298,P0133,회사13,Data Scientist,헬스케어,신입,2025-07-09,0.198
J04337,A0453,P0159,회사17,Data Scientist,경영 컨설팅,신입,2025-07-10,0.594
J00338,A0037,P0210,회사26,Growth Analyst,,신입,2025-07-10,0.948
J01947,A0198,P0220,회사22,DA (Data Analyst),리테일,인턴,2025-07-10,0.443
J00569,A0060,P0159,회사17,Data Scientist,경영 컨설팅,신입,2025-07-10,0.289
J00084,A0010,P0024,회사11,BI Engineer,게임,전환형 인턴,2025-07-10,0.482
J00909,A0093,P0111,회사29,Product Analyst,배달/배송,신입,2025-07-10,0.865
J03820,A0394,P0140,회사20,Growth Analyst,모바일·APP,경력,2025-07-10,0.618
J02510,A0261,P0151,회사11,Data Scientist,게임,신입,2025-07-10,0.705
J02833,A0294,P0116,회사32,BA (Business Analyst),금융,전환형 인턴,2025-07-10,0.366
J04348,A0454,P0021,회사14,BI Engineer,경영 컨설팅,신입,2025-07-11,0.476
J00756,A0080,P0023,회사11,Growth Analyst,헬스케어,신입,2025-07-11,0.436
J00810,A0086,P0024,회사11,BI Engineer,게임,전환형 인턴,2025-07-11,0.376
J00492,A0051,P0090,회사15,DA (Data Analyst),모바일·APP,신입,2025-07-11,0.588
J00296,A0033,P0080,회사19,Growth Analyst,게임,경력,2025-07-11,0.415
J00054,A0007,P0057,회사11,DA (Data Analyst),헬스케어,경력,2025-07-11,0.219
J03301,A0343,P0198,회사22,BA (Business Analyst),게임,계약직,2025-07-11,0.349
J04195,A0436,P0160,회사14,Data Scientist,배달/배송,전환형 인턴,2025-07-11,0.838
J02309,A0237,P0168,회사26,Data Scientist,미디어,경력,2025-07-11,0.764
J00617,A0064,P0204,회사31,DA (Data Analyst),교육,인턴,2025-07-11,0.264
J03117,A0324,P0107,회사25,BA (Business Analyst),미디어,인턴,2025-07-11,0.19
J02921,A0303,P0038,회사11,Product Analyst,,신입,2025-07-11,0.49
J02677,A0278,P0164,회사31,DA (Data Analyst),금융,경력,2025-07-11,0.441
J01658,A0165,P0059,회사23,Product Analyst,물류,신입,2025-07-11,0.788
J04905,A0513,P0237,회사23,Data Scientist,경영 컨설팅,신입,2025-07-11,0.652
J00709,A0075,P0041,회사33,Product Analyst,헬스케어,경력,2025-07-11,0.557
J04256,A0442,P0079,회사08,Growth Analyst,게임,신입,2025-07-12,0.738
J02183,A0224,P0080,회사19,Growth Analyst,게임,경력,2025-07-12,0.528
J02682,A0279,P0230,회사13,DA (Data Analyst),물류,경력,2025-07-12,0.595
J00245,A0027,P0079,회사08,Growth Analyst,게임,신입,2025-07-12,0.473
J04380,A0458,P0031,회사27,BI Engineer,물류,신입,2025-07-12,0.408
J00224,A0024,P0188,회사09,BI Engineer,교육,신입,2025-07-12,0.603
J03494,A0366,P0048,회사12,Growth Analyst,교육,신입,2025-07-12,0.816
J02682,A0279,P0230,회사13,DA (Data Analyst),물류,경력,2025-07-12,0.595
J03949,A0411,P0091,회사11,Data Scientist,금융,신입,2025-07-12,0.445
J02485,A0258,P0104,회사27,DA (Data Analyst),모바일·APP,신입,2025-07-12,0.05
J04923,A0515,P0185,회사11,DA (Data Analyst),물류,전환형 인턴,2025-07-12,0.81
J01721,A0171,P0222,회사17,Product Analyst,,경력,2025-07-12,0.856
J02775,A0289,P0115,회사31,BA (Business Analyst),경영 컨설팅,전환형 인턴,2025-07-12,0.484
J01388,A0140,P0142,회사15,BI Engineer,교육,경력,2025-07-12,0.203
J02945,A0305,P0042,회사19,Data Scientist,헬스케어,경력,2025-07-12,0.02
J01194,A0122,P0236,회사26,BA (Business Analyst),리테일,신입,2025-07-12,0.454
J03739,A0386,P0017,회사20,BA (Business Analyst),헬스케어,신입,2025-07-12,0.488
J00033,A0005,P0125,회사32,DA (Data Analyst),게임,신입,2025-07-12,0.807
J02775,A0289,P0115,회사31,BA (Business Analyst),경영 컨설팅,전환형 인턴,2025-07-12,0.484
J01275,A0131,P0190,회사31,Growth Analyst,,전환형 인턴,2025-07-13,0.587
J03859,A0399,P0035,회사19,Data Scientist,물류,인턴,2025-07-13,0.468
J02103,A0216,P0224,회사16,Growth Analyst,,신입,2025-07-13,0.557
J00391,A0041,P0013,회사16,Growth Analyst,헬스케어,전환형 인턴,2025-07-13,0.453
J04162,A0434,P0002,회사20,Product Analyst,게임,신입,2025-07-13,0.679
J03019,A0314,P0113,회사11,Data Scientist,배달/배송,전환형 인턴,2025-07-13,0.694
J02702,A0282,P0196,회사11,BI Engineer,리테일,계약직,2025-07-13,0.251
J04066,A0422,P0164,회사31,DA (Data Analyst),금융,경력,2025-07-13,0.273
J04176,A0435,P0192,회사30,Growth Analyst,헬스케어,신입,2025-07-13,0.232
J00292,A0032,P0155,회사19,Product Analyst,모바일·APP,신입,2025-07-13,0.718
J03627,A0376,P0076,회사24,DA (Data Analyst),헬스케어,신입,2025-07-13,0.905
J02633,A0274,P0014,회사34,BI Engineer,금융,신입,2025-07-13,0.612
J04498,A0468,P0019,회사17,Growth Analyst,모바일·APP,인턴,2025-07-13,0.441
J01622,A0161,P0233,회사18,BA (Business Analyst),게임,신입,2025-07-13,0.922
J04794,A0499,P0149,회사13,DA (Data Analyst),리테일,계약직,2025-07-14,0.641
J02351,A0242,P0180,회사17,DA (Data Analyst),,계약직,2025-07-14,0.717
J03862,A0400,P0068,회사24,BI Engineer,리테일,계약직,2025-07-14,0.579
J02637,A0275,P0198,회사22,BA (Business Analyst),게임,계약직,2025-07-14,0.095
J01556,A0155,P0036,회사31,DA (Data Analyst),,경력,2025-07-14,0.366
J04322,A0452,P0185,회사11,DA (Data Analyst),물류,전환형 인턴,2025-07-14,0.673
J00085,A0010,P0094,회사19,BI Engineer,금융,신입,2025-07-14,0.969
J00363,A0038,P0221,회사32,Growth Analyst,교육,계약직,2025-07-14,0.383
J01680,A0167,P0107,회사25,BA (Business Analyst),미디어,인턴,2025-07-14,0.853
J02600,A0271,P0152,회사17,BA (Business Analyst),물류,경력,2025-07-14,0.527
J00460,A0049,P0071,회사33,Growth Analyst,,신입,2025-07-14,0.762
J03378,A0352,P0114,회사27,Growth Analyst,모바일·APP,전환형 인턴,2025-07-14,0.135
J02051,A0211,P0146,회사21,Product Analyst,게임,경력,2025-07-14,0.2
J00976,A0100,P0220,회사22,DA (Data Analyst),리테일,인턴,2025-07-14,0.698
J03101,A0323,P0107,회사25,BA (Business Analyst),미디어,인턴,2025-07-14,0.688
J00093,A0011,P0004,회사19,BA (Business Analyst),교육,신입,2025-07-14,0.358
J03389,A0353,P0219,회사27,Product Analyst,미디어,인턴,2025-07-14,0.46
J04238,A0441,P0015,회사11,Data Scientist,모바일·APP,신입,2025-07-14,0.547
J04707,A0490,P0073,회사27,BA (Business Analyst),,인턴,2025-07-15,0.127
J04311,A0450,P0188,회사09,BI Engineer,교육,신입,2025-07-15,0.22
J00710,A0075,P0202,회사16,Product Analyst,경영 컨설팅,신입,2025-07-15,0.712
J00417,A0044,P0197,회사12,Data Scientist,리테일,신입,2025-07-15,0.282
J01826,A0183,P0214,회사22,BA (Business Analyst),,계약직,2025-07-15,0.384
J02834,A0294,P0113,회사11,Data Scientist,배달/배송,전환형 인턴,2025-07-15,0.335
J04883,A0510,P0061,회사11,Growth Analyst,게임,신입,2025-07-15,0.304
J02890,A0299,P0171,회사31,Product Analyst,경영 컨설팅,계약직,2025-07-15,0.916
J00643,A0067,P0036,회사31,DA (Data Analyst),,경력,2025-07-15,0.511
J00385,A0040,P0169,회사14,Data Scientist,리테일,경력,2025-07-15,0.497
J03829,A0395,P0199,회사21,BA (Business Analyst),물류,경력,2025-07-15,0.358
J00811,A0086,P0026,회사26,DA (Data Analyst),금융,신입,2025-07-16,0.274
J03035,A0316,P0057,회사11,DA (Data Analyst),헬스케어,경력,2025-07-16,0.738
J00186,A0021,P0095,회사25,Product Analyst,물류,계약직,2025-07-16,0.483
J02147,A0220,P0089,회사19,DA (Data Analyst),모바일·APP,신입,2025-07-16,0.169
J00129,A0015,P0220,회사22,DA (Data Analyst),리테일,인턴,2025-07-16,0.515
J02400,A0247,P0085,회사26,DA (Data Analyst),물류,경력,2025-07-16,0.886
J04267,A0445,P0036,회사31,DA (Data Analyst),,경력,2025-07-16,0.647
J02433,A0249,P0113,회사11,Data Scientist,배달/배송,전환형 인턴,2025-07-16,0.563
J01041,A0108,P0220,회사22,DA (Data Analyst),리테일,인턴,2025-07-16,0.573
J00618,A0064,P0129,회사17,Growth Analyst,경영 컨설팅,신입,2025-07-16,0.272
J03663,A0379,P0086,회사18,BI Engineer,교육,경력,2025-07-16,0.151
J02271,A0233,P0167,회사12,DA (Data Analyst),리테일,신입,2025-07-16,0.823
J02391,A0246,P0133,회사13,Data Scientist,헬스케어,신입,2025-07-16,0.746
J01659,A0165,P0003,회사28,BA (Business Analyst),교육,전환형 인턴,2025-07-16,0.824
J00265,A0029,P0121,회사13,Growth Analyst,금융,신입,2025-07-16,0.581
J00297,A0033,P0010,회사14,BA (Business Analyst),배달/배송,경력,2025-07-16,0.096
J03197,A0334,P0204,회사31,DA (Data Analyst),교육,인턴,2025-07-16,0.181
J04122,A0429,P0169,회사14,Data Scientist,리테일,경력,2025-07-16,0.433
J00832,A0087,P0056,회사20,Growth Analyst,물류,인턴,2025-07-16,0.65
J00979,A0101,P0118,회사20,BI Engineer,미디어,전환형 인턴,2025-07-17,0.156
J02113,A0217,P0210,회사26,Growth Analyst,,신입,2025-07-17,0.446
J01924,A0195,P0192,회사30,Growth Analyst,헬스케어,신입,2025-07-17,0.799
J00173,A0020,P0031,회사27,BI Engineer,물류,신입,2025-07-17,0.48
J04819,A0503,P0156,회사22,BA (Business Analyst),헬스케어,계약직,2025-07-17,0.27
J03565,A0371,P0211,회사11,Product Analyst,경영 컨설팅,경력,2025-07-17,0.524
J00025,A0004,P0177,회사22,Growth Analyst,경영 컨설팅,경력,2025-07-17,0.738
J04499,A0468,P0222,회사17,Product Analyst,,경력,2025-07-17,0.124
J03628,A0376,P0206,회사21,BI Engineer,,경력,2025-07-17,0.721
J03789,A0391,P0108,회사14,BA (Business Analyst),교육,경력,2025-07-17,0.763
J03714,A0383,P0096,회사27,BI Engineer,,신입,2025-07-17,0.835
J02691,A0280,P0032,회사33,Growth Analyst,,인턴,2025-07-17,0.711
J03309,A0345,P0105,회사31,Product Analyst,모바일·APP,경력,2025-07-17,0.433
J04196,A0436,P0111,회사29,Product Analyst,배달/배송,신입,2025-07-17,0.704
J03138,A0326,P0066,회사11,Product Analyst,게임,경력,2025-07-17,0.574
J00884,A0091,P0179,회사26,Product Analyst,금융,계약직,2025-07-17,0.02
J02104,A0216,P0045,회사11,Product Analyst,경영 컨설팅,인턴,2025-07-17,0.706
J00570,A0060,P0015,회사11,Data Scientist,모바일·APP,신입,2025-07-17,0.02
J01477,A0147,P0137,회사23,Product Analyst,모바일·APP,신입,2025-07-17,0.14
J02756,A0288,P0231,회사19,Product Analyst,금융,전환형 인턴,2025-07-17,0.545
J01774,A0176,P0003,회사28,BA (Business Analyst),교육,전환형 인턴,2025-07-17,0.855
J02953,A0306,P0117,회사19,BI Engineer,,신입,2025-07-17,0.215
J01276,A0131,P0199,회사21,BA (Business Analyst),물류,경력,2025-07-17,0.349
J02634,A0274,P0198,회사22,BA (Business Analyst),게임,계약직,2025-07-18,0.714
J03439,A0359,P0134,회사23,Growth Analyst,배달/배송,전환형 인턴,2025-07-18,0.814
J03379,A0352,P0120,회사26,DA (Data Analyst),게임,신입,2025-07-18,0.319
J01873,A0189,P0017,회사20,BA (Business Analyst),헬스케어,신입,2025-07-18,0.511
J02511,A0261,P0008,회사12,BA (Business Analyst),게임,신입,2025-07-18,0.44
J01549,A0154,P0030,회사13,DA (Data Analyst),배달/배송,신입,2025-07-18,0.432
J03586,A0372,P0061,회사11,Growth Analyst,게임,신입,2025-07-18,0.382
J03670,A0380,P0017,회사20,BA (Business Analyst),헬스케어,신입,2025-07-18,0.873
J04177,A0435,P0199,회사21,BA (Business Analyst),물류,경력,2025-07-18,0.49
J00392,A0041,P0002,회사20,Product Analyst,게임,신입,2025-07-18,0.584
J02418,A0248,P0115,회사31,BA (Business Analyst),경영 컨설팅,전환형 인턴,2025-07-18,0.805
J01353,A0137,P0150,회사04,Growth Analyst,배달/배송,경력,2025-07-18,0.583
J00200,A0022,P0190,회사31,Growth Analyst,,전환형 인턴,2025-07-18,0.414
J02703,A0282,P0022,회사29,Data Scientist,,신입,2025-07-18,0.4
J03253,A0339,P0005,회사11,Growth Analyst,,경력,2025-07-18,0.466
J03214,A0335,P0125,회사32,DA (Data Analyst),게임,신입,2025-07-18,0.845
J03643,A0378,P0059,회사23,Product Analyst,물류,신입,2025-07-18,0.99
J01158,A0120,P0165,회사16,Data Scientist,물류,신입,2025-07-19,0.241
J02184,A0224,P0040,회사30,BA (Business Analyst),,신입,2025-07-19,0.406
J00428,A0045,P0196,회사11,BI Engineer,리테일,계약직,2025-07-19,0.625
J01623,A0161,P0057,회사11,DA (Data Analyst),헬스케어,경력,2025-07-19,0.776
J04472,A0467,P0122,회사21,Product Analyst,,전환형 인턴,2025-07-19,0.512
J03527,A0367,P0194,회사32,BI Engineer,금융,신입,2025-07-19,0.715
J02801,A0292,P0096,회사27,BI Engineer,,신입,2025-07-19,0.269
J03805,A0393,P0124,회사18,DA (Data Analyst),,경력,2025-07-19,0.374
J00910,A0093,P0079,회사08,Growth Analyst,게임,신입,2025-07-19,0.481
J02846,A0296,P0102,회사24,BI Engineer,리테일,전환형 인턴,2025-07-19,0.784
J04957,A0520,P0220,회사22,DA (Data Analyst),리테일,인턴,2025-07-19,0.424
J01528,A0151,P0016,회사22,Data Scientist,게임,경력,2025-07-19,0.231
J03390,A0353,P0064,회사27,Growth Analyst,헬스케어,경력,2025-07-19,0.421
J03495,A0366,P0027,회사15,DA (Data Analyst),물류,신입,2025-07-19,0.205
J00070,A0008,P0217,회사34,BA (Business Analyst),미디어,전환형 인턴,2025-07-19,0.589
J04622,A0482,P0022,회사29,Data Scientist,,신입,2025-07-19,0.713
J03495,A0366,P0027,회사15,DA (Data Analyst),물류,신입,2025-07-19,0.205
J01569,A0156,P0216,회사17,BA (Business Analyst),모바일·APP,경력,2025-07-19,0.159
J00841,A0088,P0030,회사13,DA (Data Analyst),배달/배송,신입,2025-07-19,0.747
J02683,A0279,P0004,회사19,BA (Business Analyst),교육,신입,2025-07-19,0.533
J03897,A0405,P0120,회사26,DA (Data Analyst),게임,신입,2025-07-20,0.472
J04323,A0452,P0172,회사26,BI Engineer,경영 컨설팅,경력,2025-07-20,0.694
J04338,A0453,P0220,회사22,DA (Data Analyst),리테일,인턴,2025-07-20,0.524
J04655,A0485,P0158,회사07,BA (Business Analyst),금융,신입,2025-07-20,0.397
J03863,A0400,P0095,회사25,Product Analyst,물류,계약직,2025-07-20,0.489
J01428,A0143,P0047,회사22,BI Engineer,금융,경력,2025-07-20,0.374
J00461,A0049,P0131,회사24,BI Engineer,미디어,경력,2025-07-20,0.641
J02835,A0294,P0069,회사34,BI Engineer,리테일,계약직,2025-07-20,0.186
J02638,A0275,P0039,회사23,Product Analyst,모바일·APP,인턴,2025-07-20,0.197
J03368,A0351,P0033,회사14,BA (Business Analyst),금융,전환형 인턴,2025-07-20,0.766
J03102,A0323,P0240,회사11,Data Scientist,교육,신입,2025-07-20,0.5
J03302,A0343,P0053,회사31,BA (Business Analyst),헬스케어,경력,2025-07-20,0.493
J01142,A0119,P0159,회사17,Data Scientist,경영 컨설팅,신입,2025-07-20,0.599
J00418,A0044,P0128,회사26,Data Scientist,게임,경력,2025-07-20,0.59
J02244,A0231,P0054,회사11,Growth Analyst,물류,인턴,2025-07-20,0.119
J04906,A0513,P0153,회사23,BA (Business Analyst),교육,경력,2025-07-20,0.461
J01020,A0107,P0126,회사16,Growth Analyst,경영 컨설팅,신입,2025-07-20,0.291
J04448,A0465,P0068,회사24,BI Engineer,리테일,계약직,2025-07-20,0.632
J04163,A0434,P0032,회사33,Growth Analyst,,인턴,2025-07-21,0.651
J02274,A0234,P0192,회사30,Growth Analyst,헬스케어,신입,2025-07-21,0.344
J04775,A0498,P0101,회사18,BA (Business Analyst),,신입,2025-07-21,0.428
J04302,A0449,P0074,회사20,BI Engineer,배달/배송,신입,2025-07-21,0.374
J01277,A0131,P0145,회사28,Growth Analyst,,신입,2025-07-21,0.367
J02028,A0209,P0127,회사06,Product Analyst,리테일,신입,2025-07-21,0.268
J01739,A0173,P0069,회사34,BI Engineer,리테일,계약직,2025-07-21,0.804
J00619,A0064,P0226,회사34,Growth Analyst,리테일,전환형 인턴,2025-07-21,0.527
J04373,A0457,P0202,회사16,Product Analyst,경영 컨설팅,신입,2025-07-21,0.318
J03876,A0401,P0072,회사32,DA (Data Analyst),교육,인턴,2025-07-21,0.314
J03118,A0324,P0009,회사20,BA (Business Analyst),물류,경력,2025-07-22,0.314
J04605,A0481,P0130,회사13,Product Analyst,물류,전환형 인턴,2025-07-22,0.524
J00201,A0022,P0197,회사12,Data Scientist,리테일,신입,2025-07-22,0.266
J01042,A0108,P0052,회사12,Data Scientist,교육,인턴,2025-07-22,0.326
J01786,A0177,P0007,회사14,BA (Business Analyst),경영 컨설팅,전환형 인턴,2025-07-22,0.284
J03455,A0361,P0095,회사25,Product Analyst,물류,계약직,2025-07-22,0.437
J03304,A0344,P0177,회사22,Growth Analyst,경영 컨설팅,경력,2025-07-22,0.457
J00988,A0103,P0049,회사30,DA (Data Analyst),물류,계약직,2025-07-22,0.375
J02946,A0305,P0148,회사11,DA (Data Analyst),배달/배송,인턴,2025-07-22,0.131
J03830,A0395,P0146,회사21,Product Analyst,게임,경력,2025-07-22,0.615
J03671,A0380,P0122,회사21,Product Analyst,,전환형 인턴,2025-07-22,0.984
J00757,A0080,P0064,회사27,Growth Analyst,헬스케어,경력,2025-07-22,0.593
J00977,A0100,P0101,회사18,BA (Business Analyst),,신입,2025-07-22,0.665
J04239,A0441,P0058,회사26,BA (Business Analyst),경영 컨설팅,계약직,2025-07-22,0.579
J01222,A0127,P0184,회사28,DA (Data Analyst),게임,전환형 인턴,2025-07-22,0.093
J02019,A0207,P0077,회사15,BA (Business Analyst),,경력,2025-07-22,0.609
J01681,A0167,P0220,회사22,DA (Data Analyst),리테일,인턴,2025-07-22,0.529
J01328,A0136,P0076,회사24,DA (Data Analyst),헬스케어,신입,2025-07-22,0.261
J04820,A0503,P0224,회사16,Growth Analyst,,신입,2025-07-22,0.593
J02052,A0211,P0006,회사24,Growth Analyst,물류,신입,2025-07-22,0.02
J03482,A0364,P0164,회사31,DA (Data Analyst),금융,경력,2025-07-22,0.44
J02434,A0249,P0165,회사16,Data Scientist,물류,신입,2025-07-22,0.081
J01498,A0148,P0125,회사32,DA (Data Analyst),게임,신입,2025-07-22,0.457
J00086,A0010,P0106,회사16,Data Scientist,물류,신입,2025-07-22,0.418
J02820,A0293,P0119,회사13,Product Analyst,리테일,신입,2025-07-23,0.051
J00493,A0051,P0029,회사18,Product Analyst,게임,신입,2025-07-23,0.842
J00246,A0027,P0129,회사17,Growth Analyst,경영 컨설팅,신입,2025-07-23,0.388
J02776,A0289,P0067,회사25,BA (Business Analyst),미디어,전환형 인턴,2025-07-23,0.615
J03215,A0335,P0217,회사34,BA (Business Analyst),미디어,전환형 인턴,2025-07-23,0.769
J01079,A0112,P0036,회사31,DA (Data Analyst),,경력,2025-07-23,0.342
J02601,A0271,P0208,회사19,DA (Data Analyst),금융,전환형 인턴,2025-07-23,0.492
J03974,A0412,P0125,회사32,DA (Data Analyst),게임,신입,2025-07-23,0.352
J03338,A0349,P0115,회사31,BA (Business Analyst),경영 컨설팅,전환형 인턴,2025-07-23,0.498
J01478,A0147,P0020,회사21,Data Scientist,리테일,인턴,2025-07-23,0.185
J04067,A0422,P0220,회사22,DA (Data Analyst),리테일,인턴,2025-07-23,0.02
J00911,A0093,P0143,회사23,Product Analyst,교육,인턴,2025-07-23,0.775
J04039,A0419,P0205,회사17,Product Analyst,게임,경력,2025-07-23,0.35
J04837,A0505,P0085,회사26,DA (Data Analyst),물류,경력,2025-07-23,0.586
J01660,A0165,P0038,회사11,Product Analyst,,신입,2025-07-23,0.968
J02114,A0217,P0204,회사31,DA (Data Analyst),교육,인턴,2025-07-23,0.643
J00885,A0091,P0020,회사21,Data Scientist,리테일,인턴,2025-07-23,0.425
J02678,A0278,P0203,회사17,DA (Data Analyst),물류,경력,2025-07-23,0.347
J02802,A0292,P0151,회사11,Data Scientist,게임,신입,2025-07-23,0.608
J01722,A0171,P0164,회사31,DA (Data Analyst),금융,경력,2025-07-23,0.916
J04381,A0458,P0085,회사26,DA (Data Analyst),물류,경력,2025-07-23,0.586
J02883,A0298,P0023,회사11,Growth Analyst,헬스케어,신입,2025-07-23,0.02
J03740,A0386,P0087,회사03,Product Analyst,헬스케어,신입,2025-07-23,0.763
J01590,A0158,P0020,회사21,Data Scientist,리테일,인턴,2025-07-23,0.232
J03281,A0342,P0213,회사19,BI Engineer,물류,신입,2025-07-23,0.332
J04724,A0491,P0231,회사19,Product Analyst,금융,전환형 인턴,2025-07-24,0.916
J02684,A0279,P0004,회사19,BA (Business Analyst),교육,신입,2025-07-24,0.595
J00293,A0032,P0067,회사25,BA (Business Analyst),미디어,전환형 인턴,2025-07-24,0.48
J02148,A0220,P0088,회사01,Product Analyst,경영 컨설팅,신입,2025-07-24,0.482
J00711,A0075,P0047,회사22,BI Engineer,금융,경력,2025-07-24,0.43
J03139,A0326,P0080,회사19,Growth Analyst,게임,경력,2025-07-24,0.99
J01313,A0134,P0136,회사12,Growth Analyst,모바일·APP,신입,2025-07-24,0.648
J01948,A0198,P0070,회사29,Growth Analyst,교육,계약직,2025-07-24,0.695
J04687,A0489,P0037,회사23,BA (Business Analyst),모바일·APP,경력,2025-07-24,0.803
J00094,A0011,P0215,회사28,BA (Business Analyst),물류,전환형 인턴,2025-07-24,0.561
J03310,A0345,P0129,회사17,Growth Analyst,경영 컨설팅,신입,2025-07-24,0.66
J00857,A0089,P0219,회사27,Product Analyst,미디어,인턴,2025-07-25,0.268
J02757,A0288,P0113,회사11,Data Scientist,배달/배송,전환형 인턴,2025-07-25,0.663
J02836,A0294,P0038,회사11,Product Analyst,,신입,2025-07-25,0.833
J02470,A0255,P0195,회사28,Product Analyst,물류,신입,2025-07-25,0.253
J00266,A0029,P0225,회사33,Data Scientist,헬스케어,경력,2025-07-25,0.762
J03664,A0379,P0084,회사20,Product Analyst,,경력,2025-07-25,0.406
J02922,A0303,P0062,회사21,Data Scientist,경영 컨설팅,경력,2025-07-25,0.511
J02401,A0247,P0162,회사19,DA (Data Analyst),리테일,신입,2025-07-25,0.501
J04924,A0515,P0237,회사23,Data Scientist,경영 컨설팅,신입,2025-07-25,0.921
J02847,A0296,P0021,회사14,BI Engineer,경영 컨설팅,신입,2025-07-25,0.763
J00775,A0083,P0234,회사29,Product Analyst,,인턴,2025-07-25,0.339
J01354,A0137,P0120,회사26,DA (Data Analyst),게임,신입,2025-07-25,0.567
J02891,A0299,P0042,회사19,Data Scientist,헬스케어,경력,2025-07-25,0.419
J04268,A0445,P0232,회사17,BI Engineer,물류,신입,2025-07-25,0.829
J02392,A0246,P0156,회사22,BA (Business Analyst),헬스케어,계약직,2025-07-26,0.99
J04708,A0490,P0035,회사19,Data Scientist,물류,인턴,2025-07-26,0.552
J00386,A0040,P0099,회사26,BA (Business Analyst),물류,경력,2025-07-26,0.299
J02635,A0274,P0139,회사28,Growth Analyst,교육,경력,2025-07-26,0.568
J04123,A0429,P0039,회사23,Product Analyst,모바일·APP,인턴,2025-07-26,0.399
J00339,A0037,P0168,회사26,Data Scientist,미디어,경력,2025-07-26,0.43
J00055,A0007,P0056,회사20,Growth Analyst,물류,인턴,2025-07-26,0.662
J01143,A0119,P0115,회사31,BA (Business Analyst),경영 컨설팅,전환형 인턴,2025-07-26,0.781
J01649,A0164,P0136,회사12,Growth Analyst,모바일·APP,신입,2025-07-26,0.15
J03391,A0353,P0028,회사11,BI Engineer,모바일·APP,경력,2025-07-26,0.435
J04123,A0429,P0039,회사23,Product Analyst,모바일·APP,인턴,2025-07-26,0.399
J00130,A0015,P0083,회사22,BI Engineer,배달/배송,경력,2025-07-26,0.962
J00298,A0033,P0056,회사20,Growth Analyst,물류,인턴,2025-07-27,0.673
J00187,A0021,P0001,회사22,Product Analyst,물류,신입,2025-07-27,0.274
J00812,A0086,P0163,회사29,DA (Data Analyst),모바일·APP,신입,2025-07-27,0.435
J01682,A0167,P0049,회사30,DA (Data Analyst),물류,계약직,2025-07-27,0.424
J02435,A0249,P0110,회사30,Product Analyst,배달/배송,신입,2025-07-27,0.259
J01557,A0155,P0139,회사28,Growth Analyst,교육,경력,2025-07-27,0.152
J01278,A0131,P0204,회사31,DA (Data Analyst),교육,인턴,2025-07-27,0.439
J02037,A0210,P0070,회사29,Growth Analyst,교육,계약직,2025-07-27,0.15
J04240,A0441,P0088,회사01,Product Analyst,경영 컨설팅,신입,2025-07-27,0.262
J03950,A0411,P0095,회사25,Product Analyst,물류,계약직,2025-07-27,0.323
J04349,A0454,P0174,회사25,BI Engineer,금융,인턴,2025-07-27,0.99
J00174,A0020,P0235,회사12,Product Analyst,헬스케어,인턴,2025-07-27,0.366
J03339,A0349,P0082,회사27,DA (Data Analyst),헬스케어,경력,2025-07-27,0.788
J04040,A0419,P0194,회사32,BI Engineer,금융,신입,2025-07-27,0.743
J00034,A0005,P0006,회사24,Growth Analyst,물류,신입,2025-07-27,0.634
J00644,A0067,P0195,회사28,Product Analyst,물류,신입,2025-07-27,0.206
J04884,A0510,P0112,회사31,BI Engineer,경영 컨설팅,경력,2025-07-27,0.657
J02486,A0258,P0240,회사11,Data Scientist,교육,신입,2025-07-27,0.255
J00886,A0091,P0236,회사26,BA (Business Analyst),리테일,신입,2025-07-27,0.619
J04838,A0505,P0037,회사23,BA (Business Analyst),모바일·APP,경력,2025-07-27,0.441
J02377,A0245,P0197,회사12,Data Scientist,리테일,신입,2025-07-27,0.458
J03254,A0339,P0204,회사31,DA (Data Analyst),교육,인턴,2025-07-27,0.427
J04303,A0449,P0208,회사19,DA (Data Analyst),금융,전환형 인턴,2025-07-27,0.303
J03198,A0334,P0035,회사19,Data Scientist,물류,인턴,2025-07-28,0.385
J04500,A0468,P0219,회사27,Product Analyst,미디어,인턴,2025-07-28,0.321
J00225,A0024,P0142,회사15,BI Engineer,교육,경력,2025-07-28,0.603
J00071,A0008,P0210,회사26,Growth Analyst,,신입,2025-07-28,0.725
J01529,A0151,P0143,회사23,Product Analyst,교육,인턴,2025-07-28,0.03
J03140,A0326,P0052,회사12,Data Scientist,교육,인턴,2025-07-28,0.737
J03103,A0323,P0184,회사28,DA (Data Analyst),게임,전환형 인턴,2025-07-28,0.719
J00393,A0041,P0097,회사23,Growth Analyst,모바일·APP,신입,2025-07-28,0.895
J02020,A0207,P0031,회사27,BI Engineer,물류,신입,2025-07-28,0.755
J04473,A0467,P0139,회사28,Growth Analyst,교육,경력,2025-07-28,0.408
J01775,A0176,P0002,회사20,Product Analyst,게임,신입,2025-07-28,0.661
J00294,A0032,P0116,회사32,BA (Business Analyst),금융,전환형 인턴,2025-07-28,0.275
J03369,A0351,P0083,회사22,BI Engineer,배달/배송,경력,2025-07-28,0.75
J04795,A0499,P0067,회사25,BA (Business Analyst),미디어,전환형 인턴,2025-07-28,0.936
J00095,A0011,P0172,회사26,BI Engineer,경영 컨설팅,경력,2025-07-28,0.459
J01389,A0140,P0178,회사21,Data Scientist,물류,계약직,2025-07-28,0.532
J01624,A0161,P0171,회사31,Product Analyst,경영 컨설팅,계약직,2025-07-29,0.852
J01874,A0189,P0026,회사26,DA (Data Analyst),금융,신입,2025-07-29,0.437
J02352,A0242,P0126,회사16,Growth Analyst,경영 컨설팅,신입,2025-07-29,0.401
J04623,A0482,P0124,회사18,DA (Data Analyst),,경력,2025-07-29,0.441
J03216,A0335,P0090,회사15,DA (Data Analyst),모바일·APP,신입,2025-07-29,0.898
J04339,A0453,P0055,회사30,BA (Business Analyst),리테일,경력,2025-07-29,0.417
J02884,A0298,P0070,회사29,Growth Analyst,교육,계약직,2025-07-29,0.251
J02602,A0271,P0236,회사26,BA (Business Analyst),리테일,신입,2025-07-29,0.725
J03587,A0372,P0028,회사11,BI Engineer,모바일·APP,경력,2025-07-29,0.216
J02149,A0220,P0004,회사19,BA (Business Analyst),교육,신입,2025-07-29,0.139
J02419,A0248,P0021,회사14,BI Engineer,경영 컨설팅,신입,2025-07-29,0.245
J04178,A0435,P0057,회사11,DA (Data Analyst),헬스케어,경력,2025-07-29,0.582
J02892,A0299,P0171,회사31,Product Analyst,경영 컨설팅,계약직,2025-07-30,0.586
J00571,A0060,P0145,회사28,Growth Analyst,,신입,2025-07-30,0.533
J02923,A0303,P0234,회사29,Product Analyst,,인턴,2025-07-30,0.736
J03629,A0376,P0186,회사17,Product Analyst,헬스케어,신입,2025-07-30,0.491
J01949,A0198,P0190,회사31,Growth Analyst,,전환형 인턴,2025-07-30,0.641
J03440,A0359,P0192,회사30,Growth Analyst,헬스케어,신입,2025-07-30,0.662
J01925,A0195,P0091,회사11,Data Scientist,금융,신입,2025-07-30,0.654
J02292,A0236,P0100,회사34,BI Engineer,헬스케어,계약직,2025-07-30,0.302
J03036,A0316,P0056,회사20,Growth Analyst,물류,인턴,2025-07-30,0.097
J04776,A0498,P0115,회사31,BA (Business Analyst),경영 컨설팅,전환형 인턴,2025-07-30,0.308
J04656,A0485,P0089,회사19,DA (Data Analyst),모바일·APP,신입,2025-07-30,0.665
J01479,A0147,P0142,회사15,BI Engineer,교육,경력,2025-07-30,0.466
J01723,A0171,P0108,회사14,BA (Business Analyst),교육,경력,2025-07-30,0.954
J02105,A0216,P0227,회사02,Data Scientist,게임,신입,2025-07-30,0.678
J04606,A0481,P0224,회사16,Growth Analyst,,신입,2025-07-30,0.555
J00813,A0086,P0191,회사22,BI Engineer,,신입,2025-07-31,0.633
J01499,A0148,P0237,회사23,Data Scientist,경영 컨설팅,신입,2025-07-31,0.581
J04304,A0449,P0098,회사11,Data Scientist,게임,신입,2025-07-31,0.713
J03644,A0378,P0195,회사28,Product Analyst,물류,신입,2025-07-31,0.826
J02639,A0275,P0131,회사24,BI Engineer,미디어,경력,2025-07-31,0.02
J04958,A0520,P0057,회사11,DA (Data Analyst),헬스케어,경력,2025-07-31,0.425
J00912,A0093,P0093,회사12,DA (Data Analyst),배달/배송,신입,2025-07-31,0.743
J00858,A0089,P0192,회사30,Growth Analyst,헬스케어,신입,2025-07-31,0.368
J02692,A0280,P0072,회사32,DA (Data Analyst),교육,인턴,2025-07-31,0.899
J02402,A0247,P0119,회사13,Product Analyst,리테일,신입,2025-07-31,0.321
J04688,A0489,P0033,회사14,BA (Business Analyst),금융,전환형 인턴,2025-07-31,0.767
J03609,A0375,P0199,회사21,BA (Business Analyst),물류,경력,2025-08-01,0.912
J00980,A0101,P0007,회사14,BA (Business Analyst),경영 컨설팅,전환형 인턴,2025-08-01,0.02
J04885,A0510,P0139,회사28,Growth Analyst,교육,경력,2025-08-01,0.377
J04197,A0436,P0123,회사20,Product Analyst,배달/배송,경력,2025-08-01,0.99
J01600,A0160,P0226,회사34,Growth Analyst,리테일,전환형 인턴,2025-08-01,0.466
J03741,A0386,P0085,회사26,DA (Data Analyst),물류,경력,2025-08-01,0.497
J01144,A0119,P0026,회사26,DA (Data Analyst),금융,신입,2025-08-01,0.557
J02954,A0306,P0096,회사27,BI Engineer,,신입,2025-08-01,0.262
J02758,A0288,P0088,회사01,Product Analyst,경영 컨설팅,신입,2025-08-01,0.846
J02615,A0273,P0136,회사12,Growth Analyst,모바일·APP,신입,2025-08-01,0.548
J03715,A0383,P0024,회사11,BI Engineer,게임,전환형 인턴,2025-08-01,0.645
J02636,A0274,P0206,회사21,BI Engineer,,경력,2025-08-01,0.337
J00175,A0020,P0024,회사11,BI Engineer,게임,전환형 인턴,2025-08-01,0.238
J03790,A0391,P0210,회사26,Growth Analyst,,신입,2025-08-01,0.465
J04350,A0454,P0157,회사17,Growth Analyst,모바일·APP,전환형 인턴,2025-08-01,0.433
J04839,A0505,P0210,회사26,Growth Analyst,,신입,2025-08-01,0.718
J01355,A0137,P0021,회사14,BI Engineer,경영 컨설팅,신입,2025-08-01,0.403
J04324,A0452,P0234,회사29,Product Analyst,,인턴,2025-08-01,0.551
J01329,A0136,P0217,회사34,BA (Business Analyst),미디어,전환형 인턴,2025-08-01,0.163
J01787,A0177,P0104,회사27,DA (Data Analyst),모바일·APP,신입,2025-08-01,0.278
J03496,A0366,P0191,회사22,BI Engineer,,신입,2025-08-01,0.362
J03566,A0371,P0122,회사21,Product Analyst,,전환형 인턴,2025-08-01,0.559
J03380,A0352,P0144,회사12,BA (Business Analyst),배달/배송,계약직,2025-08-02,0.428
J02275,A0234,P0179,회사26,Product Analyst,금융,계약직,2025-08-02,0.065
J04164,A0434,P0205,회사17,Product Analyst,게임,경력,2025-08-02,0.842
J03060,A0319,P0214,회사22,BA (Business Analyst),,계약직,2025-08-02,0.561
J02245,A0231,P0194,회사32,BI Engineer,금융,신입,2025-08-02,0.677
J01894,A0193,P0179,회사26,Product Analyst,금융,계약직,2025-08-02,0.202
J01530,A0151,P0155,회사19,Product Analyst,모바일·APP,신입,2025-08-02,0.865
J01661,A0165,P0206,회사21,BI Engineer,,경력,2025-08-02,0.789
J04946,A0519,P0131,회사24,BI Engineer,미디어,경력,2025-08-02,0.739
J02185,A0224,P0043,회사12,BI Engineer,리테일,인턴,2025-08-02,0.655
J00712,A0075,P0057,회사11,DA (Data Analyst),헬스케어,경력,2025-08-02,0.226
J00131,A0015,P0119,회사13,Product Analyst,리테일,신입,2025-08-02,0.606
J00299,A0033,P0178,회사21,Data Scientist,물류,계약직,2025-08-02,0.647
J02704,A0282,P0038,회사11,Product Analyst,,신입,2025-08-02,0.285
J02471,A0255,P0146,회사21,Product Analyst,게임,경력,2025-08-02,0.417
J01429,A0143,P0213,회사19,BI Engineer,물류,신입,2025-08-02,0.801
J02487,A0258,P0100,회사34,BI Engineer,헬스케어,계약직,2025-08-02,0.516
J00555,A0058,P0008,회사12,BA (Business Analyst),게임,신입,2025-08-02,0.02
J01080,A0112,P0180,회사17,DA (Data Analyst),,계약직,2025-08-02,0.835
J02983,A0311,P0240,회사11,Data Scientist,교육,신입,2025-08-02,0.651
J01740,A0173,P0059,회사23,Product Analyst,물류,신입,2025-08-03,0.603
J02685,A0279,P0150,회사04,Growth Analyst,배달/배송,경력,2025-08-03,0.56
J03141,A0326,P0208,회사19,DA (Data Analyst),금융,전환형 인턴,2025-08-03,0.912
J02947,A0305,P0073,회사27,BA (Business Analyst),,인턴,2025-08-03,0.107
J03806,A0393,P0024,회사11,BI Engineer,게임,전환형 인턴,2025-08-03,0.02
J03199,A0334,P0239,회사28,Product Analyst,모바일·APP,계약직,2025-08-03,0.653
J03305,A0344,P0110,회사30,Product Analyst,배달/배송,신입,2025-08-03,0.301
J02053,A0211,P0219,회사27,Product Analyst,미디어,인턴,2025-08-03,0.418
J02053,A0211,P0219,회사27,Product Analyst,미디어,인턴,2025-08-03,0.418
J03975,A0412,P0097,회사23,Growth Analyst,모바일·APP,신입,2025-08-03,0.683
J02150,A0220,P0057,회사11,DA (Data Analyst),헬스케어,경력,2025-08-03,0.444
J00188,A0021,P0065,회사21,BI Engineer,모바일·APP,계약직,2025-08-03,0.382
J00419,A0044,P0051,회사28,Data Scientist,물류,신입,2025-08-03,0.749
J01314,A0134,P0090,회사15,DA (Data Analyst),모바일·APP,신입,2025-08-03,0.379
J01570,A0156,P0195,회사28,Product Analyst,물류,신입,2025-08-03,0.101
J01223,A0127,P0212,회사25,BI Engineer,모바일·APP,신입,2025-08-03,0.146
J01210,A0125,P0111,회사29,Product Analyst,배달/배송,신입,2025-08-03,0.355
J04374,A0457,P0219,회사27,Product Analyst,미디어,인턴,2025-08-03,0.649
J02378,A0245,P0024,회사11,BI Engineer,게임,전환형 인턴,2025-08-03,0.062
J03483,A0364,P0060,회사23,BI Engineer,물류,신입,2025-08-03,0.415
J00776,A0083,P0228,회사31,Growth Analyst,헬스케어,경력,2025-08-03,0.22
J01558,A0155,P0056,회사20,Growth Analyst,물류,인턴,2025-08-03,0.218
J01159,A0120,P0144,회사12,BA (Business Analyst),배달/배송,계약직,2025-08-03,0.595
J04501,A0468,P0112,회사31,BI Engineer,경영 컨설팅,경력,2025-08-03,0.345
J04657,A0485,P0196,회사11,BI Engineer,리테일,계약직,2025-08-03,0.347
J02512,A0261,P0192,회사30,Growth Analyst,헬스케어,신입,2025-08-03,0.99
J03672,A0380,P0167,회사12,DA (Data Analyst),리테일,신입,2025-08-03,0.875
J01591,A0158,P0209,회사19,BA (Business Analyst),금융,신입,2025-08-03,0.55
J04607,A0481,P0182,회사12,Data Scientist,금융,인턴,2025-08-03,0.413
J00462,A0049,P0130,회사13,Product Analyst,물류,전환형 인턴,2025-08-04,0.368
J01480,A0147,P0035,회사19,Data Scientist,물류,인턴,2025-08-04,0.246
J03898,A0405,P0128,회사26,Data Scientist,게임,경력,2025-08-04,0.615
J00202,A0022,P0160,회사14,Data Scientist,배달/배송,전환형 인턴,2025-08-04,0.61
J01853,A0187,P0102,회사24,BI Engineer,리테일,전환형 인턴,2025-08-04,0.632
J02436,A0249,P0082,회사27,DA (Data Analyst),헬스케어,경력,2025-08-04,0.273
J03877,A0401,P0072,회사32,DA (Data Analyst),교육,인턴,2025-08-04,0.245
J01021,A0107,P0230,회사13,DA (Data Analyst),물류,경력,2025-08-04,0.657
J01043,A0108,P0209,회사19,BA (Business Analyst),금융,신입,2025-08-04,0.72
J02848,A0296,P0005,회사11,Growth Analyst,,경력,2025-08-04,0.763
J00989,A0103,P0066,회사11,Product Analyst,게임,경력,2025-08-04,0.299
J00226,A0024,P0016,회사22,Data Scientist,게임,경력,2025-08-04,0.671
J03370,A0351,P0033,회사14,BA (Business Analyst),금융,전환형 인턴,2025-08-04,0.547
J00842,A0088,P0220,회사22,DA (Data Analyst),리테일,인턴,2025-08-04,0.488
J01246,A0129,P0047,회사22,BI Engineer,금융,경력,2025-08-04,0.542
J00913,A0093,P0036,회사31,DA (Data Analyst),,경력,2025-08-04,0.938
J02863,A0297,P0039,회사23,Product Analyst,모바일·APP,인턴,2025-08-04,0.557
J01043,A0108,P0209,회사19,BA (Business Analyst),금융,신입,2025-08-04,0.72
J00429,A0045,P0140,회사20,Growth Analyst,모바일·APP,경력,2025-08-04,0.874
J04925,A0515,P0190,회사31,Growth Analyst,,전환형 인턴,2025-08-04,0.505
J02787,A0291,P0172,회사26,BI Engineer,경영 컨설팅,경력,2025-08-05,0.771
J02803,A0292,P0050,회사14,BA (Business Analyst),미디어,신입,2025-08-05,0.441
J04907,A0513,P0011,회사27,Product Analyst,,신입,2025-08-05,0.511
J02616,A0273,P0161,회사21,DA (Data Analyst),리테일,신입,2025-08-05,0.762
J02759,A0288,P0125,회사32,DA (Data Analyst),게임,신입,2025-08-05,0.369
J01776,A0176,P0009,회사20,BA (Business Analyst),물류,경력,2025-08-05,0.672
J02603,A0271,P0027,회사15,DA (Data Analyst),물류,신입,2025-08-05,0.604
J03282,A0342,P0010,회사14,BA (Business Analyst),배달/배송,경력,2025-08-05,0.538
J04725,A0491,P0116,회사32,BA (Business Analyst),금융,전환형 인턴,2025-08-05,0.844
J04449,A0465,P0006,회사24,Growth Analyst,물류,신입,2025-08-05,0.498
J01195,A0123,P0080,회사19,Growth Analyst,게임,경력,2025-08-05,0.298
J04382,A0458,P0047,회사22,BI Engineer,금융,경력,2025-08-05,0.352
J03864,A0400,P0139,회사28,Growth Analyst,교육,경력,2025-08-05,0.277
J04821,A0503,P0219,회사27,Product Analyst,미디어,인턴,2025-08-05,0.177
J02353,A0242,P0181,회사12,BA (Business Analyst),,신입,2025-08-05,0.763
J04777,A0498,P0190,회사31,Growth Analyst,,전환형 인턴,2025-08-05,0.37
J02038,A0210,P0120,회사26,DA (Data Analyst),게임,신입,2025-08-05,0.656
J04474,A0467,P0094,회사19,BI Engineer,금융,신입,2025-08-05,0.504
J00645,A0067,P0072,회사32,DA (Data Analyst),교육,인턴,2025-08-05,0.493
J00340,A0037,P0006,회사24,Growth Analyst,물류,신입,2025-08-05,0.639
J00387,A0040,P0144,회사12,BA (Business Analyst),배달/배송,계약직,2025-08-05,0.096
J03119,A0324,P0217,회사34,BA (Business Analyst),미디어,전환형 인턴,2025-08-06,0.502
J04068,A0423,P0092,회사25,Product Analyst,헬스케어,전환형 인턴,2025-08-06,0.409
J03929,A0410,P0054,회사11,Growth Analyst,물류,인턴,2025-08-06,0.53
J02893,A0299,P0089,회사19,DA (Data Analyst),모바일·APP,신입,2025-08-06,0.53
J02021,A0207,P0213,회사19,BI Engineer,물류,신입,2025-08-06,0.511
J04709,A0490,P0079,회사08,Growth Analyst,게임,신입,2025-08-06,0.371
J03831,A0395,P0214,회사22,BA (Business Analyst),,계약직,2025-08-06,0.663
J02276,A0234,P0048,회사12,Growth Analyst,교육,신입,2025-08-06,0.117
J04767,A0497,P0080,회사19,Growth Analyst,게임,경력,2025-08-06,0.817
J00620,A0064,P0128,회사26,Data Scientist,게임,경력,2025-08-06,0.451
J01462,A0146,P0133,회사13,Data Scientist,헬스케어,신입,2025-08-06,0.765
J02420,A0248,P0129,회사17,Growth Analyst,경영 컨설팅,신입,2025-08-06,0.336
J03104,A0323,P0081,회사34,DA (Data Analyst),교육,계약직,2025-08-06,0.565
J01650,A0164,P0009,회사20,BA (Business Analyst),물류,경력,2025-08-06,0.639
J02029,A0209,P0033,회사14,BA (Business Analyst),금융,전환형 인턴,2025-08-06,0.555
J04165,A0434,P0180,회사17,DA (Data Analyst),,계약직,2025-08-07,0.525
J01926,A0195,P0002,회사20,Product Analyst,게임,신입,2025-08-07,0.656
J03665,A0379,P0226,회사34,Growth Analyst,리테일,전환형 인턴,2025-08-07,0.547
J03716,A0383,P0094,회사19,BI Engineer,금융,신입,2025-08-07,0.496
J01390,A0140,P0077,회사15,BA (Business Analyst),,경력,2025-08-07,0.417
J02106,A0216,P0222,회사17,Product Analyst,,경력,2025-08-07,0.471
J04658,A0485,P0136,회사12,Growth Analyst,모바일·APP,신입,2025-08-07,0.226
J03401,A0355,P0229,회사18,Data Scientist,배달/배송,계약직,2025-08-07,0.492
J00132,A0015,P0144,회사12,BA (Business Analyst),배달/배송,계약직,2025-08-07,0.468
J02640,A0275,P0199,회사21,BA (Business Analyst),물류,경력,2025-08-07,0.407
J03807,A0393,P0079,회사08,Growth Analyst,게임,신입,2025-08-07,0.137
J02955,A0306,P0017,회사20,BA (Business Analyst),헬스케어,신입,2025-08-07,0.628
J00713,A0075,P0025,회사29,DA (Data Analyst),리테일,인턴,2025-08-07,0.474
J03340,A0349,P0108,회사14,BA (Business Analyst),교육,경력,2025-08-07,0.706
J02821,A0293,P0137,회사23,Product Analyst,모바일·APP,신입,2025-08-07,0.39
J03311,A0345,P0199,회사21,BA (Business Analyst),물류,경력,2025-08-08,0.817
J04796,A0499,P0185,회사11,DA (Data Analyst),물류,전환형 인턴,2025-08-08,0.735
J00247,A0027,P0142,회사15,BI Engineer,교육,경력,2025-08-08,0.447
J02864,A0297,P0087,회사03,Product Analyst,헬스케어,신입,2025-08-08,0.442
J01500,A0148,P0072,회사32,DA (Data Analyst),교육,인턴,2025-08-08,0.335
J03976,A0412,P0025,회사29,DA (Data Analyst),리테일,인턴,2025-08-08,0.331
J03311,A0345,P0199,회사21,BA (Business Analyst),물류,경력,2025-08-08,0.817
J00556,A0058,P0147,회사20,BA (Business Analyst),게임,전환형 인턴,2025-08-08,0.34
J00096,A0011,P0108,회사14,BA (Business Analyst),교육,경력,2025-08-08,0.623
J03497,A0366,P0087,회사03,Product Analyst,헬스케어,신입,2025-08-08,0.487
J02777,A0289,P0214,회사22,BA (Business Analyst),,계약직,2025-08-08,0.724
J04959,A0520,P0170,회사26,Growth Analyst,게임,경력,2025-08-08,0.366
J02115,A0217,P0119,회사13,Product Analyst,리테일,신입,2025-08-08,0.779
J00227,A0024,P0001,회사22,Product Analyst,물류,신입,2025-08-08,0.401
J00494,A0051,P0012,회사16,Growth Analyst,금융,경력,2025-08-08,0.488
J00300,A0033,P0126,회사16,Growth Analyst,경영 컨설팅,신입,2025-08-08,0.261
J04502,A0468,P0089,회사19,DA (Data Analyst),모바일·APP,신입,2025-08-08,0.518
J03742,A0386,P0192,회사30,Growth Analyst,헬스케어,신입,2025-08-08,0.049
J03891,A0404,P0018,회사24,BI Engineer,리테일,계약직,2025-08-08,0.795
J03283,A0342,P0233,회사18,BA (Business Analyst),게임,신입,2025-08-09,0.337
J04124,A0429,P0226,회사34,Growth Analyst,리테일,전환형 인턴,2025-08-09,0.771
J01875,A0189,P0063,회사13,DA (Data Analyst),게임,신입,2025-08-09,0.508
J01571,A0156,P0136,회사12,Growth Analyst,모바일·APP,신입,2025-08-09,0.5
J01224,A0127,P0119,회사13,Product Analyst,리테일,신입,2025-08-09,0.521
J04241,A0441,P0214,회사22,BA (Business Analyst),,계약직,2025-08-09,0.637
J02393,A0246,P0149,회사13,DA (Data Analyst),리테일,계약직,2025-08-09,0.472
J01592,A0158,P0154,회사34,BA (Business Analyst),미디어,경력,2025-08-09,0.387
J03791,A0391,P0010,회사14,BA (Business Analyst),배달/배송,경력,2025-08-09,0.588
J04269,A0445,P0004,회사19,BA (Business Analyst),교육,신입,2025-08-09,0.653
J01356,A0137,P0196,회사11,BI Engineer,리테일,계약직,2025-08-09,0.755
J04450,A0465,P0021,회사14,BI Engineer,경영 컨설팅,신입,2025-08-09,0.387
J00035,A0005,P0053,회사31,BA (Business Analyst),헬스케어,경력,2025-08-09,0.374
J01724,A0171,P0171,회사31,Product Analyst,경영 컨설팅,계약직,2025-08-09,0.72
J01625,A0161,P0002,회사20,Product Analyst,게임,신입,2025-08-09,0.803
J04351,A0454,P0147,회사20,BA (Business Analyst),게임,전환형 인턴,2025-08-10,0.739
J01430,A0143,P0154,회사34,BA (Business Analyst),미디어,경력,2025-08-10,0.565
J01315,A0134,P0225,회사33,Data Scientist,헬스케어,경력,2025-08-10,0.721
J02488,A0258,P0074,회사20,BI Engineer,배달/배송,신입,2025-08-10,0.485
J01279,A0131,P0208,회사19,DA (Data Analyst),금융,전환형 인턴,2025-08-10,0.472
J04041,A0419,P0085,회사26,DA (Data Analyst),물류,경력,2025-08-10,0.501
J02849,A0296,P0028,회사11,BI Engineer,모바일·APP,경력,2025-08-10,0.669
J00887,A0091,P0204,회사31,DA (Data Analyst),교육,인턴,2025-08-10,0.314
J00267,A0029,P0091,회사11,Data Scientist,금융,신입,2025-08-10,0.68
J01022,A0107,P0007,회사14,BA (Business Analyst),경영 컨설팅,전환형 인턴,2025-08-10,0.575
J03630,A0376,P0201,회사33,BA (Business Analyst),물류,경력,2025-08-10,0.912
J03951,A0411,P0159,회사17,Data Scientist,경영 컨설팅,신입,2025-08-10,0.778
J02437,A0249,P0098,회사11,Data Scientist,게임,신입,2025-08-10,0.746
J03061,A0319,P0201,회사33,BA (Business Analyst),물류,경력,2025-08-10,0.319
J02379,A0245,P0207,회사12,Growth Analyst,게임,신입,2025-08-10,0.429
J03255,A0339,P0173,회사33,DA (Data Analyst),배달/배송,계약직,2025-08-10,0.571
J03673,A0380,P0149,회사13,DA (Data Analyst),리테일,계약직,2025-08-10,0.675
J01683,A0167,P0239,회사28,Product Analyst,모바일·APP,계약직,2025-08-10,0.609
J00572,A0060,P0145,회사28,Growth Analyst,,신입,2025-08-10,0.202
J03645,A0378,P0196,회사11,BI Engineer,리테일,계약직,2025-08-11,0.854
J02686,A0279,P0083,회사22,BI Engineer,배달/배송,경력,2025-08-11,0.629
J03200,A0334,P0098,회사11,Data Scientist,게임,신입,2025-08-11,0.385
J04908,A0513,P0100,회사34,BI Engineer,헬스케어,계약직,2025-08-11,0.851
J00176,A0020,P0192,회사30,Growth Analyst,헬스케어,신입,2025-08-11,0.395
J01662,A0165,P0055,회사30,BA (Business Analyst),리테일,경력,2025-08-11,0.683
J02885,A0298,P0146,회사21,Product Analyst,게임,경력,2025-08-11,0.344
J02054,A0211,P0172,회사26,BI Engineer,경영 컨설팅,경력,2025-08-11,0.114
J02885,A0298,P0146,회사21,Product Analyst,게임,경력,2025-08-11,0.344
J04375,A0457,P0209,회사19,BA (Business Analyst),금융,신입,2025-08-11,0.808
J02151,A0220,P0117,회사19,BI Engineer,,신입,2025-08-11,0.306
J01081,A0112,P0074,회사20,BI Engineer,배달/배송,신입,2025-08-11,0.78
J04198,A0436,P0086,회사18,BI Engineer,교육,경력,2025-08-11,0.899
J03392,A0353,P0111,회사29,Product Analyst,배달/배송,신입,2025-08-11,0.304
J02984,A0311,P0130,회사13,Product Analyst,물류,전환형 인턴,2025-08-11,0.455
J00914,A0093,P0052,회사12,Data Scientist,교육,인턴,2025-08-11,0.931
J01531,A0151,P0210,회사26,Growth Analyst,,신입,2025-08-12,0.223
J02293,A0236,P0199,회사21,BA (Business Analyst),물류,경력,2025-08-12,0.546
J04840,A0505,P0007,회사14,BA (Business Analyst),경영 컨설팅,전환형 인턴,2025-08-12,0.719
J03142,A0326,P0064,회사27,Growth Analyst,헬스케어,경력,2025-08-12,0.847
J00557,A0058,P0156,회사22,BA (Business Analyst),헬스케어,계약직,2025-08-12,0.478
J03105,A0323,P0092,회사25,Product Analyst,헬스케어,전환형 인턴,2025-08-12,0.317
J03892,A0404,P0211,회사11,Product Analyst,경영 컨설팅,경력,2025-08-12,0.65
J03865,A0400,P0179,회사26,Product Analyst,금융,계약직,2025-08-12,0.408
J03264,A0341,P0097,회사23,Growth Analyst,모바일·APP,신입,2025-08-12,0.162
J03484,A0364,P0029,회사18,Product Analyst,게임,신입,2025-08-12,0.641
J04624,A0482,P0142,회사15,BI Engineer,교육,경력,2025-08-12,0.818
J00777,A0083,P0094,회사19,BI Engineer,금융,신입,2025-08-12,0.654
J02617,A0273,P0126,회사16,Growth Analyst,경영 컨설팅,신입,2025-08-12,0.468
J00646,A0067,P0238,회사25,BI Engineer,금융,전환형 인턴,2025-08-12,0.109
J01950,A0198,P0109,회사32,BA (Business Analyst),배달/배송,전환형 인턴,2025-08-12,0.504
J04166,A0434,P0038,회사11,Product Analyst,,신입,2025-08-12,0.557
J01463,A0146,P0171,회사31,Product Analyst,경영 컨설팅,계약직,2025-08-12,0.885
J04633,A0483,P0172,회사26,BI Engineer,경영 컨설팅,경력,2025-08-12,0.644
J00814,A0086,P0198,회사22,BA (Business Analyst),게임,계약직,2025-08-12,0.347
J01044,A0108,P0211,회사11,Product Analyst,경영 컨설팅,경력,2025-08-12,0.605
J02039,A0210,P0026,회사26,DA (Data Analyst),금융,신입,2025-08-13,0.102
J03447,A0360,P0115,회사31,BA (Business Analyst),경영 컨설팅,전환형 인턴,2025-08-13,0.107
J01788,A0177,P0184,회사28,DA (Data Analyst),게임,전환형 인턴,2025-08-13,0.264
J02186,A0224,P0199,회사21,BA (Business Analyst),물류,경력,2025-08-13,0.43
J01145,A0119,P0059,회사23,Product Analyst,물류,신입,2025-08-13,0.99
J03120,A0324,P0237,회사23,Data Scientist,경영 컨설팅,신입,2025-08-13,0.367
J03441,A0359,P0159,회사17,Data Scientist,경영 컨설팅,신입,2025-08-13,0.617
J01196,A0123,P0237,회사23,Data Scientist,경영 컨설팅,신입,2025-08-13,0.166
J02956,A0306,P0222,회사17,Product Analyst,,경력,2025-08-13,0.353
J03037,A0316,P0081,회사34,DA (Data Analyst),교육,계약직,2025-08-13,0.384
J03381,A0352,P0021,회사14,BI Engineer,경영 컨설팅,신입,2025-08-13,0.155
J03977,A0412,P0208,회사19,DA (Data Analyst),금융,전환형 인턴,2025-08-13,0.8
J04689,A0489,P0005,회사11,Growth Analyst,,경력,2025-08-13,0.907
J01539,A0153,P0216,회사17,BA (Business Analyst),모바일·APP,경력,2025-08-13,0.581
J03341,A0349,P0120,회사26,DA (Data Analyst),게임,신입,2025-08-13,0.86
J04270,A0445,P0239,회사28,Product Analyst,모바일·APP,계약직,2025-08-13,0.657
J00394,A0041,P0027,회사15,DA (Data Analyst),물류,신입,2025-08-13,0.694
J01651,A0164,P0114,회사27,Growth Analyst,모바일·APP,전환형 인턴,2025-08-13,0.436
J02641,A0275,P0082,회사27,DA (Data Analyst),헬스케어,경력,2025-08-13,0.406
J01419,A0142,P0177,회사22,Growth Analyst,경영 컨설팅,경력,2025-08-13,0.495
J01559,A0155,P0122,회사21,Product Analyst,,전환형 인턴,2025-08-13,0.458
J03217,A0335,P0015,회사11,Data Scientist,모바일·APP,신입,2025-08-13,0.99
J02246,A0231,P0011,회사27,Product Analyst,,신입,2025-08-13,0.315
J02421,A0248,P0184,회사28,DA (Data Analyst),게임,전환형 인턴,2025-08-13,0.638
J00248,A0027,P0165,회사16,Data Scientist,물류,신입,2025-08-14,0.29
J02788,A0291,P0140,회사20,Growth Analyst,모바일·APP,경력,2025-08-14,0.719
J04352,A0454,P0150,회사04,Growth Analyst,배달/배송,경력,2025-08-14,0.862
J04960,A0520,P0010,회사14,BA (Business Analyst),배달/배송,경력,2025-08-14,0.599
J03588,A0372,P0015,회사11,Data Scientist,모바일·APP,신입,2025-08-14,0.667
J02513,A0261,P0201,회사33,BA (Business Analyst),물류,경력,2025-08-14,0.584
J00621,A0064,P0232,회사17,BI Engineer,물류,신입,2025-08-14,0.683
J00990,A0103,P0205,회사17,Product Analyst,게임,경력,2025-08-14,0.441
J01777,A0176,P0063,회사13,DA (Data Analyst),게임,신입,2025-08-14,0.456
J04608,A0481,P0092,회사25,Product Analyst,헬스케어,전환형 인턴,2025-08-14,0.609
J03306,A0344,P0227,회사02,Data Scientist,게임,신입,2025-08-14,0.165
J04179,A0435,P0209,회사19,BA (Business Analyst),금융,신입,2025-08-14,0.53
J04710,A0490,P0062,회사21,Data Scientist,경영 컨설팅,경력,2025-08-14,0.459
J00859,A0089,P0138,회사11,BI Engineer,물류,신입,2025-08-14,0.096
J03498,A0366,P0092,회사25,Product Analyst,헬스케어,전환형 인턴,2025-08-15,0.567
J01160,A0120,P0082,회사27,DA (Data Analyst),헬스케어,경력,2025-08-15,0.832
J03498,A0366,P0092,회사25,Product Analyst,헬스케어,전환형 인턴,2025-08-15,0.567
J01593,A0158,P0221,회사32,Growth Analyst,교육,계약직,2025-08-15,0.606
J01741,A0173,P0224,회사16,Growth Analyst,,신입,2025-08-15,0.386
J00714,A0075,P0141,회사13,BA (Business Analyst),헬스케어,전환형 인턴,2025-08-15,0.271
J03878,A0401,P0038,회사11,Product Analyst,,신입,2025-08-15,0.259
J02604,A0271,P0174,회사25,BI Engineer,금융,인턴,2025-08-15,0.497
J02924,A0303,P0129,회사17,Growth Analyst,경영 컨설팅,신입,2025-08-15,0.741
J04475,A0467,P0042,회사19,Data Scientist,헬스케어,경력,2025-08-15,0.573
J04503,A0468,P0037,회사23,BA (Business Analyst),모바일·APP,경력,2025-08-15,0.174
J04383,A0458,P0216,회사17,BA (Business Analyst),모바일·APP,경력,2025-08-15,0.617
J02693,A0280,P0236,회사26,BA (Business Analyst),리테일,신입,2025-08-15,0.601
J02277,A0234,P0018,회사24,BI Engineer,리테일,계약직,2025-08-15,0.392
J03610,A0375,P0102,회사24,BI Engineer,리테일,전환형 인턴,2025-08-15,0.551
J00915,A0093,P0076,회사24,DA (Data Analyst),헬스케어,신입,2025-08-15,0.505
J04305,A0449,P0234,회사29,Product Analyst,,인턴,2025-08-16,0.02
J00407,A0043,P0114,회사27,Growth Analyst,모바일·APP,전환형 인턴,2025-08-16,0.831
J04886,A0510,P0124,회사18,DA (Data Analyst),,경력,2025-08-16,0.487
J02403,A0247,P0019,회사17,Growth Analyst,모바일·APP,인턴,2025-08-16,0.464
J02850,A0296,P0003,회사28,BA (Business Analyst),교육,전환형 인턴,2025-08-16,0.99
J01464,A0146,P0239,회사28,Product Analyst,모바일·APP,계약직,2025-08-16,0.818
J02472,A0255,P0208,회사19,DA (Data Analyst),금융,전환형 인턴,2025-08-16,0.472
J01854,A0187,P0155,회사19,Product Analyst,모바일·APP,신입,2025-08-16,0.822
J01854,A0187,P0155,회사19,Product Analyst,모바일·APP,신입,2025-08-16,0.822
J03265,A0341,P0233,회사18,BA (Business Analyst),게임,신입,2025-08-16,0.02
J01481,A0147,P0217,회사34,BA (Business Analyst),미디어,전환형 인턴,2025-08-16,0.126
J00189,A0021,P0109,회사32,BA (Business Analyst),배달/배송,전환형 인턴,2025-08-16,0.417
J01023,A0107,P0215,회사28,BA (Business Analyst),물류,전환형 인턴,2025-08-16,0.712
J04069,A0423,P0223,회사13,Growth Analyst,미디어,경력,2025-08-16,0.202
J03832,A0395,P0140,회사20,Growth Analyst,모바일·APP,경력,2025-08-16,0.631
J02116,A0217,P0128,회사26,Data Scientist,게임,경력,2025-08-16,0.447
J01895,A0193,P0231,회사19,Product Analyst,금융,전환형 인턴,2025-08-16,0.905
J04125,A0429,P0179,회사26,Product Analyst,금융,계약직,2025-08-17,0.02
J02705,A0282,P0110,회사30,Product Analyst,배달/배송,신입,2025-08-17,0.419
J03674,A0380,P0220,회사22,DA (Data Analyst),리테일,인턴,2025-08-17,0.99
J00463,A0049,P0142,회사15,BI Engineer,교육,경력,2025-08-17,0.536
J04456,A0466,P0190,회사31,Growth Analyst,,전환형 인턴,2025-08-17,0.817
J01601,A0160,P0232,회사17,BI Engineer,물류,신입,2025-08-17,0.544
J03256,A0339,P0235,회사12,Product Analyst,헬스케어,인턴,2025-08-17,0.507
J03567,A0371,P0079,회사08,Growth Analyst,게임,신입,2025-08-17,0.197
J03382,A0352,P0195,회사28,Product Analyst,물류,신입,2025-08-17,0.242
J04325,A0452,P0109,회사32,BA (Business Analyst),배달/배송,전환형 인턴,2025-08-17,0.661
J04275,A0446,P0043,회사12,BI Engineer,리테일,인턴,2025-08-17,0.535
J04271,A0445,P0039,회사23,Product Analyst,모바일·APP,인턴,2025-08-17,0.677
J04376,A0457,P0173,회사33,DA (Data Analyst),배달/배송,계약직,2025-08-17,0.607
J01330,A0136,P0182,회사12,Data Scientist,금융,인턴,2025-08-17,0.604
J02107,A0216,P0101,회사18,BA (Business Analyst),,신입,2025-08-17,0.612
J00647,A0067,P0104,회사27,DA (Data Analyst),모바일·APP,신입,2025-08-17,0.361
J01876,A0189,P0063,회사13,DA (Data Analyst),게임,신입,2025-08-17,0.233
J00036,A0005,P0084,회사20,Product Analyst,,경력,2025-08-18,0.797
J04947,A0519,P0011,회사27,Product Analyst,,신입,2025-08-18,0.643
J01211,A0125,P0040,회사30,BA (Business Analyst),,신입,2025-08-18,0.187
J03631,A0376,P0198,회사22,BA (Business Analyst),게임,계약직,2025-08-18,0.503
J03393,A0353,P0061,회사11,Growth Analyst,게임,신입,2025-08-18,0.588
J01951,A0198,P0007,회사14,BA (Business Analyst),경영 컨설팅,전환형 인턴,2025-08-18,0.286
J03808,A0393,P0238,회사25,BI Engineer,금융,전환형 인턴,2025-08-18,0.158
J02489,A0258,P0175,회사22,Data Scientist,금융,신입,2025-08-18,0.365
J04180,A0435,P0160,회사14,Data Scientist,배달/배송,전환형 인턴,2025-08-18,0.198
J02030,A0209,P0171,회사31,Product Analyst,경영 컨설팅,계약직,2025-08-18,0.02
J03442,A0359,P0143,회사23,Product Analyst,교육,인턴,2025-08-18,0.909
J04926,A0515,P0029,회사18,Product Analyst,게임,신입,2025-08-18,0.733
J01927,A0195,P0024,회사11,BI Engineer,게임,전환형 인턴,2025-08-18,0.649
J01927,A0195,P0024,회사11,BI Engineer,게임,전환형 인턴,2025-08-18,0.649
J04822,A0503,P0231,회사19,Product Analyst,금융,전환형 인턴,2025-08-18,0.802
J01684,A0167,P0109,회사32,BA (Business Analyst),배달/배송,전환형 인턴,2025-08-18,0.358
J00815,A0086,P0078,회사19,Product Analyst,,경력,2025-08-18,0.496
J04778,A0498,P0151,회사11,Data Scientist,게임,신입,2025-08-19,0.228
J00228,A0024,P0024,회사11,BI Engineer,게임,전환형 인턴,2025-08-19,0.46
J01225,A0127,P0168,회사26,Data Scientist,미디어,경력,2025-08-19,0.02
J02985,A0311,P0128,회사26,Data Scientist,게임,경력,2025-08-19,0.855
J01742,A0173,P0124,회사18,DA (Data Analyst),,경력,2025-08-19,0.382
J03394,A0354,P0081,회사34,DA (Data Analyst),교육,계약직,2025-08-19,0.494
J03062,A0319,P0190,회사31,Growth Analyst,,전환형 인턴,2025-08-19,0.276
J01986,A0204,P0074,회사20,BI Engineer,배달/배송,신입,2025-08-19,0.154
J03952,A0411,P0220,회사22,DA (Data Analyst),리테일,인턴,2025-08-19,0.42
J00268,A0029,P0004,회사19,BA (Business Analyst),교육,신입,2025-08-19,0.662
J00203,A0022,P0169,회사14,Data Scientist,리테일,경력,2025-08-19,0.692
J01532,A0151,P0003,회사28,BA (Business Analyst),교육,전환형 인턴,2025-08-19,0.171
J01357,A0137,P0140,회사20,Growth Analyst,모바일·APP,경력,2025-08-19,0.419
J03402,A0355,P0196,회사11,BI Engineer,리테일,계약직,2025-08-19,0.643
J02040,A0210,P0081,회사34,DA (Data Analyst),교육,계약직,2025-08-19,0.362
J04887,A0510,P0212,회사25,BI Engineer,모바일·APP,신입,2025-08-20,0.558
J03879,A0401,P0100,회사34,BI Engineer,헬스케어,계약직,2025-08-20,0.449
J04659,A0485,P0186,회사17,Product Analyst,헬스케어,신입,2025-08-20,0.642
J02687,A0279,P0120,회사26,DA (Data Analyst),게임,신입,2025-08-20,0.387
J01699,A0169,P0169,회사14,Data Scientist,리테일,경력,2025-08-20,0.351
J01572,A0156,P0102,회사24,BI Engineer,리테일,전환형 인턴,2025-08-20,0.096
J03201,A0334,P0197,회사12,Data Scientist,리테일,신입,2025-08-20,0.518
J02804,A0292,P0063,회사13,DA (Data Analyst),게임,신입,2025-08-20,0.404
J00991,A0103,P0167,회사12,DA (Data Analyst),리테일,신입,2025-08-20,0.15
J00843,A0088,P0120,회사26,DA (Data Analyst),게임,신입,2025-08-20,0.634
J02822,A0293,P0132,회사21,DA (Data Analyst),금융,계약직,2025-08-20,0.474
J00430,A0045,P0046,회사25,Growth Analyst,미디어,전환형 인턴,2025-08-20,0.99
J03312,A0345,P0057,회사11,DA (Data Analyst),헬스케어,경력,2025-08-20,0.218
J03371,A0351,P0049,회사30,DA (Data Analyst),물류,계약직,2025-08-20,0.673
J00301,A0033,P0005,회사11,Growth Analyst,,경력,2025-08-20,0.545
J00408,A0043,P0210,회사26,Growth Analyst,,신입,2025-08-20,0.671
J01976,A0202,P0031,회사27,BI Engineer,물류,신입,2025-08-20,0.687
J04726,A0491,P0188,회사09,BI Engineer,교육,신입,2025-08-20,0.446
J01247,A0129,P0045,회사11,Product Analyst,경영 컨설팅,인턴,2025-08-20,0.613
J00573,A0060,P0024,회사11,BI Engineer,게임,전환형 인턴,2025-08-20,0.2
J01663,A0165,P0196,회사11,BI Engineer,리테일,계약직,2025-08-21,0.614
J00388,A0040,P0236,회사26,BA (Business Analyst),리테일,신입,2025-08-21,0.819
J02022,A0207,P0025,회사29,DA (Data Analyst),리테일,인턴,2025-08-21,0.605
J02865,A0297,P0144,회사12,BA (Business Analyst),배달/배송,계약직,2025-08-21,0.328
J03611,A0375,P0231,회사19,Product Analyst,금융,전환형 인턴,2025-08-21,0.159
J03795,A0392,P0007,회사14,BA (Business Analyst),경영 컨설팅,전환형 인턴,2025-08-21,0.427
J03792,A0391,P0040,회사30,BA (Business Analyst),,신입,2025-08-21,0.743
J01391,A0140,P0040,회사30,BA (Business Analyst),,신입,2025-08-21,0.02
J02152,A0220,P0025,회사29,DA (Data Analyst),리테일,인턴,2025-08-21,0.02
J01789,A0177,P0096,회사27,BI Engineer,,신입,2025-08-21,0.412
J03143,A0326,P0200,회사27,DA (Data Analyst),금융,신입,2025-08-21,0.62
J00341,A0037,P0074,회사20,BI Engineer,배달/배송,신입,2025-08-21,0.672
J03743,A0386,P0001,회사22,Product Analyst,물류,신입,2025-08-21,0.459
J04768,A0497,P0235,회사12,Product Analyst,헬스케어,인턴,2025-08-21,0.591
J00249,A0027,P0192,회사30,Growth Analyst,헬스케어,신입,2025-08-21,0.674
J01146,A0119,P0189,회사12,Product Analyst,미디어,신입,2025-08-21,0.406
J03893,A0404,P0131,회사24,BI Engineer,미디어,경력,2025-08-21,0.695
J03485,A0364,P0180,회사17,DA (Data Analyst),,계약직,2025-08-21,0.67
J04634,A0483,P0067,회사25,BA (Business Analyst),미디어,전환형 인턴,2025-08-21,0.779
J03792,A0391,P0040,회사30,BA (Business Analyst),,신입,2025-08-21,0.743
J02473,A0255,P0080,회사19,Growth Analyst,게임,경력,2025-08-21,0.533
J01431,A0143,P0009,회사20,BA (Business Analyst),물류,경력,2025-08-21,0.42
J03666,A0379,P0036,회사31,DA (Data Analyst),,경력,2025-08-21,0.388
J03930,A0410,P0147,회사20,BA (Business Analyst),게임,전환형 인턴,2025-08-21,0.583
J03675,A0380,P0091,회사11,Data Scientist,금융,신입,2025-08-21,0.957
J03307,A0344,P0103,회사33,DA (Data Analyst),모바일·APP,신입,2025-08-21,0.285
J02514,A0261,P0135,회사20,Product Analyst,,인턴,2025-08-21,0.548
J00395,A0041,P0144,회사12,BA (Business Analyst),배달/배송,계약직,2025-08-21,0.633
J03257,A0340,P0228,회사31,Growth Analyst,헬스케어,경력,2025-08-21,0.265
J03589,A0372,P0099,회사26,BA (Business Analyst),물류,경력,2025-08-21,0.07
J00684,A0072,P0004,회사19,BA (Business Analyst),교육,신입,2025-08-22,0.504
J01778,A0176,P0066,회사11,Product Analyst,게임,경력,2025-08-22,0.841
J01652,A0164,P0132,회사21,DA (Data Analyst),금융,계약직,2025-08-22,0.217
J00133,A0015,P0209,회사19,BA (Business Analyst),금융,신입,2025-08-22,0.578
J04711,A0490,P0196,회사11,BI Engineer,리테일,계약직,2025-08-22,0.836
J00495,A0051,P0005,회사11,Growth Analyst,,경력,2025-08-22,0.676
J02894,A0299,P0089,회사19,DA (Data Analyst),모바일·APP,신입,2025-08-22,0.99
J02380,A0245,P0182,회사12,Data Scientist,금융,인턴,2025-08-22,0.265
J00622,A0064,P0198,회사22,BA (Business Analyst),게임,계약직,2025-08-22,0.338
J01197,A0123,P0206,회사21,BI Engineer,,경력,2025-08-22,0.34
J04276,A0446,P0154,회사34,BA (Business Analyst),미디어,경력,2025-08-22,0.99
J04476,A0467,P0229,회사18,Data Scientist,배달/배송,계약직,2025-08-22,0.641
J02851,A0296,P0226,회사34,Growth Analyst,리테일,전환형 인턴,2025-08-22,0.465
J04326,A0452,P0149,회사13,DA (Data Analyst),리테일,계약직,2025-08-22,0.99
J03717,A0383,P0037,회사23,BA (Business Analyst),모바일·APP,경력,2025-08-22,0.735
J01082,A0112,P0124,회사18,DA (Data Analyst),,경력,2025-08-23,0.796
J04797,A0499,P0065,회사21,BI Engineer,모바일·APP,계약직,2025-08-23,0.609
J01560,A0155,P0117,회사19,BI Engineer,,신입,2025-08-23,0.145
J00238,A0026,P0060,회사23,BI Engineer,물류,신입,2025-08-23,0.247
J01501,A0148,P0130,회사13,Product Analyst,물류,전환형 인턴,2025-08-23,0.396
J04242,A0441,P0133,회사13,Data Scientist,헬스케어,신입,2025-08-23,0.526
J01212,A0125,P0204,회사31,DA (Data Analyst),교육,인턴,2025-08-23,0.634
J04272,A0445,P0029,회사18,Product Analyst,게임,신입,2025-08-23,0.806
J04961,A0520,P0169,회사14,Data Scientist,리테일,경력,2025-08-23,0.812
J00778,A0083,P0146,회사21,Product Analyst,게임,경력,2025-08-23,0.357
J03632,A0376,P0181,회사12,BA (Business Analyst),,신입,2025-08-23,0.675
J00464,A0049,P0129,회사17,Growth Analyst,경영 컨설팅,신입,2025-08-23,0.582
J00097,A0011,P0222,회사17,Product Analyst,,경력,2025-08-23,0.512
J02789,A0291,P0122,회사21,Product Analyst,,전환형 인턴,2025-08-23,0.684
J02618,A0273,P0217,회사34,BA (Business Analyst),미디어,전환형 인턴,2025-08-23,0.736
J03106,A0323,P0179,회사26,Product Analyst,금융,계약직,2025-08-23,0.883
J04581,A0478,P0123,회사20,Product Analyst,배달/배송,경력,2025-08-23,0.186
J04167,A0434,P0076,회사24,DA (Data Analyst),헬스케어,신입,2025-08-24,0.775
J04199,A0436,P0049,회사30,DA (Data Analyst),물류,계약직,2025-08-24,0.99
J04625,A0482,P0100,회사34,BI Engineer,헬스케어,계약직,2025-08-24,0.564
J00715,A0075,P0006,회사24,Growth Analyst,물류,신입,2025-08-24,0.452
J00916,A0093,P0060,회사23,BI Engineer,물류,신입,2025-08-24,0.683
J04427,A0463,P0072,회사32,DA (Data Analyst),교육,인턴,2025-08-24,0.167
J04451,A0465,P0100,회사34,BI Engineer,헬스케어,계약직,2025-08-24,0.72
J04070,A0423,P0114,회사27,Growth Analyst,모바일·APP,전환형 인턴,2025-08-24,0.569
J00574,A0060,P0110,회사30,Product Analyst,배달/배송,신입,2025-08-24,0.366
J00177,A0020,P0093,회사12,DA (Data Analyst),배달/배송,신입,2025-08-24,0.668
J02294,A0236,P0126,회사16,Growth Analyst,경영 컨설팅,신입,2025-08-24,0.525
J02438,A0249,P0060,회사23,BI Engineer,물류,신입,2025-08-24,0.607
J02055,A0211,P0199,회사21,BA (Business Analyst),물류,경력,2025-08-24,0.293
J01602,A0160,P0044,회사22,BI Engineer,경영 컨설팅,계약직,2025-08-24,0.666
J02688,A0279,P0088,회사01,Product Analyst,경영 컨설팅,신입,2025-08-24,0.386
J03284,A0342,P0172,회사26,BI Engineer,경영 컨설팅,경력,2025-08-24,0.65
J01280,A0131,P0093,회사12,DA (Data Analyst),배달/배송,신입,2025-08-24,0.721
J03953,A0411,P0116,회사32,BA (Business Analyst),금융,전환형 인턴,2025-08-24,0.695
J03202,A0334,P0022,회사29,Data Scientist,,신입,2025-08-24,0.752
J00409,A0043,P0047,회사22,BI Engineer,금융,경력,2025-08-24,0.61
J01392,A0140,P0038,회사11,Product Analyst,,신입,2025-08-25,0.528
J04948,A0519,P0069,회사34,BI Engineer,리테일,계약직,2025-08-25,0.266
J04888,A0510,P0046,회사25,Growth Analyst,미디어,전환형 인턴,2025-08-25,0.721
J03218,A0335,P0023,회사11,Growth Analyst,헬스케어,신입,2025-08-25,0.462
J04669,A0486,P0077,회사15,BA (Business Analyst),,경력,2025-08-25,0.137
J02247,A0231,P0143,회사23,Product Analyst,교육,인턴,2025-08-25,0.421
J01316,A0134,P0135,회사20,Product Analyst,,인턴,2025-08-25,0.708
J01045,A0108,P0181,회사12,BA (Business Analyst),,신입,2025-08-25,0.394
J02108,A0216,P0035,회사19,Data Scientist,물류,인턴,2025-08-25,0.54
J02153,A0220,P0048,회사12,Growth Analyst,교육,신입,2025-08-25,0.221
J02278,A0234,P0071,회사33,Growth Analyst,,신입,2025-08-25,0.02
J03266,A0341,P0122,회사21,Product Analyst,,전환형 인턴,2025-08-25,0.449
J01977,A0202,P0084,회사20,Product Analyst,,경력,2025-08-25,0.706
J03038,A0316,P0026,회사26,DA (Data Analyst),금융,신입,2025-08-25,0.497
J00342,A0037,P0049,회사30,DA (Data Analyst),물류,계약직,2025-08-25,0.849
J01482,A0147,P0120,회사26,DA (Data Analyst),게임,신입,2025-08-25,0.284
J02394,A0246,P0207,회사12,Growth Analyst,게임,신입,2025-08-25,0.611
J04042,A0419,P0224,회사16,Growth Analyst,,신입,2025-08-26,0.718
J02023,A0207,P0103,회사33,DA (Data Analyst),모바일·APP,신입,2025-08-26,0.685
J03144,A0326,P0082,회사27,DA (Data Analyst),헬스케어,경력,2025-08-26,0.579
J00685,A0072,P0175,회사22,Data Scientist,금융,신입,2025-08-26,0.264
J01248,A0129,P0006,회사24,Growth Analyst,물류,신입,2025-08-26,0.609
J01540,A0153,P0032,회사33,Growth Analyst,,인턴,2025-08-26,0.739
J04635,A0483,P0138,회사11,BI Engineer,물류,신입,2025-08-26,0.556
J03448,A0360,P0099,회사26,BA (Business Analyst),물류,경력,2025-08-26,0.401
J03568,A0371,P0002,회사20,Product Analyst,게임,신입,2025-08-26,0.623
J04042,A0419,P0224,회사16,Growth Analyst,,신입,2025-08-26,0.718
J04597,A0480,P0111,회사29,Product Analyst,배달/배송,신입,2025-08-26,0.36
J00558,A0058,P0090,회사15,DA (Data Analyst),모바일·APP,신입,2025-08-26,0.481
J03395,A0354,P0029,회사18,Product Analyst,게임,신입,2025-08-26,0.66
J02381,A0245,P0081,회사34,DA (Data Analyst),교육,계약직,2025-08-26,0.482
J04690,A0489,P0111,회사29,Product Analyst,배달/배송,신입,2025-08-26,0.99
J04181,A0435,P0093,회사12,DA (Data Analyst),배달/배송,신입,2025-08-27,0.344
J01161,A0120,P0009,회사20,BA (Business Analyst),물류,경력,2025-08-27,0.747
J03978,A0412,P0059,회사23,Product Analyst,물류,신입,2025-08-27,0.489
J04273,A0445,P0157,회사17,Growth Analyst,모바일·APP,전환형 인턴,2025-08-27,0.508
J04909,A0513,P0083,회사22,BI Engineer,배달/배송,경력,2025-08-27,0.553
J02577,A0269,P0165,회사16,Data Scientist,물류,신입,2025-08-27,0.366
J04306,A0449,P0098,회사11,Data Scientist,게임,신입,2025-08-27,0.309
J00190,A0021,P0086,회사18,BI Engineer,교육,경력,2025-08-27,0.329
J04477,A0467,P0062,회사21,Data Scientist,경영 컨설팅,경력,2025-08-27,0.371
J00037,A0005,P0175,회사22,Data Scientist,금융,신입,2025-08-27,0.86
J01420,A0142,P0028,회사11,BI Engineer,모바일·APP,경력,2025-08-27,0.16
J02515,A0261,P0172,회사26,BI Engineer,경영 컨설팅,경력,2025-08-27,0.609
J02515,A0261,P0172,회사26,BI Engineer,경영 컨설팅,경력,2025-08-27,0.609
J01653,A0164,P0060,회사23,BI Engineer,물류,신입,2025-08-27,0.373
J02422,A0248,P0182,회사12,Data Scientist,금융,인턴,2025-08-27,0.713
J03646,A0378,P0225,회사33,Data Scientist,헬스케어,경력,2025-08-27,0.99
J04277,A0446,P0039,회사23,Product Analyst,모바일·APP,인턴,2025-08-27,0.906
J01226,A0127,P0068,회사24,BI Engineer,리테일,계약직,2025-08-27,0.361
J00098,A0011,P0066,회사11,Product Analyst,게임,경력,2025-08-27,0.533
J04847,A0507,P0040,회사30,BA (Business Analyst),,신입,2025-08-27,0.652
J02706,A0282,P0155,회사19,Product Analyst,모바일·APP,신입,2025-08-28,0.252
J02642,A0275,P0191,회사22,BI Engineer,,신입,2025-08-28,0.127
J01603,A0160,P0097,회사23,Growth Analyst,모바일·APP,신입,2025-08-28,0.552
J04353,A0454,P0176,회사23,DA (Data Analyst),경영 컨설팅,인턴,2025-08-28,0.426
J01213,A0125,P0080,회사19,Growth Analyst,게임,경력,2025-08-28,0.813
J02490,A0258,P0197,회사12,Data Scientist,리테일,신입,2025-08-28,0.452
J02605,A0271,P0167,회사12,DA (Data Analyst),리테일,신입,2025-08-28,0.704
J02295,A0236,P0026,회사26,DA (Data Analyst),금융,신입,2025-08-28,0.618
J01877,A0189,P0082,회사27,DA (Data Analyst),헬스케어,경력,2025-08-28,0.02
J01147,A0119,P0178,회사21,Data Scientist,물류,계약직,2025-08-28,0.99
J01573,A0156,P0145,회사28,Growth Analyst,,신입,2025-08-28,0.438
J04798,A0499,P0011,회사27,Product Analyst,,신입,2025-08-28,0.452
J01952,A0198,P0182,회사12,Data Scientist,금융,인턴,2025-08-28,0.738
J02957,A0306,P0006,회사24,Growth Analyst,물류,신입,2025-08-28,0.47
J03346,A0350,P0118,회사20,BI Engineer,미디어,전환형 인턴,2025-08-28,0.365
J03203,A0334,P0011,회사27,Product Analyst,,신입,2025-08-29,0.378
J03342,A0349,P0219,회사27,Product Analyst,미디어,인턴,2025-08-29,0.637
J04890,A0511,P0002,회사20,Product Analyst,게임,신입,2025-08-29,0.242
J01685,A0167,P0233,회사18,BA (Business Analyst),게임,신입,2025-08-29,0.555
J00844,A0088,P0129,회사17,Growth Analyst,경영 컨설팅,신입,2025-08-29,0.307
J02354,A0243,P0135,회사20,Product Analyst,,인턴,2025-08-29,0.417
J02041,A0210,P0024,회사11,BI Engineer,게임,전환형 인턴,2025-08-29,0.174
J03403,A0355,P0110,회사30,Product Analyst,배달/배송,신입,2025-08-29,0.181
J04889,A0510,P0138,회사11,BI Engineer,물류,신입,2025-08-29,0.457
J03121,A0324,P0040,회사30,BA (Business Analyst),,신입,2025-08-29,0.158
J03499,A0366,P0095,회사25,Product Analyst,물류,계약직,2025-08-29,0.8
J02439,A0249,P0019,회사17,Growth Analyst,모바일·APP,인턴,2025-08-30,0.487
J01928,A0195,P0112,회사31,BI Engineer,경영 컨설팅,경력,2025-08-30,0.927
J01024,A0107,P0070,회사29,Growth Analyst,교육,계약직,2025-08-30,0.514
J01896,A0193,P0169,회사14,Data Scientist,리테일,경력,2025-08-30,0.404
J04504,A0468,P0057,회사11,DA (Data Analyst),헬스케어,경력,2025-08-30,0.578
J01978,A0202,P0081,회사34,DA (Data Analyst),교육,계약직,2025-08-30,0.362
J00686,A0072,P0072,회사32,DA (Data Analyst),교육,인턴,2025-08-30,0.384
J01700,A0169,P0239,회사28,Product Analyst,모바일·APP,계약직,2025-08-30,0.449
J00779,A0083,P0158,회사07,BA (Business Analyst),금융,신입,2025-08-30,0.202
J00860,A0089,P0076,회사24,DA (Data Analyst),헬스케어,신입,2025-08-30,0.66
J00623,A0064,P0226,회사34,Growth Analyst,리테일,전환형 인턴,2025-08-30,0.224
J02866,A0297,P0194,회사32,BI Engineer,금융,신입,2025-08-30,0.528
J00410,A0043,P0165,회사16,Data Scientist,물류,신입,2025-08-30,0.758
J03145,A0326,P0192,회사30,Growth Analyst,헬스케어,신입,2025-08-30,0.99
J00302,A0033,P0203,회사17,DA (Data Analyst),물류,경력,2025-08-30,0.225
J04673,A0487,P0041,회사33,Product Analyst,헬스케어,경력,2025-08-30,0.675
J01664,A0165,P0170,회사26,Growth Analyst,게임,경력,2025-08-30,0.654
J01594,A0158,P0184,회사28,DA (Data Analyst),게임,전환형 인턴,2025-08-31,0.51
J01855,A0187,P0135,회사20,Product Analyst,,인턴,2025-08-31,0.371
J04457,A0466,P0060,회사23,BI Engineer,물류,신입,2025-08-31,0.682
J03107,A0323,P0189,회사12,Product Analyst,미디어,신입,2025-08-31,0.59
J01046,A0108,P0080,회사19,Growth Analyst,게임,경력,2025-08-31,0.256
J00157,A0018,P0054,회사11,Growth Analyst,물류,인턴,2025-08-31,0.366
J02986,A0311,P0237,회사23,Data Scientist,경영 컨설팅,신입,2025-08-31,0.792
J04582,A0478,P0158,회사07,BA (Business Analyst),금융,신입,2025-08-31,0.86
J00929,A0095,P0051,회사28,Data Scientist,물류,신입,2025-08-31,0.02
J02790,A0291,P0158,회사07,BA (Business Analyst),금융,신입,2025-08-31,0.518
J03569,A0371,P0172,회사26,BI Engineer,경영 컨설팅,경력,2025-08-31,0.253
J01296,A0133,P0121,회사13,Growth Analyst,금융,신입,2025-08-31,0.521
J03449,A0360,P0150,회사04,Growth Analyst,배달/배송,경력,2025-08-31,0.142
J00178,A0020,P0154,회사34,BA (Business Analyst),미디어,경력,2025-08-31,0.598
J03285,A0342,P0027,회사15,DA (Data Analyst),물류,신입,2025-08-31,0.739
J02925,A0303,P0044,회사22,BI Engineer,경영 컨설팅,계약직,2025-08-31,0.409
J01779,A0176,P0228,회사31,Growth Analyst,헬스케어,경력,2025-08-31,0.728
J01198,A0123,P0132,회사21,DA (Data Analyst),금융,계약직,2025-08-31,0.5
J00431,A0045,P0010,회사14,BA (Business Analyst),배달/배송,경력,2025-09-01,0.714
J03759,A0388,P0084,회사20,Product Analyst,,경력,2025-09-01,0.761
J03793,A0391,P0197,회사12,Data Scientist,리테일,신입,2025-09-01,0.624
J02031,A0209,P0234,회사29,Product Analyst,,인턴,2025-09-01,0.286
J03676,A0380,P0183,회사11,Product Analyst,,인턴,2025-09-01,0.877
J04598,A0480,P0090,회사15,DA (Data Analyst),모바일·APP,신입,2025-09-01,0.508
J03612,A0375,P0184,회사28,DA (Data Analyst),게임,전환형 인턴,2025-09-01,0.487
J02474,A0255,P0177,회사22,Growth Analyst,경영 컨설팅,경력,2025-09-01,0.253
J04727,A0491,P0160,회사14,Data Scientist,배달/배송,전환형 인턴,2025-09-01,0.727
J04539,A0473,P0175,회사22,Data Scientist,금융,신입,2025-09-01,0.742
J03718,A0383,P0199,회사21,BA (Business Analyst),물류,경력,2025-09-01,0.622
J03347,A0350,P0218,회사15,DA (Data Analyst),미디어,신입,2025-09-01,0.638
J02578,A0269,P0059,회사23,Product Analyst,물류,신입,2025-09-01,0.204
J00575,A0060,P0213,회사19,BI Engineer,물류,신입,2025-09-01,0.021
J01502,A0148,P0109,회사32,BA (Business Analyst),배달/배송,전환형 인턴,2025-09-01,0.299
J02823,A0293,P0133,회사13,Data Scientist,헬스케어,신입,2025-09-01,0.316
J01432,A0143,P0190,회사31,Growth Analyst,,전환형 인턴,2025-09-01,0.854
J00038,A0005,P0133,회사13,Data Scientist,헬스케어,신입,2025-09-01,0.766
J02805,A0292,P0160,회사14,Data Scientist,배달/배송,전환형 인턴,2025-09-01,0.644
J02619,A0273,P0022,회사29,Data Scientist,,신입,2025-09-01,0.407
J00239,A0026,P0140,회사20,Growth Analyst,모바일·APP,경력,2025-09-01,0.173
J01331,A0136,P0196,회사11,BI Engineer,리테일,계약직,2025-09-01,0.246
J03313,A0345,P0018,회사24,BI Engineer,리테일,계약직,2025-09-01,0.676
J04823,A0503,P0222,회사17,Product Analyst,,경력,2025-09-01,0.188
J01465,A0146,P0108,회사14,BA (Business Analyst),교육,경력,2025-09-01,0.751
J02491,A0258,P0089,회사19,DA (Data Analyst),모바일·APP,신입,2025-09-01,0.405
J01987,A0204,P0098,회사11,Data Scientist,게임,신입,2025-09-01,0.339
J02913,A0302,P0131,회사24,BI Engineer,미디어,경력,2025-09-02,0.548
J02958,A0306,P0021,회사14,BI Engineer,경영 컨설팅,신입,2025-09-02,0.257
J02296,A0236,P0213,회사19,BI Engineer,물류,신입,2025-09-02,0.707
J02056,A0211,P0134,회사23,Growth Analyst,배달/배송,전환형 인턴,2025-09-02,0.488
J03267,A0341,P0008,회사12,BA (Business Analyst),게임,신입,2025-09-02,0.425
J04799,A0499,P0193,회사23,BA (Business Analyst),게임,인턴,2025-09-02,0.929
J03258,A0340,P0233,회사18,BA (Business Analyst),게임,신입,2025-09-02,0.149
J04779,A0498,P0086,회사18,BI Engineer,교육,경력,2025-09-02,0.15
J01393,A0140,P0122,회사21,Product Analyst,,전환형 인턴,2025-09-02,0.17
J00465,A0049,P0043,회사12,BI Engineer,리테일,인턴,2025-09-02,0.562
J03796,A0392,P0150,회사04,Growth Analyst,배달/배송,경력,2025-09-02,0.68
J01249,A0129,P0106,회사16,Data Scientist,물류,신입,2025-09-02,0.438
J00816,A0086,P0032,회사33,Growth Analyst,,인턴,2025-09-02,0.3
J04949,A0519,P0160,회사14,Data Scientist,배달/배송,전환형 인턴,2025-09-02,0.804
J02643,A0275,P0130,회사13,Product Analyst,물류,전환형 인턴,2025-09-02,0.294
J03954,A0411,P0235,회사12,Product Analyst,헬스케어,인턴,2025-09-02,0.463
J04927,A0515,P0113,회사11,Data Scientist,배달/배송,전환형 인턴,2025-09-03,0.244
J03809,A0393,P0043,회사12,BI Engineer,리테일,인턴,2025-09-03,0.148
J01358,A0137,P0063,회사13,DA (Data Analyst),게임,신입,2025-09-03,0.525
J01686,A0167,P0121,회사13,Growth Analyst,금융,신입,2025-09-03,0.852
J04660,A0485,P0209,회사19,BA (Business Analyst),금융,신입,2025-09-03,0.601
J03979,A0412,P0176,회사23,DA (Data Analyst),경영 컨설팅,인턴,2025-09-03,0.512
J03744,A0387,P0158,회사07,BA (Business Analyst),금융,신입,2025-09-03,0.406
J02323,A0240,P0238,회사25,BI Engineer,금융,전환형 인턴,2025-09-03,0.02
J03443,A0359,P0004,회사19,BA (Business Analyst),교육,신입,2025-09-03,0.796
J01574,A0156,P0166,회사24,Growth Analyst,헬스케어,신입,2025-09-03,0.175
J03343,A0349,P0047,회사22,BI Engineer,금융,경력,2025-09-03,0.379
J04243,A0441,P0053,회사31,BA (Business Analyst),헬스케어,경력,2025-09-03,0.617
J01483,A0147,P0192,회사30,Growth Analyst,헬스케어,신입,2025-09-03,0.114
J03931,A0410,P0183,회사11,Product Analyst,,인턴,2025-09-03,0.444
J02109,A0216,P0192,회사30,Growth Analyst,헬스케어,신입,2025-09-03,0.812
J02852,A0296,P0130,회사13,Product Analyst,물류,전환형 인턴,2025-09-03,0.833
J00204,A0022,P0101,회사18,BA (Business Analyst),,신입,2025-09-03,0.774
J01533,A0151,P0045,회사11,Product Analyst,경영 컨설팅,인턴,2025-09-03,0.457
J04168,A0434,P0167,회사12,DA (Data Analyst),리테일,신입,2025-09-03,0.502
J04071,A0423,P0070,회사29,Growth Analyst,교육,계약직,2025-09-03,0.583
J03126,A0325,P0152,회사17,BA (Business Analyst),물류,경력,2025-09-03,0.615
J00229,A0024,P0031,회사27,BI Engineer,물류,신입,2025-09-03,0.882
J03122,A0324,P0194,회사32,BI Engineer,금융,신입,2025-09-03,0.601
J03308,A0344,P0069,회사34,BI Engineer,리테일,계약직,2025-09-03,0.02
J01654,A0164,P0098,회사11,Data Scientist,게임,신입,2025-09-04,0.262
J04452,A0465,P0035,회사19,Data Scientist,물류,인턴,2025-09-04,0.645
J00158,A0018,P0238,회사25,BI Engineer,금융,전환형 인턴,2025-09-04,0.598
J02571,A0268,P0117,회사19,BI Engineer,,신입,2025-09-04,0.512
J00411,A0043,P0022,회사29,Data Scientist,,신입,2025-09-04,0.511
J03486,A0364,P0217,회사34,BA (Business Analyst),미디어,전환형 인턴,2025-09-04,0.656
J04452,A0465,P0035,회사19,Data Scientist,물류,인턴,2025-09-04,0.645
J03486,A0364,P0217,회사34,BA (Business Analyst),미디어,전환형 인턴,2025-09-04,0.656
J04769,A0497,P0093,회사12,DA (Data Analyst),배달/배송,신입,2025-09-04,0.34
J01743,A0173,P0003,회사28,BA (Business Analyst),교육,전환형 인턴,2025-09-04,0.584
J03219,A0335,P0091,회사11,Data Scientist,금융,신입,2025-09-04,0.572
J01897,A0193,P0163,회사29,DA (Data Analyst),모바일·APP,신입,2025-09-04,0.78
J01199,A0123,P0038,회사11,Product Analyst,,신입,2025-09-04,0.357
J03063,A0319,P0146,회사21,Product Analyst,게임,경력,2025-09-04,0.173
J02279,A0234,P0220,회사22,DA (Data Analyst),리테일,인턴,2025-09-04,0.02
J03372,A0351,P0197,회사12,Data Scientist,리테일,신입,2025-09-04,0.637
J00917,A0093,P0218,회사15,DA (Data Analyst),미디어,신입,2025-09-04,0.613
J03613,A0375,P0107,회사25,BA (Business Analyst),미디어,인턴,2025-09-05,0.566
J03894,A0404,P0158,회사07,BA (Business Analyst),금융,신입,2025-09-05,0.531
J01780,A0176,P0074,회사20,BI Engineer,배달/배송,신입,2025-09-05,0.454
J02689,A0279,P0035,회사19,Data Scientist,물류,인턴,2025-09-05,0.698
J04274,A0445,P0059,회사23,Product Analyst,물류,신입,2025-09-05,0.551
J02806,A0292,P0162,회사19,DA (Data Analyst),리테일,신입,2025-09-05,0.502
J03633,A0376,P0117,회사19,BI Engineer,,신입,2025-09-05,0.703
J01466,A0146,P0149,회사13,DA (Data Analyst),리테일,계약직,2025-09-05,0.742
J02195,A0226,P0015,회사11,Data Scientist,모바일·APP,신입,2025-09-05,0.508
J00343,A0037,P0099,회사26,BA (Business Analyst),물류,경력,2025-09-05,0.685
J01819,A0182,P0186,회사17,Product Analyst,헬스케어,신입,2025-09-05,0.421
J02248,A0231,P0099,회사26,BA (Business Analyst),물류,경력,2025-09-06,0.373
J04636,A0483,P0009,회사20,BA (Business Analyst),물류,경력,2025-09-06,0.482
J03108,A0323,P0227,회사02,Data Scientist,게임,신입,2025-09-06,0.723
J02492,A0259,P0201,회사33,BA (Business Analyst),물류,경력,2025-09-06,0.53
J00559,A0058,P0013,회사16,Growth Analyst,헬스케어,전환형 인턴,2025-09-06,0.384
J03286,A0342,P0101,회사18,BA (Business Analyst),,신입,2025-09-06,0.515
J01214,A0125,P0196,회사11,BI Engineer,리테일,계약직,2025-09-06,0.496
J03348,A0350,P0224,회사16,Growth Analyst,,신입,2025-09-06,0.571
J04626,A0482,P0235,회사12,Product Analyst,헬스케어,인턴,2025-09-06,0.822
J01878,A0189,P0132,회사21,DA (Data Analyst),금융,계약직,2025-09-06,0.434
J02032,A0209,P0114,회사27,Growth Analyst,모바일·APP,전환형 인턴,2025-09-06,0.493
J03039,A0316,P0177,회사22,Growth Analyst,경영 컨설팅,경력,2025-09-06,0.213
J02073,A0213,P0225,회사33,Data Scientist,헬스케어,경력,2025-09-07,0.705
J02097,A0215,P0125,회사32,DA (Data Analyst),게임,신입,2025-09-07,0.451
J03647,A0378,P0023,회사11,Growth Analyst,헬스케어,신입,2025-09-07,0.709
J01227,A0127,P0110,회사30,Product Analyst,배달/배송,신입,2025-09-07,0.539
J00496,A0051,P0011,회사27,Product Analyst,,신입,2025-09-07,0.542
J02606,A0271,P0090,회사15,DA (Data Analyst),모바일·APP,신입,2025-09-07,0.902
J00687,A0072,P0059,회사23,Product Analyst,물류,신입,2025-09-07,0.34
J02895,A0299,P0036,회사31,DA (Data Analyst),,경력,2025-09-07,0.82
J03955,A0411,P0215,회사28,BA (Business Analyst),물류,전환형 인턴,2025-09-07,0.444
J04891,A0511,P0039,회사23,Product Analyst,모바일·APP,인턴,2025-09-07,0.307
J03647,A0378,P0023,회사11,Growth Analyst,헬스케어,신입,2025-09-07,0.709
J02853,A0296,P0234,회사29,Product Analyst,,인턴,2025-09-07,0.527
J00110,A0013,P0003,회사28,BA (Business Analyst),교육,전환형 인턴,2025-09-07,0.622
J01433,A0143,P0144,회사12,BA (Business Analyst),배달/배송,계약직,2025-09-07,0.854
J01856,A0187,P0069,회사34,BI Engineer,리테일,계약직,2025-09-07,0.859
J02579,A0269,P0201,회사33,BA (Business Analyst),물류,경력,2025-09-07,0.02
J01541,A0153,P0011,회사27,Product Analyst,,신입,2025-09-07,0.705
J04712,A0490,P0217,회사34,BA (Business Analyst),미디어,전환형 인턴,2025-09-07,0.535
J04428,A0463,P0162,회사19,DA (Data Analyst),리테일,신입,2025-09-07,0.02
J01979,A0202,P0053,회사31,BA (Business Analyst),헬스케어,경력,2025-09-07,0.658
J03268,A0341,P0078,회사19,Product Analyst,,경력,2025-09-07,0.103
J04950,A0519,P0163,회사29,DA (Data Analyst),모바일·APP,신입,2025-09-07,0.851
J01025,A0107,P0201,회사33,BA (Business Analyst),물류,경력,2025-09-08,0.55
J01655,A0164,P0125,회사32,DA (Data Analyst),게임,신입,2025-09-08,0.348
J03314,A0345,P0209,회사19,BA (Business Analyst),금융,신입,2025-09-08,0.945
J00099,A0011,P0185,회사11,DA (Data Analyst),물류,전환형 인턴,2025-09-08,0.506
J00230,A0024,P0117,회사19,BI Engineer,,신입,2025-09-08,0.613
J04824,A0503,P0189,회사12,Product Analyst,미디어,신입,2025-09-08,0.662
J03810,A0393,P0180,회사17,DA (Data Analyst),,계약직,2025-09-08,0.478
J01929,A0195,P0123,회사20,Product Analyst,배달/배송,경력,2025-09-08,0.51
J03597,A0374,P0028,회사11,BI Engineer,모바일·APP,경력,2025-09-08,0.213
J04043,A0419,P0224,회사16,Growth Analyst,,신입,2025-09-08,0.501
J00432,A0045,P0191,회사22,BI Engineer,,신입,2025-09-08,0.978
J01250,A0129,P0122,회사21,Product Analyst,,전환형 인턴,2025-09-08,0.399
J02987,A0311,P0023,회사11,Growth Analyst,헬스케어,신입,2025-09-08,0.902
J02060,A0212,P0030,회사13,DA (Data Analyst),배달/배송,신입,2025-09-08,0.256
J01083,A0112,P0042,회사19,Data Scientist,헬스케어,경력,2025-09-08,0.587
J04670,A0486,P0235,회사12,Product Analyst,헬스케어,인턴,2025-09-08,0.502
J01953,A0198,P0125,회사32,DA (Data Analyst),게임,신입,2025-09-08,0.521
J01844,A0186,P0205,회사17,Product Analyst,게임,경력,2025-09-08,0.526
J03487,A0364,P0041,회사33,Product Analyst,헬스케어,경력,2025-09-08,0.64
J04800,A0499,P0229,회사18,Data Scientist,배달/배송,계약직,2025-09-08,0.884
J00930,A0095,P0182,회사12,Data Scientist,금융,인턴,2025-09-09,0.02
J01200,A0123,P0043,회사12,BI Engineer,리테일,인턴,2025-09-09,0.02
J02154,A0220,P0035,회사19,Data Scientist,물류,인턴,2025-09-09,0.02
J02297,A0236,P0239,회사28,Product Analyst,모바일·APP,계약직,2025-09-09,0.586
J04354,A0454,P0181,회사12,BA (Business Analyst),,신입,2025-09-09,0.712
J02395,A0246,P0229,회사18,Data Scientist,배달/배송,계약직,2025-09-09,0.91
J02355,A0243,P0043,회사12,BI Engineer,리테일,인턴,2025-09-09,0.461
J01706,A0170,P0225,회사33,Data Scientist,헬스케어,경력,2025-09-09,0.823
J00716,A0075,P0022,회사29,Data Scientist,,신입,2025-09-09,0.753
J02280,A0234,P0217,회사34,BA (Business Analyst),미디어,전환형 인턴,2025-09-09,0.206
J03204,A0334,P0064,회사27,Growth Analyst,헬스케어,경력,2025-09-09,0.283
J00303,A0033,P0202,회사16,Product Analyst,경영 컨설팅,신입,2025-09-09,0.02
J02196,A0226,P0176,회사23,DA (Data Analyst),경영 컨설팅,인턴,2025-09-09,0.343
J01281,A0131,P0108,회사14,BA (Business Analyst),교육,경력,2025-09-09,0.322
J03404,A0355,P0053,회사31,BA (Business Analyst),헬스케어,경력,2025-09-09,0.785
J03500,A0366,P0138,회사11,BI Engineer,물류,신입,2025-09-10,0.513
J03396,A0354,P0041,회사33,Product Analyst,헬스케어,경력,2025-09-10,0.508
J04453,A0465,P0063,회사13,DA (Data Analyst),게임,신입,2025-09-10,0.983
J03064,A0319,P0082,회사27,DA (Data Analyst),헬스케어,경력,2025-09-10,0.614
J01467,A0146,P0184,회사28,DA (Data Analyst),게임,전환형 인턴,2025-09-10,0.647
J04780,A0498,P0208,회사19,DA (Data Analyst),금융,전환형 인턴,2025-09-10,0.468
J01701,A0169,P0230,회사13,DA (Data Analyst),물류,경력,2025-09-10,0.289
J01421,A0142,P0161,회사21,DA (Data Analyst),리테일,신입,2025-09-10,0.02
J02516,A0261,P0064,회사27,Growth Analyst,헬스케어,경력,2025-09-10,0.573
J02707,A0282,P0058,회사26,BA (Business Analyst),경영 컨설팅,계약직,2025-09-10,0.41
J01317,A0134,P0196,회사11,BI Engineer,리테일,계약직,2025-09-10,0.498
J01162,A0120,P0083,회사22,BI Engineer,배달/배송,경력,2025-09-10,0.551
J03109,A0323,P0009,회사20,BA (Business Analyst),물류,경력,2025-09-10,0.566
J04674,A0487,P0214,회사22,BA (Business Analyst),,계약직,2025-09-10,0.568
J01359,A0137,P0208,회사19,DA (Data Analyst),금융,전환형 인턴,2025-09-10,0.533
J02423,A0248,P0078,회사19,Product Analyst,,경력,2025-09-10,0.642
J04458,A0466,P0012,회사16,Growth Analyst,금융,경력,2025-09-10,0.694
J03745,A0387,P0222,회사17,Product Analyst,,경력,2025-09-11,0.321
J04599,A0480,P0198,회사22,BA (Business Analyst),게임,계약직,2025-09-11,0.882
J02914,A0302,P0232,회사17,BI Engineer,물류,신입,2025-09-11,0.796
J04182,A0435,P0056,회사20,Growth Analyst,물류,인턴,2025-09-11,0.02
J04478,A0467,P0161,회사21,DA (Data Analyst),리테일,신입,2025-09-11,0.477
J00758,A0081,P0031,회사27,BI Engineer,물류,신입,2025-09-11,0.326
J03444,A0359,P0213,회사19,BI Engineer,물류,신입,2025-09-11,0.769
J02057,A0211,P0068,회사24,BI Engineer,리테일,계약직,2025-09-11,0.624
J01003,A0106,P0021,회사14,BI Engineer,경영 컨설팅,신입,2025-09-11,0.686
J01297,A0133,P0075,회사10,Product Analyst,교육,신입,2025-09-11,0.328
J00560,A0058,P0189,회사12,Product Analyst,미디어,신입,2025-09-11,0.124
J01744,A0173,P0094,회사19,BI Engineer,금융,신입,2025-09-11,0.453
J02475,A0255,P0191,회사22,BI Engineer,,신입,2025-09-11,0.36
J04910,A0513,P0072,회사32,DA (Data Analyst),교육,인턴,2025-09-11,0.632
J04627,A0482,P0163,회사29,DA (Data Analyst),모바일·APP,신입,2025-09-11,0.607
J04278,A0446,P0128,회사26,Data Scientist,게임,경력,2025-09-11,0.953
J04540,A0473,P0010,회사14,BA (Business Analyst),배달/배송,경력,2025-09-11,0.866
J04583,A0478,P0199,회사21,BA (Business Analyst),물류,경력,2025-09-12,0.487
J01845,A0186,P0078,회사19,Product Analyst,,경력,2025-09-12,0.548
J03614,A0375,P0210,회사26,Growth Analyst,,신입,2025-09-12,0.614
J01988,A0204,P0226,회사34,Growth Analyst,리테일,전환형 인턴,2025-09-12,0.381
J03287,A0342,P0054,회사11,Growth Analyst,물류,인턴,2025-09-12,0.599
J01811,A0181,P0069,회사34,BI Engineer,리테일,계약직,2025-09-12,0.207
J03614,A0375,P0210,회사26,Growth Analyst,,신입,2025-09-12,0.614
J04072,A0423,P0102,회사24,BI Engineer,리테일,전환형 인턴,2025-09-12,0.555
J03677,A0380,P0094,회사19,BI Engineer,금융,신입,2025-09-12,0.99
J04859,A0508,P0220,회사22,DA (Data Analyst),리테일,인턴,2025-09-12,0.818
J00576,A0060,P0020,회사21,Data Scientist,리테일,인턴,2025-09-12,0.494
J04510,A0470,P0062,회사21,Data Scientist,경영 컨설팅,경력,2025-09-12,0.572
J03220,A0335,P0007,회사14,BA (Business Analyst),경영 컨설팅,전환형 인턴,2025-09-12,0.625
J01394,A0140,P0132,회사21,DA (Data Analyst),금융,계약직,2025-09-12,0.695
J03259,A0340,P0032,회사33,Growth Analyst,,인턴,2025-09-12,0.544
J01148,A0119,P0128,회사26,Data Scientist,게임,경력,2025-09-12,0.61
J04244,A0441,P0187,회사19,BI Engineer,금융,경력,2025-09-12,0.433
J03794,A0391,P0078,회사19,Product Analyst,,경력,2025-09-12,0.99
J04848,A0507,P0203,회사17,DA (Data Analyst),물류,경력,2025-09-12,0.511
J00039,A0005,P0224,회사16,Growth Analyst,,신입,2025-09-13,0.499
J00100,A0011,P0164,회사31,DA (Data Analyst),금융,경력,2025-09-13,0.16
J02807,A0292,P0067,회사25,BA (Business Analyst),미디어,전환형 인턴,2025-09-13,0.33
J01542,A0153,P0169,회사14,Data Scientist,리테일,경력,2025-09-13,0.6
J03269,A0341,P0150,회사04,Growth Analyst,배달/배송,경력,2025-09-13,0.584
J01898,A0193,P0002,회사20,Product Analyst,게임,신입,2025-09-13,0.523
J01857,A0187,P0230,회사13,DA (Data Analyst),물류,경력,2025-09-13,0.792
J02281,A0234,P0232,회사17,BI Engineer,물류,신입,2025-09-13,0.383
J00780,A0083,P0067,회사25,BA (Business Analyst),미디어,전환형 인턴,2025-09-13,0.396
J01604,A0160,P0031,회사27,BI Engineer,물류,신입,2025-09-13,0.183
J04135,A0431,P0229,회사18,Data Scientist,배달/배송,계약직,2025-09-13,0.391
J04661,A0485,P0150,회사04,Growth Analyst,배달/배송,경력,2025-09-13,0.38
J02061,A0212,P0155,회사19,Product Analyst,모바일·APP,신입,2025-09-13,0.212
J03315,A0345,P0114,회사27,Growth Analyst,모바일·APP,전환형 인턴,2025-09-13,0.556
J03980,A0412,P0162,회사19,DA (Data Analyst),리테일,신입,2025-09-14,0.036
J03932,A0410,P0097,회사23,Growth Analyst,모바일·APP,신입,2025-09-14,0.02
J02572,A0268,P0177,회사22,Growth Analyst,경영 컨설팅,경력,2025-09-14,0.65
J01707,A0170,P0036,회사31,DA (Data Analyst),,경력,2025-09-14,0.597
J02620,A0273,P0108,회사14,BA (Business Analyst),교육,경력,2025-09-14,0.614
J00845,A0088,P0017,회사20,BA (Business Analyst),헬스케어,신입,2025-09-14,0.465
J04671,A0486,P0134,회사23,Growth Analyst,배달/배송,전환형 인턴,2025-09-14,0.381
J00240,A0026,P0188,회사09,BI Engineer,교육,신입,2025-09-14,0.069
J03760,A0388,P0006,회사24,Growth Analyst,물류,신입,2025-09-14,0.324
J00861,A0089,P0136,회사12,Growth Analyst,모바일·APP,신입,2025-09-14,0.43
J03074,A0320,P0239,회사28,Product Analyst,모바일·APP,계약직,2025-09-14,0.411
J00412,A0043,P0164,회사31,DA (Data Analyst),금융,경력,2025-09-14,0.669
J04713,A0490,P0182,회사12,Data Scientist,금융,인턴,2025-09-14,0.483
J04713,A0490,P0182,회사12,Data Scientist,금융,인턴,2025-09-14,0.483
J01282,A0131,P0074,회사20,BI Engineer,배달/배송,신입,2025-09-14,0.412
J01879,A0189,P0089,회사19,DA (Data Analyst),모바일·APP,신입,2025-09-14,0.433
J01820,A0182,P0068,회사24,BI Engineer,리테일,계약직,2025-09-14,0.696
J01503,A0148,P0156,회사22,BA (Business Analyst),헬스케어,계약직,2025-09-14,0.114
J02042,A0210,P0161,회사21,DA (Data Analyst),리테일,신입,2025-09-14,0.373
J01215,A0125,P0231,회사19,Product Analyst,금융,전환형 인턴,2025-09-14,0.804
J02791,A0291,P0016,회사22,Data Scientist,게임,경력,2025-09-14,0.977
J02233,A0230,P0171,회사31,Product Analyst,경영 컨설팅,계약직,2025-09-14,0.638
J00918,A0093,P0014,회사34,BI Engineer,금융,신입,2025-09-14,0.609
J04169,A0434,P0038,회사11,Product Analyst,,신입,2025-09-15,0.516
J02493,A0259,P0068,회사24,BI Engineer,리테일,계약직,2025-09-15,0.87
J00688,A0072,P0150,회사04,Growth Analyst,배달/배송,경력,2025-09-15,0.605
J01047,A0108,P0042,회사19,Data Scientist,헬스케어,경력,2025-09-15,0.281
J04637,A0483,P0071,회사33,Growth Analyst,,신입,2025-09-15,0.422
J03344,A0349,P0002,회사20,Product Analyst,게임,신입,2025-09-15,0.755
J00205,A0022,P0206,회사21,BI Engineer,,경력,2025-09-15,0.477
J01434,A0143,P0213,회사19,BI Engineer,물류,신입,2025-09-15,0.833
J00466,A0049,P0207,회사12,Growth Analyst,게임,신입,2025-09-15,0.895
J02896,A0299,P0075,회사10,Product Analyst,교육,신입,2025-09-15,0.593
J01534,A0151,P0107,회사25,BA (Business Analyst),미디어,인턴,2025-09-15,0.414
J01298,A0133,P0225,회사33,Data Scientist,헬스케어,경력,2025-09-15,0.591
J03833,A0396,P0094,회사19,BI Engineer,금융,신입,2025-09-15,0.638
J02867,A0297,P0229,회사18,Data Scientist,배달/배송,계약직,2025-09-15,0.509
J00396,A0042,P0157,회사17,Growth Analyst,모바일·APP,전환형 인턴,2025-09-15,0.603
J01665,A0165,P0100,회사34,BI Engineer,헬스케어,계약직,2025-09-15,0.869
J00179,A0020,P0065,회사21,BI Engineer,모바일·APP,계약직,2025-09-15,0.02
J03040,A0316,P0223,회사13,Growth Analyst,미디어,경력,2025-09-15,0.658
J03746,A0387,P0156,회사22,BA (Business Analyst),헬스케어,계약직,2025-09-15,0.02
J04429,A0463,P0043,회사12,BI Engineer,리테일,인턴,2025-09-15,0.489
J03797,A0392,P0016,회사22,Data Scientist,게임,경력,2025-09-15,0.676
J01332,A0136,P0007,회사14,BA (Business Analyst),경영 컨설팅,전환형 인턴,2025-09-16,0.693
J00648,A0068,P0235,회사12,Product Analyst,헬스케어,인턴,2025-09-16,0.99
J03445,A0359,P0222,회사17,Product Analyst,,경력,2025-09-16,0.641
J03260,A0340,P0224,회사16,Growth Analyst,,신입,2025-09-16,0.131
J02197,A0226,P0180,회사17,DA (Data Analyst),,계약직,2025-09-16,0.677
J04355,A0454,P0228,회사31,Growth Analyst,헬스케어,경력,2025-09-16,0.824
J02915,A0302,P0106,회사16,Data Scientist,물류,신입,2025-09-16,0.589
J01206,A0124,P0154,회사34,BA (Business Analyst),미디어,경력,2025-09-16,0.282
J04459,A0466,P0191,회사22,BI Engineer,,신입,2025-09-16,0.535
J02324,A0240,P0098,회사11,Data Scientist,게임,신입,2025-09-16,0.245
J01318,A0134,P0229,회사18,Data Scientist,배달/배송,계약직,2025-09-16,0.787
J03405,A0355,P0105,회사31,Product Analyst,모바일·APP,경력,2025-09-16,0.539
J02644,A0275,P0066,회사11,Product Analyst,게임,경력,2025-09-16,0.374
J03570,A0371,P0143,회사23,Product Analyst,교육,인턴,2025-09-16,0.317
J01360,A0137,P0026,회사26,DA (Data Analyst),금융,신입,2025-09-16,0.705
J01691,A0168,P0179,회사26,Product Analyst,금융,계약직,2025-09-16,0.899
J03123,A0324,P0033,회사14,BA (Business Analyst),금융,전환형 인턴,2025-09-16,0.08
J03501,A0366,P0009,회사20,BA (Business Analyst),물류,경력,2025-09-16,0.604
J00304,A0033,P0200,회사27,DA (Data Analyst),금융,신입,2025-09-16,0.552
J00111,A0013,P0033,회사14,BA (Business Analyst),금융,전환형 인턴,2025-09-17,0.719
J01468,A0146,P0219,회사27,Product Analyst,미디어,인턴,2025-09-17,0.866
J00159,A0018,P0219,회사27,Product Analyst,미디어,인턴,2025-09-17,0.508
J01026,A0107,P0112,회사31,BI Engineer,경영 컨설팅,경력,2025-09-17,0.85
J00817,A0086,P0139,회사28,Growth Analyst,교육,경력,2025-09-17,0.527
J04728,A0491,P0091,회사11,Data Scientist,금융,신입,2025-09-17,0.237
J03288,A0342,P0088,회사01,Product Analyst,경영 컨설팅,신입,2025-09-17,0.634
J04511,A0470,P0021,회사14,BI Engineer,경영 컨설팅,신입,2025-09-17,0.534
J01163,A0120,P0037,회사23,BA (Business Analyst),모바일·APP,경력,2025-09-17,0.798
J01108,A0114,P0198,회사22,BA (Business Analyst),게임,계약직,2025-09-17,0.408
J01084,A0112,P0112,회사31,BI Engineer,경영 컨설팅,경력,2025-09-17,0.639
J03678,A0380,P0096,회사27,BI Engineer,,신입,2025-09-17,0.773
J00433,A0045,P0137,회사23,Product Analyst,모바일·APP,신입,2025-09-17,0.693
J04245,A0441,P0084,회사20,Product Analyst,,경력,2025-09-17,0.361
J03397,A0354,P0177,회사22,Growth Analyst,경영 컨설팅,경력,2025-09-17,0.659
J04849,A0507,P0067,회사25,BA (Business Analyst),미디어,전환형 인턴,2025-09-17,0.663
J02824,A0293,P0159,회사17,Data Scientist,경영 컨설팅,신입,2025-09-17,0.164
J00231,A0025,P0095,회사25,Product Analyst,물류,계약직,2025-09-17,0.462
J01004,A0106,P0237,회사23,Data Scientist,경영 컨설팅,신입,2025-09-18,0.592
J02074,A0213,P0125,회사32,DA (Data Analyst),게임,신입,2025-09-18,0.826
J03221,A0335,P0040,회사30,BA (Business Analyst),,신입,2025-09-18,0.745
J01445,A0144,P0232,회사17,BI Engineer,물류,신입,2025-09-18,0.533
J02282,A0234,P0151,회사11,Data Scientist,게임,신입,2025-09-18,0.482
J01687,A0167,P0130,회사13,Product Analyst,물류,전환형 인턴,2025-09-18,0.198
J04136,A0431,P0071,회사33,Growth Analyst,,신입,2025-09-18,0.755
J00634,A0066,P0123,회사20,Product Analyst,배달/배송,경력,2025-09-18,0.436
J01781,A0176,P0086,회사18,BI Engineer,교육,경력,2025-09-18,0.3
J04584,A0478,P0178,회사21,Data Scientist,물류,계약직,2025-09-18,0.071
J02792,A0291,P0211,회사11,Product Analyst,경영 컨설팅,경력,2025-09-18,0.511
J02854,A0296,P0093,회사12,DA (Data Analyst),배달/배송,신입,2025-09-18,0.834
J03648,A0378,P0188,회사09,BI Engineer,교육,신입,2025-09-18,0.649
J04841,A0506,P0224,회사16,Growth Analyst,,신입,2025-09-18,0.35
J02058,A0211,P0020,회사21,Data Scientist,리테일,인턴,2025-09-18,0.02
J03933,A0410,P0072,회사32,DA (Data Analyst),교육,인턴,2025-09-19,0.328
J00919,A0093,P0100,회사34,BI Engineer,헬스케어,계약직,2025-09-19,0.882
J00846,A0088,P0088,회사01,Product Analyst,경영 컨설팅,신입,2025-09-19,0.591
J01745,A0173,P0161,회사21,DA (Data Analyst),리테일,신입,2025-09-19,0.169
J01930,A0195,P0051,회사28,Data Scientist,물류,신입,2025-09-19,0.937
J04714,A0490,P0207,회사12,Growth Analyst,게임,신입,2025-09-19,0.571
J03349,A0350,P0208,회사19,DA (Data Analyst),금융,전환형 인턴,2025-09-19,0.398
J00781,A0083,P0178,회사21,Data Scientist,물류,계약직,2025-09-19,0.589
J01858,A0187,P0140,회사20,Growth Analyst,모바일·APP,경력,2025-09-19,0.371
J01484,A0147,P0094,회사19,BI Engineer,금융,신입,2025-09-19,0.02
J03127,A0325,P0161,회사21,DA (Data Analyst),리테일,신입,2025-09-19,0.713
J03345,A0349,P0107,회사25,BA (Business Analyst),미디어,인턴,2025-09-19,0.522
J01228,A0127,P0031,회사27,BI Engineer,물류,신입,2025-09-19,0.229
J03811,A0393,P0237,회사23,Data Scientist,경영 컨설팅,신입,2025-09-19,0.314
J01989,A0204,P0050,회사14,BA (Business Analyst),미디어,신입,2025-09-20,0.15
J02580,A0269,P0033,회사14,BA (Business Analyst),금융,전환형 인턴,2025-09-20,0.02
J01656,A0164,P0199,회사21,BA (Business Analyst),물류,경력,2025-09-20,0.218
J01201,A0123,P0109,회사32,BA (Business Analyst),배달/배송,전환형 인턴,2025-09-20,0.564
J04860,A0508,P0159,회사17,Data Scientist,경영 컨설팅,신입,2025-09-20,0.308
J01299,A0133,P0166,회사24,Growth Analyst,헬스케어,신입,2025-09-20,0.354
J01333,A0136,P0047,회사22,BI Engineer,금융,경력,2025-09-20,0.267
J03065,A0319,P0036,회사31,DA (Data Analyst),,경력,2025-09-20,0.266
J00344,A0037,P0212,회사25,BI Engineer,모바일·APP,신입,2025-09-20,0.99
J00717,A0075,P0168,회사26,Data Scientist,미디어,경력,2025-09-20,0.461
J02298,A0236,P0009,회사20,BA (Business Analyst),물류,경력,2025-09-20,0.297
J02062,A0212,P0100,회사34,BI Engineer,헬스케어,계약직,2025-09-20,0.597
J00007,A0002,P0234,회사29,Product Analyst,,인턴,2025-09-20,0.545
J01954,A0198,P0016,회사22,Data Scientist,게임,경력,2025-09-20,0.337
J04770,A0497,P0210,회사26,Growth Analyst,,신입,2025-09-20,0.328
J02033,A0209,P0012,회사16,Growth Analyst,금융,경력,2025-09-21,0.301
J00206,A0022,P0167,회사12,DA (Data Analyst),리테일,신입,2025-09-21,0.148
J03406,A0355,P0105,회사31,Product Analyst,모바일·APP,경력,2025-09-21,0.83
J04479,A0467,P0065,회사21,BI Engineer,모바일·APP,계약직,2025-09-21,0.51
J01980,A0202,P0010,회사14,BA (Business Analyst),배달/배송,경력,2025-09-21,0.197
J04628,A0482,P0230,회사13,DA (Data Analyst),물류,경력,2025-09-21,0.346
J01395,A0140,P0119,회사13,Product Analyst,리테일,신입,2025-09-21,0.299
J00759,A0081,P0036,회사31,DA (Data Analyst),,경력,2025-09-21,0.458
J04479,A0467,P0065,회사21,BI Engineer,모바일·APP,계약직,2025-09-21,0.51
J01846,A0186,P0063,회사13,DA (Data Analyst),게임,신입,2025-09-21,0.821
J03289,A0342,P0080,회사19,Growth Analyst,게임,경력,2025-09-21,0.348
J04454,A0465,P0121,회사13,Growth Analyst,금융,신입,2025-09-21,0.665
J00649,A0068,P0153,회사23,BA (Business Analyst),교육,경력,2025-09-21,0.965
J01504,A0148,P0018,회사24,BI Engineer,리테일,계약직,2025-09-21,0.645
J01575,A0157,P0026,회사26,DA (Data Analyst),금융,신입,2025-09-21,0.485
J01688,A0167,P0013,회사16,Growth Analyst,헬스케어,전환형 인턴,2025-09-22,0.662
J01361,A0137,P0032,회사33,Growth Analyst,,인턴,2025-09-22,0.602
J03615,A0375,P0184,회사28,DA (Data Analyst),게임,전환형 인턴,2025-09-22,0.606
J00931,A0095,P0197,회사12,Data Scientist,리테일,신입,2025-09-22,0.394
J03502,A0366,P0152,회사17,BA (Business Analyst),물류,경력,2025-09-22,0.598
J04842,A0506,P0214,회사22,BA (Business Analyst),,계약직,2025-09-22,0.99
J02249,A0231,P0134,회사23,Growth Analyst,배달/배송,전환형 인턴,2025-09-22,0.25
J02517,A0261,P0055,회사30,BA (Business Analyst),리테일,경력,2025-09-22,0.535
J03398,A0354,P0032,회사33,Growth Analyst,,인턴,2025-09-22,0.608
J02059,A0211,P0041,회사33,Product Analyst,헬스케어,경력,2025-09-22,0.492
J02988,A0311,P0065,회사21,BI Engineer,모바일·APP,계약직,2025-09-22,0.99
J02075,A0213,P0161,회사21,DA (Data Analyst),리테일,신입,2025-09-22,0.534
J03316,A0345,P0119,회사13,Product Analyst,리테일,신입,2025-09-22,0.494
J03041,A0316,P0130,회사13,Product Analyst,물류,전환형 인턴,2025-09-22,0.342
J02424,A0248,P0043,회사12,BI Engineer,리테일,인턴,2025-09-22,0.575
J02098,A0215,P0087,회사03,Product Analyst,헬스케어,신입,2025-09-22,0.595
J00327,A0036,P0166,회사24,Growth Analyst,헬스케어,신입,2025-09-22,0.57
J02356,A0243,P0004,회사19,BA (Business Analyst),교육,신입,2025-09-23,0.302
J02621,A0273,P0062,회사21,Data Scientist,경영 컨설팅,경력,2025-09-23,0.873
J04892,A0511,P0017,회사20,BA (Business Analyst),헬스케어,신입,2025-09-23,0.13
J00734,A0078,P0031,회사27,BI Engineer,물류,신입,2025-09-23,0.61
J01149,A0119,P0078,회사19,Product Analyst,,경력,2025-09-23,0.763
J00577,A0060,P0184,회사28,DA (Data Analyst),게임,전환형 인턴,2025-09-23,0.566
J02522,A0262,P0065,회사21,BI Engineer,모바일·APP,계약직,2025-09-23,0.666
J04850,A0507,P0089,회사19,DA (Data Analyst),모바일·APP,신입,2025-09-23,0.602
J01005,A0106,P0149,회사13,DA (Data Analyst),리테일,계약직,2025-09-23,0.366
J02708,A0282,P0202,회사16,Product Analyst,경영 컨설팅,신입,2025-09-23,0.191
J04675,A0487,P0163,회사29,DA (Data Analyst),모바일·APP,신입,2025-09-23,0.976
J04213,A0439,P0113,회사11,Data Scientist,배달/배송,전환형 인턴,2025-09-23,0.598
J04415,A0462,P0057,회사11,DA (Data Analyst),헬스케어,경력,2025-09-23,0.99
J02825,A0293,P0210,회사26,Growth Analyst,,신입,2025-09-23,0.133
J02855,A0296,P0085,회사26,DA (Data Analyst),물류,경력,2025-09-23,0.484
J01469,A0146,P0191,회사22,BI Engineer,,신입,2025-09-23,0.668
J02283,A0234,P0218,회사15,DA (Data Analyst),미디어,신입,2025-09-23,0.063
J00232,A0025,P0097,회사23,Growth Analyst,모바일·APP,신입,2025-09-23,0.467
J00160,A0018,P0136,회사12,Growth Analyst,모바일·APP,신입,2025-09-23,0.974
J03812,A0393,P0116,회사32,BA (Business Analyst),금융,전환형 인턴,2025-09-23,0.036
J01746,A0173,P0044,회사22,BI Engineer,경영 컨설팅,계약직,2025-09-23,0.783
J01109,A0114,P0010,회사14,BA (Business Analyst),배달/배송,경력,2025-09-24,0.404
J04585,A0478,P0203,회사17,DA (Data Analyst),물류,경력,2025-09-24,0.27
J00269,A0030,P0219,회사27,Product Analyst,미디어,인턴,2025-09-24,0.604
J01708,A0170,P0070,회사29,Growth Analyst,교육,계약직,2025-09-24,0.515
J03981,A0412,P0112,회사31,BI Engineer,경영 컨설팅,경력,2025-09-24,0.642
J02573,A0268,P0084,회사20,Product Analyst,,경력,2025-09-24,0.99
J03798,A0392,P0140,회사20,Growth Analyst,모바일·APP,경력,2025-09-24,0.624
J01638,A0163,P0047,회사22,BI Engineer,금융,경력,2025-09-24,0.689
J02711,A0283,P0146,회사21,Product Analyst,게임,경력,2025-09-24,0.551
J00397,A0042,P0185,회사11,DA (Data Analyst),물류,전환형 인턴,2025-09-24,0.724
J01251,A0129,P0067,회사25,BA (Business Analyst),미디어,전환형 인턴,2025-09-24,0.533
J04367,A0456,P0060,회사23,BI Engineer,물류,신입,2025-09-24,0.142
J03834,A0396,P0137,회사23,Product Analyst,모바일·APP,신입,2025-09-24,0.51
J04430,A0463,P0163,회사29,DA (Data Analyst),모바일·APP,신입,2025-09-24,0.23
J02650,A0276,P0070,회사29,Growth Analyst,교육,계약직,2025-09-24,0.491
J04279,A0446,P0058,회사26,BA (Business Analyst),경영 컨설팅,계약직,2025-09-24,0.567
J02063,A0212,P0124,회사18,DA (Data Analyst),,경력,2025-09-24,0.175
J02198,A0226,P0118,회사20,BI Engineer,미디어,전환형 인턴,2025-09-24,0.169
J00949,A0097,P0143,회사23,Product Analyst,교육,인턴,2025-09-24,0.654
J03205,A0334,P0239,회사28,Product Analyst,모바일·APP,계약직,2025-09-24,0.297
J00862,A0089,P0101,회사18,BA (Business Analyst),,신입,2025-09-24,0.585
J03124,A0324,P0093,회사12,DA (Data Analyst),배달/배송,신입,2025-09-24,0.105
J03598,A0374,P0204,회사31,DA (Data Analyst),교육,인턴,2025-09-24,0.38
J02155,A0220,P0153,회사23,BA (Business Analyst),교육,경력,2025-09-24,0.081
J04073,A0423,P0105,회사31,Product Analyst,모바일·APP,경력,2025-09-24,0.845
J03571,A0371,P0110,회사30,Product Analyst,배달/배송,신입,2025-09-25,0.646
J04541,A0473,P0143,회사23,Product Analyst,교육,인턴,2025-09-25,0.793
J01702,A0169,P0128,회사26,Data Scientist,게임,경력,2025-09-25,0.52
J01435,A0143,P0019,회사17,Growth Analyst,모바일·APP,인턴,2025-09-25,0.479
J01164,A0120,P0038,회사11,Product Analyst,,신입,2025-09-25,0.593
J00467,A0049,P0233,회사18,BA (Business Analyst),게임,신입,2025-09-25,0.618
J03270,A0341,P0069,회사34,BI Engineer,리테일,계약직,2025-09-25,0.446
J04183,A0435,P0068,회사24,BI Engineer,리테일,계약직,2025-09-25,0.464
J03747,A0387,P0219,회사27,Product Analyst,미디어,인턴,2025-09-25,0.154
J01216,A0125,P0136,회사12,Growth Analyst,모바일·APP,신입,2025-09-25,0.597
J00112,A0013,P0083,회사22,BI Engineer,배달/배송,경력,2025-09-25,0.339
J01812,A0181,P0194,회사32,BI Engineer,금융,신입,2025-09-25,0.444
J02808,A0292,P0107,회사25,BA (Business Analyst),미디어,인턴,2025-09-26,0.538
J01300,A0133,P0154,회사34,BA (Business Analyst),미디어,경력,2025-09-26,0.605
J03934,A0410,P0194,회사32,BI Engineer,금융,신입,2025-09-26,0.555
J04600,A0480,P0072,회사32,DA (Data Analyst),교육,인턴,2025-09-26,0.402
J03350,A0350,P0158,회사07,BA (Business Analyst),금융,신입,2025-09-26,0.573
J03110,A0323,P0077,회사15,BA (Business Analyst),,경력,2025-09-26,0.225
J01505,A0148,P0038,회사11,Product Analyst,,신입,2025-09-26,0.632
J01931,A0195,P0034,회사05,BA (Business Analyst),리테일,인턴,2025-09-26,0.967
J03075,A0320,P0142,회사15,BI Engineer,교육,경력,2025-09-26,0.431
J02494,A0259,P0017,회사20,BA (Business Analyst),헬스케어,신입,2025-09-26,0.396
J01048,A0108,P0131,회사24,BI Engineer,미디어,경력,2025-09-26,0.212
J03317,A0345,P0085,회사26,DA (Data Analyst),물류,경력,2025-09-26,0.882
J03761,A0388,P0145,회사28,Growth Analyst,,신입,2025-09-26,0.599
J01422,A0142,P0094,회사19,BI Engineer,금융,신입,2025-09-26,0.441
J04512,A0470,P0216,회사17,BA (Business Analyst),모바일·APP,경력,2025-09-26,0.351
J01821,A0182,P0149,회사13,DA (Data Analyst),리테일,계약직,2025-09-27,0.177
J00241,A0026,P0237,회사23,Data Scientist,경영 컨설팅,신입,2025-09-27,0.431
J01319,A0134,P0131,회사24,BI Engineer,미디어,경력,2025-09-27,0.486
J01990,A0204,P0120,회사26,DA (Data Analyst),게임,신입,2025-09-27,0.951
J04416,A0462,P0097,회사23,Growth Analyst,모바일·APP,신입,2025-09-27,0.665
J00735,A0078,P0043,회사12,BI Engineer,리테일,인턴,2025-09-27,0.524
J01666,A0165,P0177,회사22,Growth Analyst,경영 컨설팅,경력,2025-09-27,0.99
J01859,A0187,P0100,회사34,BI Engineer,헬스케어,계약직,2025-09-27,0.596
J02868,A0297,P0070,회사29,Growth Analyst,교육,계약직,2025-09-27,0.427
J01847,A0186,P0138,회사11,BI Engineer,물류,신입,2025-09-27,0.649
J00241,A0026,P0237,회사23,Data Scientist,경영 컨설팅,신입,2025-09-27,0.431
J00818,A0086,P0108,회사14,BA (Business Analyst),교육,경력,2025-09-27,0.943
J04851,A0507,P0079,회사08,Growth Analyst,게임,신입,2025-09-27,0.664
J00650,A0068,P0224,회사16,Growth Analyst,,신입,2025-09-27,0.957
J00932,A0095,P0173,회사33,DA (Data Analyst),배달/배송,계약직,2025-09-28,0.02
J01006,A0106,P0119,회사13,Product Analyst,리테일,신입,2025-09-28,0.605
J03899,A0406,P0090,회사15,DA (Data Analyst),모바일·APP,신입,2025-09-28,0.123
J00305,A0033,P0094,회사19,BI Engineer,금융,신입,2025-09-28,0.484
J04843,A0506,P0218,회사15,DA (Data Analyst),미디어,신입,2025-09-28,0.216
J03261,A0340,P0188,회사09,BI Engineer,교육,신입,2025-09-28,0.02
J04455,A0465,P0031,회사27,BI Engineer,물류,신입,2025-09-28,0.721
J04431,A0463,P0195,회사28,Product Analyst,물류,신입,2025-09-28,0.653
J00920,A0093,P0225,회사33,Data Scientist,헬스케어,경력,2025-09-28,0.567
J00950,A0097,P0150,회사04,Growth Analyst,배달/배송,경력,2025-09-28,0.339
J01639,A0163,P0014,회사34,BI Engineer,금융,신입,2025-09-28,0.698
J01899,A0193,P0150,회사04,Growth Analyst,배달/배송,경력,2025-09-28,0.671
J02989,A0311,P0222,회사17,Product Analyst,,경력,2025-09-28,0.784
J02645,A0275,P0106,회사16,Data Scientist,물류,신입,2025-09-28,0.604
J00847,A0088,P0233,회사18,BA (Business Analyst),게임,신입,2025-09-28,0.696
J01027,A0107,P0167,회사12,DA (Data Analyst),리테일,신입,2025-09-28,0.99
J03128,A0325,P0087,회사03,Product Analyst,헬스케어,신입,2025-09-28,0.904
J01334,A0136,P0229,회사18,Data Scientist,배달/배송,계약직,2025-09-29,0.535
J00345,A0037,P0043,회사12,BI Engineer,리테일,인턴,2025-09-29,0.763
J02916,A0302,P0199,회사21,BA (Business Analyst),물류,경력,2025-09-29,0.652
J02299,A0236,P0097,회사23,Growth Analyst,모바일·APP,신입,2025-09-29,0.817
J01576,A0157,P0183,회사11,Product Analyst,,인턴,2025-09-29,0.448
J00689,A0072,P0005,회사11,Growth Analyst,,경력,2025-09-29,0.154
J02425,A0248,P0172,회사26,BI Engineer,경영 컨설팅,경력,2025-09-29,0.586
J00101,A0011,P0167,회사12,DA (Data Analyst),리테일,신입,2025-09-29,0.631
J04028,A0418,P0111,회사29,Product Analyst,배달/배송,신입,2025-09-29,0.53
J03748,A0387,P0164,회사31,DA (Data Analyst),금융,경력,2025-09-29,0.508
J00760,A0081,P0072,회사32,DA (Data Analyst),교육,인턴,2025-09-29,0.353
J01543,A0153,P0229,회사18,Data Scientist,배달/배송,계약직,2025-09-29,0.78
J03125,A0324,P0040,회사30,BA (Business Analyst),,신입,2025-09-29,0.388
J04460,A0466,P0158,회사07,BA (Business Analyst),금융,신입,2025-09-29,0.843
J01955,A0198,P0217,회사34,BA (Business Analyst),미디어,전환형 인턴,2025-09-29,0.328
J03004,A0313,P0172,회사26,BI Engineer,경영 컨설팅,경력,2025-09-29,0.393
J04662,A0485,P0058,회사26,BA (Business Analyst),경영 컨설팅,계약직,2025-09-29,0.409
J01396,A0140,P0127,회사06,Product Analyst,리테일,신입,2025-09-29,0.497
J02581,A0269,P0062,회사21,Data Scientist,경영 컨설팅,경력,2025-09-29,0.099
J03042,A0316,P0171,회사31,Product Analyst,경영 컨설팅,계약직,2025-09-30,0.064
J03572,A0371,P0161,회사21,DA (Data Analyst),리테일,신입,2025-09-30,0.548
J04170,A0434,P0138,회사11,BI Engineer,물류,신입,2025-09-30,0.656
J02357,A0243,P0168,회사26,Data Scientist,미디어,경력,2025-09-30,0.253
J01880,A0189,P0075,회사10,Product Analyst,교육,신입,2025-09-30,0.475
J04356,A0454,P0067,회사25,BA (Business Analyst),미디어,전환형 인턴,2025-09-30,0.66
J01217,A0125,P0075,회사10,Product Analyst,교육,신입,2025-09-30,0.424
J04672,A0486,P0026,회사26,DA (Data Analyst),금융,신입,2025-09-30,0.635
J04638,A0483,P0225,회사33,Data Scientist,헬스케어,경력,2025-09-30,0.82
J01207,A0124,P0221,회사32,Growth Analyst,교육,계약직,2025-09-30,0.141
J00468,A0049,P0032,회사33,Growth Analyst,,인턴,2025-09-30,0.442
J02043,A0210,P0072,회사32,DA (Data Analyst),교육,인턴,2025-09-30,0.112
J01703,A0169,P0145,회사28,Growth Analyst,,신입,2025-09-30,0.442
J04715,A0490,P0199,회사21,BA (Business Analyst),물류,경력,2025-09-30,0.606
J02234,A0230,P0237,회사23,Data Scientist,경영 컨설팅,신입,2025-09-30,0.651
J03446,A0359,P0228,회사31,Growth Analyst,헬스케어,경력,2025-10-01,0.765
J00180,A0020,P0053,회사31,BA (Business Analyst),헬스케어,경력,2025-10-01,0.391
J01848,A0186,P0093,회사12,DA (Data Analyst),배달/배송,신입,2025-10-01,0.458
J03719,A0384,P0232,회사17,BI Engineer,물류,신입,2025-10-01,0.605
J02076,A0213,P0099,회사26,BA (Business Analyst),물류,경력,2025-10-01,0.429
J00819,A0086,P0022,회사29,Data Scientist,,신입,2025-10-01,0.352
J02156,A0220,P0200,회사27,DA (Data Analyst),금융,신입,2025-10-01,0.254
J04280,A0446,P0089,회사19,DA (Data Analyst),모바일·APP,신입,2025-10-01,0.746
J00328,A0036,P0112,회사31,BI Engineer,경영 컨설팅,경력,2025-10-01,0.322
J04852,A0507,P0193,회사23,BA (Business Analyst),게임,인턴,2025-10-01,0.723
J03982,A0412,P0005,회사11,Growth Analyst,,경력,2025-10-01,0.474
J02622,A0273,P0195,회사28,Product Analyst,물류,신입,2025-10-01,0.847
J01667,A0165,P0157,회사17,Growth Analyst,모바일·APP,전환형 인턴,2025-10-01,0.726
J02651,A0276,P0206,회사21,BI Engineer,,경력,2025-10-01,0.525
J01535,A0151,P0188,회사09,BI Engineer,교육,신입,2025-10-01,0.497
J03679,A0380,P0090,회사15,DA (Data Analyst),모바일·APP,신입,2025-10-01,0.99
J03616,A0375,P0187,회사19,BI Engineer,금융,경력,2025-10-02,0.366
J04480,A0467,P0085,회사26,DA (Data Analyst),물류,경력,2025-10-02,0.316
J04184,A0435,P0006,회사24,Growth Analyst,물류,신입,2025-10-02,0.695
J04893,A0511,P0169,회사14,Data Scientist,리테일,경력,2025-10-02,0.553
J04825,A0504,P0057,회사11,DA (Data Analyst),헬스케어,경력,2025-10-02,0.562
J04729,A0491,P0016,회사22,Data Scientist,게임,경력,2025-10-02,0.588
J04542,A0473,P0139,회사28,Growth Analyst,교육,경력,2025-10-02,0.684
J04417,A0462,P0132,회사21,DA (Data Analyst),금융,계약직,2025-10-02,0.99
J04137,A0431,P0041,회사33,Product Analyst,헬스케어,경력,2025-10-02,0.484
J02518,A0261,P0056,회사20,Growth Analyst,물류,인턴,2025-10-02,0.594
J02284,A0234,P0112,회사31,BI Engineer,경영 컨설팅,경력,2025-10-02,0.02
J02250,A0231,P0107,회사25,BA (Business Analyst),미디어,인턴,2025-10-02,0.484
J01692,A0168,P0049,회사30,DA (Data Analyst),물류,계약직,2025-10-02,0.808
J01485,A0147,P0006,회사24,Growth Analyst,물류,신입,2025-10-02,0.047
J03076,A0320,P0008,회사12,BA (Business Analyst),게임,신입,2025-10-02,0.408
J01229,A0127,P0100,회사34,BI Engineer,헬스케어,계약직,2025-10-02,0.368
J03129,A0325,P0016,회사22,Data Scientist,게임,경력,2025-10-02,0.603
J00768,A0082,P0235,회사12,Product Analyst,헬스케어,인턴,2025-10-02,0.474
J02793,A0291,P0086,회사18,BI Engineer,교육,경력,2025-10-02,0.642
J01747,A0173,P0166,회사24,Growth Analyst,헬스케어,신입,2025-10-02,0.212
J02325,A0240,P0004,회사19,BA (Business Analyst),교육,신입,2025-10-02,0.592
J02199,A0226,P0117,회사19,BI Engineer,,신입,2025-10-02,0.45
J03111,A0323,P0023,회사11,Growth Analyst,헬스케어,신입,2025-10-03,0.825
J03399,A0354,P0034,회사05,BA (Business Analyst),리테일,인턴,2025-10-03,0.748
J02034,A0209,P0053,회사31,BA (Business Analyst),헬스케어,경력,2025-10-03,0.381
J01150,A0119,P0232,회사17,BI Engineer,물류,신입,2025-10-03,0.369
J01453,A0145,P0084,회사20,Product Analyst,,경력,2025-10-03,0.256
J01049,A0108,P0181,회사12,BA (Business Analyst),,신입,2025-10-03,0.554
J01956,A0198,P0137,회사23,Product Analyst,모바일·APP,신입,2025-10-03,0.396
J01202,A0123,P0029,회사18,Product Analyst,게임,신입,2025-10-03,0.581
J01110,A0114,P0135,회사20,Product Analyst,,인턴,2025-10-03,0.403
J01959,A0199,P0196,회사11,BI Engineer,리테일,계약직,2025-10-03,0.518
J03290,A0342,P0036,회사31,DA (Data Analyst),,경력,2025-10-03,0.211
J00635,A0066,P0189,회사12,Product Analyst,미디어,신입,2025-10-03,0.64
J00102,A0011,P0172,회사26,BI Engineer,경영 컨설팅,경력,2025-10-03,0.453
J01085,A0112,P0008,회사12,BA (Business Analyst),게임,신입,2025-10-03,0.713
J01446,A0144,P0102,회사24,BI Engineer,리테일,전환형 인턴,2025-10-03,0.99
J01813,A0181,P0219,회사27,Product Analyst,미디어,인턴,2025-10-03,0.214
J00782,A0083,P0128,회사26,Data Scientist,게임,경력,2025-10-03,0.404
J01981,A0202,P0011,회사27,Product Analyst,,신입,2025-10-04,0.762
J01301,A0133,P0016,회사22,Data Scientist,게임,경력,2025-10-04,0.665
J04109,A0428,P0239,회사28,Product Analyst,모바일·APP,계약직,2025-10-04,0.386
J03222,A0335,P0148,회사11,DA (Data Analyst),배달/배송,인턴,2025-10-04,0.524
J00008,A0002,P0035,회사19,Data Scientist,물류,인턴,2025-10-04,0.15
J02574,A0268,P0028,회사11,BI Engineer,모바일·APP,경력,2025-10-04,0.811
J04513,A0470,P0173,회사33,DA (Data Analyst),배달/배송,계약직,2025-10-04,0.381
J04357,A0454,P0020,회사21,Data Scientist,리테일,인턴,2025-10-04,0.478
J04639,A0483,P0005,회사11,Growth Analyst,,경력,2025-10-04,0.554
J04771,A0497,P0231,회사19,Product Analyst,금융,전환형 인턴,2025-10-04,0.99
J03271,A0341,P0038,회사11,Product Analyst,,신입,2025-10-04,0.198
J00008,A0002,P0035,회사19,Data Scientist,물류,인턴,2025-10-04,0.15
J04601,A0480,P0054,회사11,Growth Analyst,물류,인턴,2025-10-04,0.461
J03649,A0378,P0094,회사19,BI Engineer,금융,신입,2025-10-04,0.834
J04629,A0482,P0032,회사33,Growth Analyst,,인턴,2025-10-05,0.457
J00863,A0089,P0045,회사11,Product Analyst,경영 컨설팅,인턴,2025-10-05,0.378
J03983,A0413,P0166,회사24,Growth Analyst,헬스케어,신입,2025-10-05,0.44
J00233,A0025,P0196,회사11,BI Engineer,리테일,계약직,2025-10-05,0.956
J03262,A0340,P0140,회사20,Growth Analyst,모바일·APP,경력,2025-10-05,0.245
J02099,A0215,P0186,회사17,Product Analyst,헬스케어,신입,2025-10-05,0.65
J00848,A0088,P0061,회사11,Growth Analyst,게임,신입,2025-10-05,0.764
J03634,A0377,P0201,회사33,BA (Business Analyst),물류,경력,2025-10-05,0.64
J00113,A0013,P0101,회사18,BA (Business Analyst),,신입,2025-10-05,0.937
J02358,A0243,P0024,회사11,BI Engineer,게임,전환형 인턴,2025-10-05,0.578
J04044,A0420,P0125,회사32,DA (Data Analyst),게임,신입,2025-10-05,0.629
J02623,A0273,P0200,회사27,DA (Data Analyst),금융,신입,2025-10-05,0.631
J00718,A0075,P0125,회사32,DA (Data Analyst),게임,신입,2025-10-05,0.449
J00578,A0060,P0028,회사11,BI Engineer,모바일·APP,경력,2025-10-05,0.555
J03935,A0410,P0226,회사34,Growth Analyst,리테일,전환형 인턴,2025-10-05,0.463
J04861,A0508,P0055,회사30,BA (Business Analyst),리테일,경력,2025-10-05,0.99
J00161,A0018,P0226,회사34,Growth Analyst,리테일,전환형 인턴,2025-10-05,0.348
J04676,A0487,P0195,회사28,Product Analyst,물류,신입,2025-10-05,0.649
J01544,A0153,P0109,회사32,BA (Business Analyst),배달/배송,전환형 인턴,2025-10-06,0.824
J02064,A0212,P0226,회사34,Growth Analyst,리테일,전환형 인턴,2025-10-06,0.02
J01362,A0137,P0157,회사17,Growth Analyst,모바일·APP,전환형 인턴,2025-10-06,0.36
J03835,A0396,P0088,회사01,Product Analyst,경영 컨설팅,신입,2025-10-06,0.381
J02523,A0262,P0133,회사13,Data Scientist,헬스케어,신입,2025-10-06,0.766
J03762,A0388,P0126,회사16,Growth Analyst,경영 컨설팅,신입,2025-10-06,0.882
J03066,A0319,P0176,회사23,DA (Data Analyst),경영 컨설팅,인턴,2025-10-06,0.297
J02712,A0283,P0182,회사12,Data Scientist,금융,인턴,2025-10-06,0.63
J02869,A0297,P0026,회사26,DA (Data Analyst),금융,신입,2025-10-06,0.27
J01709,A0170,P0240,회사11,Data Scientist,교육,신입,2025-10-06,0.057
J04281,A0446,P0055,회사30,BA (Business Analyst),리테일,경력,2025-10-06,0.631
J01693,A0168,P0197,회사12,Data Scientist,리테일,신입,2025-10-06,0.929
J01470,A0146,P0149,회사13,DA (Data Analyst),리테일,계약직,2025-10-06,0.66
J00761,A0081,P0070,회사29,Growth Analyst,교육,계약직,2025-10-06,0.545
J02077,A0213,P0131,회사24,BI Engineer,미디어,경력,2025-10-06,0.584
J01506,A0148,P0105,회사31,Product Analyst,모바일·APP,경력,2025-10-06,0.072
J04543,A0473,P0001,회사22,Product Analyst,물류,신입,2025-10-07,0.788
J04586,A0478,P0011,회사27,Product Analyst,,신입,2025-10-07,0.712
J03749,A0387,P0194,회사32,BI Engineer,금융,신입,2025-10-07,0.388
J04029,A0418,P0080,회사19,Growth Analyst,게임,경력,2025-10-07,0.622
J03043,A0316,P0179,회사26,Product Analyst,금융,계약직,2025-10-07,0.328
J00651,A0068,P0104,회사27,DA (Data Analyst),모바일·APP,신입,2025-10-07,0.701
J01111,A0114,P0143,회사23,Product Analyst,교육,인턴,2025-10-07,0.657
J01028,A0107,P0219,회사27,Product Analyst,미디어,인턴,2025-10-07,0.56
J04844,A0506,P0239,회사28,Product Analyst,모바일·APP,계약직,2025-10-07,0.626
J02826,A0293,P0180,회사17,DA (Data Analyst),,계약직,2025-10-07,0.027
J01436,A0143,P0134,회사23,Growth Analyst,배달/배송,전환형 인턴,2025-10-07,0.692
J01960,A0199,P0192,회사30,Growth Analyst,헬스케어,신입,2025-10-07,0.627
J00769,A0082,P0034,회사05,BA (Business Analyst),리테일,인턴,2025-10-07,0.416
J03599,A0374,P0085,회사26,DA (Data Analyst),물류,경력,2025-10-07,0.531
J03503,A0366,P0212,회사25,BI Engineer,모바일·APP,신입,2025-10-07,0.229
J00270,A0030,P0233,회사18,BA (Business Analyst),게임,신입,2025-10-07,0.302
J03407,A0355,P0050,회사14,BA (Business Analyst),미디어,신입,2025-10-07,0.436
J00783,A0083,P0168,회사26,Data Scientist,미디어,경력,2025-10-07,0.55
J02200,A0226,P0229,회사18,Data Scientist,배달/배송,계약직,2025-10-08,0.811
J01689,A0167,P0014,회사34,BI Engineer,금융,신입,2025-10-08,0.709
J03224,A0336,P0033,회사14,BA (Business Analyst),금융,전환형 인턴,2025-10-08,0.569
J02856,A0296,P0138,회사11,BI Engineer,물류,신입,2025-10-08,0.588
J03206,A0334,P0024,회사11,BI Engineer,게임,전환형 인턴,2025-10-08,0.492
J02519,A0261,P0057,회사11,DA (Data Analyst),헬스케어,경력,2025-10-08,0.193
J03720,A0384,P0217,회사34,BA (Business Analyst),미디어,전환형 인턴,2025-10-08,0.512
J04418,A0462,P0081,회사34,DA (Data Analyst),교육,계약직,2025-10-08,0.965
J01423,A0142,P0167,회사12,DA (Data Analyst),리테일,신입,2025-10-08,0.292
J04214,A0439,P0066,회사11,Product Analyst,게임,경력,2025-10-08,0.813
J04432,A0463,P0018,회사24,BI Engineer,리테일,계약직,2025-10-08,0.027
J02326,A0240,P0002,회사20,Product Analyst,게임,신입,2025-10-08,0.347
J01822,A0182,P0154,회사34,BA (Business Analyst),미디어,경력,2025-10-08,0.351
J00279,A0031,P0012,회사16,Growth Analyst,금융,경력,2025-10-08,0.727
J01991,A0204,P0105,회사31,Product Analyst,모바일·APP,경력,2025-10-08,0.477
J04368,A0456,P0141,회사13,BA (Business Analyst),헬스케어,전환형 인턴,2025-10-08,0.525
J01704,A0169,P0103,회사33,DA (Data Analyst),모바일·APP,신입,2025-10-08,0.227
J00820,A0086,P0202,회사16,Product Analyst,경영 컨설팅,신입,2025-10-09,0.338
J02709,A0282,P0011,회사27,Product Analyst,,신입,2025-10-09,0.096
J03223,A0335,P0130,회사13,Product Analyst,물류,전환형 인턴,2025-10-09,0.932
J01957,A0198,P0069,회사34,BI Engineer,리테일,계약직,2025-10-09,0.775
J01849,A0186,P0088,회사01,Product Analyst,경영 컨설팅,신입,2025-10-09,0.906
J03635,A0377,P0079,회사08,Growth Analyst,게임,신입,2025-10-09,0.348
J04074,A0423,P0165,회사16,Data Scientist,물류,신입,2025-10-09,0.566
J00469,A0049,P0081,회사34,DA (Data Analyst),교육,계약직,2025-10-09,0.44
J00434,A0046,P0218,회사15,DA (Data Analyst),미디어,신입,2025-10-09,0.074
J00849,A0088,P0033,회사14,BA (Business Analyst),금융,전환형 인턴,2025-10-09,0.606
J01640,A0163,P0080,회사19,Growth Analyst,게임,경력,2025-10-09,0.668
J01577,A0157,P0130,회사13,Product Analyst,물류,전환형 인턴,2025-10-09,0.299
J01932,A0195,P0032,회사33,Growth Analyst,,인턴,2025-10-10,0.771
J04461,A0466,P0178,회사21,Data Scientist,물류,계약직,2025-10-10,0.755
J02210,A0227,P0229,회사18,Data Scientist,배달/배송,계약직,2025-10-10,0.02
J03351,A0350,P0223,회사13,Growth Analyst,미디어,경력,2025-10-10,0.563
J02235,A0230,P0087,회사03,Product Analyst,헬스케어,신입,2025-10-10,0.481
J04045,A0420,P0035,회사19,Data Scientist,물류,인턴,2025-10-10,0.905
J01670,A0166,P0185,회사11,DA (Data Analyst),물류,전환형 인턴,2025-10-10,0.387
J02100,A0215,P0161,회사21,DA (Data Analyst),리테일,신입,2025-10-10,0.562
J01007,A0106,P0180,회사17,DA (Data Analyst),,계약직,2025-10-10,0.658
J01208,A0124,P0181,회사12,BA (Business Analyst),,신입,2025-10-10,0.02
J00398,A0042,P0171,회사31,Product Analyst,경영 컨설팅,계약직,2025-10-10,0.484
J01814,A0181,P0052,회사12,Data Scientist,교육,인턴,2025-10-10,0.29
J01454,A0145,P0027,회사15,DA (Data Analyst),물류,신입,2025-10-10,0.24
J00864,A0089,P0100,회사34,BI Engineer,헬스케어,계약직,2025-10-10,0.269
J04282,A0446,P0048,회사12,Growth Analyst,교육,신입,2025-10-10,0.865
J01218,A0125,P0207,회사12,Growth Analyst,게임,신입,2025-10-10,0.601
J01694,A0168,P0081,회사34,DA (Data Analyst),교육,계약직,2025-10-10,0.751
J02624,A0273,P0217,회사34,BA (Business Analyst),미디어,전환형 인턴,2025-10-10,0.892
J01860,A0187,P0163,회사29,DA (Data Analyst),모바일·APP,신입,2025-10-10,0.36
J00636,A0066,P0046,회사25,Growth Analyst,미디어,전환형 인턴,2025-10-10,0.592
J01447,A0144,P0214,회사22,BA (Business Analyst),,계약직,2025-10-11,0.959
J04826,A0504,P0088,회사01,Product Analyst,경영 컨설팅,신입,2025-10-11,0.246
J04358,A0454,P0039,회사23,Product Analyst,모바일·APP,인턴,2025-10-11,0.306
J02044,A0210,P0082,회사27,DA (Data Analyst),헬스케어,경력,2025-10-11,0.443
J03936,A0410,P0028,회사11,BI Engineer,모바일·APP,경력,2025-10-11,0.597
J01486,A0147,P0028,회사11,BI Engineer,모바일·APP,경력,2025-10-11,0.02
J03318,A0345,P0023,회사11,Growth Analyst,헬스케어,신입,2025-10-11,0.705
J00736,A0078,P0060,회사23,BI Engineer,물류,신입,2025-10-11,0.515
J01165,A0120,P0110,회사30,Product Analyst,배달/배송,신입,2025-10-11,0.861
J04630,A0482,P0086,회사18,BI Engineer,교육,경력,2025-10-11,0.413
J02582,A0269,P0068,회사24,BI Engineer,리테일,계약직,2025-10-11,0.273
J02426,A0248,P0219,회사27,Product Analyst,미디어,인턴,2025-10-11,0.461
J04363,A0455,P0103,회사33,DA (Data Analyst),모바일·APP,신입,2025-10-12,0.467
J00114,A0013,P0152,회사17,BA (Business Analyst),물류,경력,2025-10-12,0.596
J00181,A0020,P0221,회사32,Growth Analyst,교육,계약직,2025-10-12,0.179
J02495,A0259,P0072,회사32,DA (Data Analyst),교육,인턴,2025-10-12,0.912
J02300,A0236,P0087,회사03,Product Analyst,헬스케어,신입,2025-10-12,0.751
J02743,A0287,P0179,회사26,Product Analyst,금융,계약직,2025-10-12,0.181
J04853,A0507,P0141,회사13,BA (Business Analyst),헬스케어,전환형 인턴,2025-10-12,0.639
J01086,A0112,P0136,회사12,Growth Analyst,모바일·APP,신입,2025-10-12,0.611
J04716,A0490,P0140,회사20,Growth Analyst,모바일·APP,경력,2025-10-12,0.485
J01230,A0127,P0038,회사11,Product Analyst,,신입,2025-10-12,0.417
J02990,A0311,P0054,회사11,Growth Analyst,물류,인턴,2025-10-12,0.957
J01029,A0107,P0109,회사32,BA (Business Analyst),배달/배송,전환형 인턴,2025-10-12,0.783
J03005,A0313,P0204,회사31,DA (Data Analyst),교육,인턴,2025-10-12,0.631
J00579,A0060,P0183,회사11,Product Analyst,,인턴,2025-10-12,0.304
J04369,A0456,P0106,회사16,Data Scientist,물류,신입,2025-10-12,0.207
J01050,A0108,P0033,회사14,BA (Business Analyst),금융,전환형 인턴,2025-10-12,0.732
J02547,A0266,P0211,회사11,Product Analyst,경영 컨설팅,경력,2025-10-13,0.571
J02157,A0220,P0115,회사31,BA (Business Analyst),경영 컨설팅,전환형 인턴,2025-10-13,0.383
J00652,A0068,P0159,회사17,Data Scientist,경영 컨설팅,신입,2025-10-13,0.383
J00677,A0071,P0197,회사12,Data Scientist,리테일,신입,2025-10-13,0.479
J00874,A0090,P0143,회사23,Product Analyst,교육,인턴,2025-10-13,0.585
J00951,A0097,P0146,회사21,Product Analyst,게임,경력,2025-10-13,0.534
J03077,A0320,P0099,회사26,BA (Business Analyst),물류,경력,2025-10-13,0.568
J00762,A0081,P0078,회사19,Product Analyst,,경력,2025-10-13,0.266
J02646,A0275,P0027,회사15,DA (Data Analyst),물류,신입,2025-10-13,0.497
J04663,A0485,P0014,회사34,BI Engineer,금융,신입,2025-10-13,0.778
J03900,A0406,P0178,회사21,Data Scientist,물류,계약직,2025-10-13,0.098
J04110,A0428,P0221,회사32,Growth Analyst,교육,계약직,2025-10-13,0.087
J02713,A0283,P0016,회사22,Data Scientist,게임,경력,2025-10-13,0.374
J03112,A0323,P0067,회사25,BA (Business Analyst),미디어,전환형 인턴,2025-10-13,0.67
J03680,A0380,P0174,회사25,BI Engineer,금융,인턴,2025-10-13,0.969
J04215,A0439,P0214,회사22,BA (Business Analyst),,계약직,2025-10-14,0.75
J00009,A0002,P0147,회사20,BA (Business Analyst),게임,전환형 인턴,2025-10-14,0.423
J01203,A0123,P0068,회사24,BI Engineer,리테일,계약직,2025-10-14,0.091
J01695,A0168,P0034,회사05,BA (Business Analyst),리테일,인턴,2025-10-14,0.669
J01641,A0163,P0213,회사19,BI Engineer,물류,신입,2025-10-14,0.568
J00690,A0072,P0129,회사17,Growth Analyst,경영 컨설팅,신입,2025-10-14,0.266
J00271,A0030,P0117,회사19,BI Engineer,,신입,2025-10-14,0.441
J00306,A0033,P0044,회사22,BI Engineer,경영 컨설팅,계약직,2025-10-14,0.02
J04587,A0478,P0013,회사16,Growth Analyst,헬스케어,전환형 인턴,2025-10-14,0.477
J02625,A0273,P0177,회사22,Growth Analyst,경영 컨설팅,경력,2025-10-14,0.961
J01748,A0173,P0214,회사22,BA (Business Analyst),,계약직,2025-10-14,0.213
J03414,A0357,P0201,회사33,BA (Business Analyst),물류,경력,2025-10-14,0.589
J03504,A0366,P0135,회사20,Product Analyst,,인턴,2025-10-14,0.077
J01900,A0193,P0140,회사20,Growth Analyst,모바일·APP,경력,2025-10-14,0.426
J00933,A0095,P0032,회사33,Growth Analyst,,인턴,2025-10-14,0.142
J03763,A0388,P0215,회사28,BA (Business Analyst),물류,전환형 인턴,2025-10-14,0.397
J02652,A0276,P0204,회사31,DA (Data Analyst),교육,인턴,2025-10-14,0.102
J01397,A0140,P0044,회사22,BI Engineer,경영 컨설팅,계약직,2025-10-14,0.53
J02520,A0261,P0078,회사19,Product Analyst,,경력,2025-10-15,0.532
J02917,A0302,P0045,회사11,Product Analyst,경영 컨설팅,인턴,2025-10-15,0.714
J02359,A0243,P0122,회사21,Product Analyst,,전환형 인턴,2025-10-15,0.675
J02870,A0297,P0220,회사22,DA (Data Analyst),리테일,인턴,2025-10-15,0.306
J04648,A0484,P0010,회사14,BA (Business Analyst),배달/배송,경력,2025-10-15,0.254
J01335,A0136,P0134,회사23,Growth Analyst,배달/배송,전환형 인턴,2025-10-15,0.221
J00346,A0037,P0082,회사27,DA (Data Analyst),헬스케어,경력,2025-10-15,0.751
J04359,A0454,P0201,회사33,BA (Business Analyst),물류,경력,2025-10-15,0.579
J03225,A0336,P0154,회사34,BA (Business Analyst),미디어,경력,2025-10-15,0.545
J02065,A0212,P0144,회사12,BA (Business Analyst),배달/배송,계약직,2025-10-15,0.02
J01302,A0133,P0079,회사08,Growth Analyst,게임,신입,2025-10-15,0.523
J02575,A0268,P0042,회사19,Data Scientist,헬스케어,경력,2025-10-15,0.582
J03207,A0334,P0040,회사30,BA (Business Analyst),,신입,2025-10-15,0.624
J04185,A0435,P0003,회사28,BA (Business Analyst),교육,전환형 인턴,2025-10-15,0.576
J04138,A0431,P0044,회사22,BI Engineer,경영 컨설팅,계약직,2025-10-16,0.838
J04640,A0483,P0227,회사02,Data Scientist,게임,신입,2025-10-16,0.345
J03319,A0345,P0011,회사27,Product Analyst,,신입,2025-10-16,0.597
J02201,A0226,P0080,회사19,Growth Analyst,게임,경력,2025-10-16,0.234
J04514,A0470,P0031,회사27,BI Engineer,물류,신입,2025-10-16,0.504
J00435,A0046,P0059,회사23,Product Analyst,물류,신입,2025-10-16,0.172
J01705,A0169,P0234,회사29,Product Analyst,,인턴,2025-10-16,0.224
J03263,A0340,P0049,회사30,DA (Data Analyst),물류,계약직,2025-10-16,0.429
J00865,A0089,P0175,회사22,Data Scientist,금융,신입,2025-10-16,0.479
J00719,A0075,P0042,회사19,Data Scientist,헬스케어,경력,2025-10-16,0.324
J01166,A0120,P0101,회사18,BA (Business Analyst),,신입,2025-10-16,0.688
J04433,A0463,P0023,회사11,Growth Analyst,헬스케어,신입,2025-10-16,0.293
J01668,A0165,P0114,회사27,Growth Analyst,모바일·APP,전환형 인턴,2025-10-16,0.99
J01961,A0199,P0205,회사17,Product Analyst,게임,경력,2025-10-16,0.45
J02744,A0287,P0166,회사24,Growth Analyst,헬스케어,신입,2025-10-16,0.332
J02524,A0262,P0190,회사31,Growth Analyst,,전환형 인턴,2025-10-16,0.38
J04171,A0434,P0190,회사31,Growth Analyst,,전환형 인턴,2025-10-16,0.909
J04481,A0467,P0141,회사13,BA (Business Analyst),헬스케어,전환형 인턴,2025-10-16,0.755
J02251,A0231,P0149,회사13,DA (Data Analyst),리테일,계약직,2025-10-16,0.54
J02583,A0269,P0167,회사12,DA (Data Analyst),리테일,신입,2025-10-16,0.142
J03006,A0313,P0024,회사11,BI Engineer,게임,전환형 인턴,2025-10-16,0.567
J03272,A0341,P0148,회사11,DA (Data Analyst),배달/배송,인턴,2025-10-17,0.261
J03937,A0410,P0084,회사20,Product Analyst,,경력,2025-10-17,0.379
J03636,A0377,P0093,회사12,DA (Data Analyst),배달/배송,신입,2025-10-17,0.542
J00329,A0036,P0097,회사23,Growth Analyst,모바일·APP,신입,2025-10-17,0.482
J04772,A0497,P0206,회사21,BI Engineer,,경력,2025-10-17,0.542
J00744,A0079,P0215,회사28,BA (Business Analyst),물류,전환형 인턴,2025-10-17,0.469
J00234,A0025,P0216,회사17,BA (Business Analyst),모바일·APP,경력,2025-10-17,0.475
J03291,A0342,P0148,회사11,DA (Data Analyst),배달/배송,인턴,2025-10-17,0.431
J03650,A0378,P0141,회사13,BA (Business Analyst),헬스케어,전환형 인턴,2025-10-17,0.658
J04573,A0477,P0129,회사17,Growth Analyst,경영 컨설팅,신입,2025-10-17,0.69
J03146,A0327,P0125,회사32,DA (Data Analyst),게임,신입,2025-10-17,0.703
J04854,A0507,P0064,회사27,Growth Analyst,헬스케어,경력,2025-10-17,0.335
J01112,A0114,P0082,회사27,DA (Data Analyst),헬스케어,경력,2025-10-17,0.401
J01030,A0107,P0118,회사20,BI Engineer,미디어,전환형 인턴,2025-10-17,0.699
J04894,A0511,P0172,회사26,BI Engineer,경영 컨설팅,경력,2025-10-17,0.233
J00952,A0097,P0215,회사28,BA (Business Analyst),물류,전환형 인턴,2025-10-17,0.471
J01507,A0148,P0235,회사12,Product Analyst,헬스케어,인턴,2025-10-18,0.686
J01471,A0146,P0102,회사24,BI Engineer,리테일,전환형 인턴,2025-10-18,0.674
J02794,A0291,P0046,회사25,Growth Analyst,미디어,전환형 인턴,2025-10-18,0.49
J03600,A0374,P0014,회사34,BI Engineer,금융,신입,2025-10-18,0.401
J00453,A0048,P0181,회사12,BA (Business Analyst),,신입,2025-10-18,0.192
J00587,A0061,P0237,회사23,Data Scientist,경영 컨설팅,신입,2025-10-18,0.929
J04364,A0455,P0097,회사23,Growth Analyst,모바일·APP,신입,2025-10-18,0.04
J01437,A0143,P0114,회사27,Growth Analyst,모바일·APP,전환형 인턴,2025-10-18,0.861
J03408,A0355,P0053,회사31,BA (Business Analyst),헬스케어,경력,2025-10-18,0.506
J04730,A0491,P0121,회사13,Growth Analyst,금융,신입,2025-10-18,0.671
J01690,A0167,P0003,회사28,BA (Business Analyst),교육,전환형 인턴,2025-10-18,0.405
J03400,A0354,P0081,회사34,DA (Data Analyst),교육,계약직,2025-10-18,0.587
J02158,A0220,P0197,회사12,Data Scientist,리테일,신입,2025-10-18,0.524
J00280,A0031,P0145,회사28,Growth Analyst,,신입,2025-10-18,0.836
J01209,A0124,P0070,회사29,Growth Analyst,교육,계약직,2025-10-18,0.234
J00580,A0060,P0145,회사28,Growth Analyst,,신입,2025-10-18,0.127
J02236,A0230,P0010,회사14,BA (Business Analyst),배달/배송,경력,2025-10-19,0.47
J02035,A0209,P0213,회사19,BI Engineer,물류,신입,2025-10-19,0.218
J03721,A0384,P0171,회사31,Product Analyst,경영 컨설팅,계약직,2025-10-19,0.689
J01087,A0112,P0081,회사34,DA (Data Analyst),교육,계약직,2025-10-19,0.487
J01336,A0136,P0043,회사12,BI Engineer,리테일,인턴,2025-10-19,0.205
J04602,A0480,P0190,회사31,Growth Analyst,,전환형 인턴,2025-10-19,0.552
J01398,A0140,P0155,회사19,Product Analyst,모바일·APP,신입,2025-10-19,0.412
J04801,A0500,P0173,회사33,DA (Data Analyst),배달/배송,계약직,2025-10-19,0.358
J02827,A0293,P0088,회사01,Product Analyst,경영 컨설팅,신입,2025-10-19,0.03
J02035,A0209,P0213,회사19,BI Engineer,물류,신입,2025-10-19,0.218
J01815,A0181,P0063,회사13,DA (Data Analyst),게임,신입,2025-10-19,0.229
J02857,A0296,P0118,회사20,BI Engineer,미디어,전환형 인턴,2025-10-19,0.861
J01992,A0204,P0236,회사26,BA (Business Analyst),리테일,신입,2025-10-19,0.442
J03415,A0357,P0159,회사17,Data Scientist,경영 컨설팅,신입,2025-10-19,0.457
J01151,A0119,P0030,회사13,DA (Data Analyst),배달/배송,신입,2025-10-19,0.721
J04845,A0506,P0130,회사13,Product Analyst,물류,전환형 인턴,2025-10-19,0.657
J03750,A0387,P0103,회사33,DA (Data Analyst),모바일·APP,신입,2025-10-19,0.455
J04550,A0474,P0013,회사16,Growth Analyst,헬스케어,전환형 인턴,2025-10-19,0.165
J01063,A0110,P0163,회사29,DA (Data Analyst),모바일·APP,신입,2025-10-19,0.516
J00678,A0071,P0022,회사29,Data Scientist,,신입,2025-10-19,0.152
J01063,A0110,P0163,회사29,DA (Data Analyst),모바일·APP,신입,2025-10-19,0.516
J01151,A0119,P0030,회사13,DA (Data Analyst),배달/배송,신입,2025-10-19,0.721
J03984,A0413,P0086,회사18,BI Engineer,교육,경력,2025-10-19,0.634
J02626,A0273,P0143,회사23,Product Analyst,교육,인턴,2025-10-20,0.708
J00934,A0095,P0220,회사22,DA (Data Analyst),리테일,인턴,2025-10-20,0.386
J02710,A0282,P0090,회사15,DA (Data Analyst),모바일·APP,신입,2025-10-20,0.277
J02548,A0266,P0025,회사29,DA (Data Analyst),리테일,인턴,2025-10-20,0.586
J01455,A0145,P0097,회사23,Growth Analyst,모바일·APP,신입,2025-10-20,0.282
J02315,A0239,P0070,회사29,Growth Analyst,교육,계약직,2025-10-20,0.551
J04419,A0462,P0073,회사27,BA (Business Analyst),,인턴,2025-10-20,0.62
J00010,A0002,P0002,회사20,Product Analyst,게임,신입,2025-10-20,0.02
J00103,A0012,P0089,회사19,DA (Data Analyst),모바일·APP,신입,2025-10-20,0.604
J04631,A0482,P0021,회사14,BI Engineer,경영 컨설팅,신입,2025-10-20,0.652
J03770,A0389,P0128,회사26,Data Scientist,게임,경력,2025-10-20,0.345
J02066,A0212,P0229,회사18,Data Scientist,배달/배송,계약직,2025-10-20,0.344
J03836,A0396,P0067,회사25,BA (Business Analyst),미디어,전환형 인턴,2025-10-20,0.315
J01167,A0120,P0051,회사28,Data Scientist,물류,신입,2025-10-20,0.699
J00182,A0020,P0172,회사26,BI Engineer,경영 컨설팅,경력,2025-10-20,0.467
J02066,A0212,P0229,회사18,Data Scientist,배달/배송,계약직,2025-10-20,0.344
J03113,A0323,P0218,회사15,DA (Data Analyst),미디어,신입,2025-10-20,0.49
J01448,A0144,P0077,회사15,BA (Business Analyst),,경력,2025-10-21,0.389
J04677,A0487,P0104,회사27,DA (Data Analyst),모바일·APP,신입,2025-10-21,0.637
J00866,A0089,P0057,회사11,DA (Data Analyst),헬스케어,경력,2025-10-21,0.534
J04862,A0508,P0210,회사26,Growth Analyst,,신입,2025-10-21,0.586
J02745,A0287,P0007,회사14,BA (Business Analyst),경영 컨설팅,전환형 인턴,2025-10-21,0.411
J03651,A0378,P0235,회사12,Product Analyst,헬스케어,인턴,2025-10-21,0.911
J00470,A0049,P0190,회사31,Growth Analyst,,전환형 인턴,2025-10-21,0.636
J01363,A0137,P0237,회사23,Data Scientist,경영 컨설팅,신입,2025-10-21,0.222
J01710,A0170,P0047,회사22,BI Engineer,금융,경력,2025-10-21,0.243
J04186,A0435,P0198,회사22,BA (Business Analyst),게임,계약직,2025-10-21,0.198
J02584,A0269,P0027,회사15,DA (Data Analyst),물류,신입,2025-10-21,0.02
J04030,A0418,P0110,회사30,Product Analyst,배달/배송,신입,2025-10-21,0.454
J00121,A0014,P0176,회사23,DA (Data Analyst),경영 컨설팅,인턴,2025-10-21,0.396
J00784,A0083,P0186,회사17,Product Analyst,헬스케어,신입,2025-10-21,0.555
J02647,A0275,P0007,회사14,BA (Business Analyst),경영 컨설팅,전환형 인턴,2025-10-21,0.255
J03352,A0350,P0174,회사25,BI Engineer,금융,인턴,2025-10-22,0.246
J01578,A0157,P0130,회사13,Product Analyst,물류,전환형 인턴,2025-10-22,0.628
J02078,A0213,P0123,회사20,Product Analyst,배달/배송,경력,2025-10-22,0.99
J01545,A0153,P0173,회사33,DA (Data Analyst),배달/배송,계약직,2025-10-22,0.524
J04462,A0466,P0100,회사34,BI Engineer,헬스케어,계약직,2025-10-22,0.52
J02159,A0220,P0028,회사11,BI Engineer,모바일·APP,경력,2025-10-22,0.622
J03601,A0374,P0155,회사19,Product Analyst,모바일·APP,신입,2025-10-22,0.28
J01231,A0127,P0015,회사11,Data Scientist,모바일·APP,신입,2025-10-22,0.426
J00850,A0088,P0019,회사17,Growth Analyst,모바일·APP,인턴,2025-10-22,0.528
J01438,A0143,P0138,회사11,BI Engineer,물류,신입,2025-10-22,0.612
J04895,A0511,P0098,회사11,Data Scientist,게임,신입,2025-10-22,0.476
J01850,A0186,P0031,회사27,BI Engineer,물류,신입,2025-10-22,0.8
J03067,A0319,P0075,회사10,Product Analyst,교육,신입,2025-10-22,0.035
J00691,A0072,P0023,회사11,Growth Analyst,헬스케어,신입,2025-10-22,0.29
J00399,A0042,P0224,회사16,Growth Analyst,,신입,2025-10-23,0.388
J00770,A0082,P0166,회사24,Growth Analyst,헬스케어,신입,2025-10-23,0.433
J01424,A0142,P0029,회사18,Product Analyst,게임,신입,2025-10-23,0.071
J01642,A0163,P0122,회사21,Product Analyst,,전환형 인턴,2025-10-23,0.687
J00727,A0077,P0202,회사16,Product Analyst,경영 컨설팅,신입,2025-10-23,0.36
J01031,A0107,P0076,회사24,DA (Data Analyst),헬스케어,신입,2025-10-23,0.838
J03226,A0336,P0046,회사25,Growth Analyst,미디어,전환형 인턴,2025-10-23,0.218
J04641,A0483,P0009,회사20,BA (Business Analyst),물류,경력,2025-10-23,0.207
J03044,A0316,P0154,회사34,BA (Business Analyst),미디어,경력,2025-10-23,0.486
J02327,A0240,P0083,회사22,BI Engineer,배달/배송,경력,2025-10-23,0.129
J04544,A0473,P0029,회사18,Product Analyst,게임,신입,2025-10-23,0.88
J04139,A0431,P0082,회사27,DA (Data Analyst),헬스케어,경력,2025-10-23,0.587
J03208,A0334,P0218,회사15,DA (Data Analyst),미디어,신입,2025-10-23,0.521
J04515,A0470,P0014,회사34,BI Engineer,금융,신입,2025-10-23,0.482
J00347,A0037,P0105,회사31,Product Analyst,모바일·APP,경력,2025-10-23,0.677
J04046,A0420,P0217,회사34,BA (Business Analyst),미디어,전환형 인턴,2025-10-23,0.861
J00953,A0097,P0074,회사20,BI Engineer,배달/배송,신입,2025-10-23,0.361
J04420,A0462,P0073,회사27,BA (Business Analyst),,인턴,2025-10-24,0.99
J01051,A0108,P0152,회사17,BA (Business Analyst),물류,경력,2025-10-24,0.573
J04664,A0485,P0223,회사13,Growth Analyst,미디어,경력,2025-10-24,0.642
J02211,A0227,P0102,회사24,BI Engineer,리테일,전환형 인턴,2025-10-24,0.6
J00992,A0104,P0029,회사18,Product Analyst,게임,신입,2025-10-24,0.626
J02045,A0210,P0144,회사12,BA (Business Analyst),배달/배송,계약직,2025-10-24,0.217
J02036,A0209,P0103,회사33,DA (Data Analyst),모바일·APP,신입,2025-10-24,0.513
J01696,A0168,P0206,회사21,BI Engineer,,경력,2025-10-24,0.668
J02962,A0308,P0007,회사14,BA (Business Analyst),경영 컨설팅,전환형 인턴,2025-10-24,0.405
J00821,A0086,P0148,회사11,DA (Data Analyst),배달/배송,인턴,2025-10-24,0.411
J00653,A0068,P0147,회사20,BA (Business Analyst),게임,전환형 인턴,2025-10-24,0.62
J01933,A0195,P0201,회사33,BA (Business Analyst),물류,경력,2025-10-24,0.906
J00115,A0013,P0209,회사19,BA (Business Analyst),금융,신입,2025-10-24,0.588
J03681,A0380,P0149,회사13,DA (Data Analyst),리테일,계약직,2025-10-24,0.916
J03901,A0406,P0022,회사29,Data Scientist,,신입,2025-10-24,0.623
J01958,A0198,P0174,회사25,BI Engineer,금융,인턴,2025-10-24,0.608
J02714,A0283,P0047,회사22,BI Engineer,금융,경력,2025-10-24,0.388
J01861,A0187,P0074,회사20,BI Engineer,배달/배송,신입,2025-10-24,0.531
J02427,A0248,P0191,회사22,BI Engineer,,신입,2025-10-25,0.748
J04649,A0484,P0158,회사07,BA (Business Analyst),금융,신입,2025-10-25,0.622
J04827,A0504,P0139,회사28,Growth Analyst,교육,경력,2025-10-25,0.638
J03007,A0313,P0055,회사30,BA (Business Analyst),리테일,경력,2025-10-25,0.829
J00679,A0071,P0095,회사25,Product Analyst,물류,계약직,2025-10-25,0.604
J02549,A0266,P0072,회사32,DA (Data Analyst),교육,인턴,2025-10-25,0.484
J00737,A0078,P0149,회사13,DA (Data Analyst),리테일,계약직,2025-10-25,0.367
J01008,A0106,P0178,회사21,Data Scientist,물류,계약직,2025-10-25,0.515
J01901,A0193,P0169,회사14,Data Scientist,리테일,경력,2025-10-25,0.691
J03764,A0388,P0101,회사18,BA (Business Analyst),,신입,2025-10-25,0.812
J00867,A0089,P0232,회사17,BI Engineer,물류,신입,2025-10-25,0.633
J00875,A0090,P0187,회사19,BI Engineer,금융,경력,2025-10-25,0.754
J01671,A0166,P0115,회사31,BA (Business Analyst),경영 컨설팅,전환형 인턴,2025-10-25,0.386
J04283,A0446,P0039,회사23,Product Analyst,모바일·APP,인턴,2025-10-25,0.809
J03416,A0357,P0066,회사11,Product Analyst,게임,경력,2025-10-25,0.369
J01449,A0144,P0226,회사34,Growth Analyst,리테일,전환형 인턴,2025-10-25,0.432
J02991,A0311,P0154,회사34,BA (Business Analyst),미디어,경력,2025-10-26,0.99
J04717,A0490,P0105,회사31,Product Analyst,모바일·APP,경력,2025-10-26,0.227
J02858,A0296,P0025,회사29,DA (Data Analyst),리테일,인턴,2025-10-26,0.954
J00250,A0028,P0003,회사28,BA (Business Analyst),교육,전환형 인턴,2025-10-26,0.74
J02521,A0261,P0073,회사27,BA (Business Analyst),,인턴,2025-10-26,0.539
J02795,A0291,P0089,회사19,DA (Data Analyst),모바일·APP,신입,2025-10-26,0.789
J02101,A0215,P0188,회사09,BI Engineer,교육,신입,2025-10-26,0.661
J02496,A0259,P0104,회사27,DA (Data Analyst),모바일·APP,신입,2025-10-26,0.694
J01204,A0123,P0167,회사12,DA (Data Analyst),리테일,신입,2025-10-26,0.407
J00322,A0035,P0216,회사17,BA (Business Analyst),모바일·APP,경력,2025-10-26,0.02
J02202,A0226,P0082,회사27,DA (Data Analyst),헬스케어,경력,2025-10-26,0.628
J03602,A0374,P0132,회사21,DA (Data Analyst),금융,계약직,2025-10-26,0.376
J02576,A0268,P0109,회사32,BA (Business Analyst),배달/배송,전환형 인턴,2025-10-26,0.376
J00588,A0061,P0156,회사22,BA (Business Analyst),헬스케어,계약직,2025-10-26,0.444
J02252,A0231,P0009,회사20,BA (Business Analyst),물류,경력,2025-10-26,0.098
J00183,A0020,P0128,회사26,Data Scientist,게임,경력,2025-10-26,0.651
J04551,A0474,P0015,회사11,Data Scientist,모바일·APP,신입,2025-10-26,0.382
J01669,A0165,P0119,회사13,Product Analyst,리테일,신입,2025-10-26,0.792
J03154,A0328,P0150,회사04,Growth Analyst,배달/배송,경력,2025-10-26,0.02
J04896,A0511,P0102,회사24,BI Engineer,리테일,전환형 인턴,2025-10-27,0.679
J01508,A0148,P0233,회사18,BA (Business Analyst),게임,신입,2025-10-27,0.518
J04545,A0473,P0109,회사32,BA (Business Analyst),배달/배송,전환형 인턴,2025-10-27,0.71
J00281,A0031,P0152,회사17,BA (Business Analyst),물류,경력,2025-10-27,0.583
J04111,A0428,P0129,회사17,Growth Analyst,경영 컨설팅,신입,2025-10-27,0.425
J04145,A0432,P0199,회사21,BA (Business Analyst),물류,경력,2025-10-27,0.475
J00272,A0030,P0175,회사22,Data Scientist,금융,신입,2025-10-27,0.453
J03353,A0350,P0084,회사20,Product Analyst,,경력,2025-10-27,0.393
J01487,A0147,P0152,회사17,BA (Business Analyst),물류,경력,2025-10-27,0.391
J01088,A0112,P0170,회사26,Growth Analyst,게임,경력,2025-10-27,0.546
J03722,A0384,P0180,회사17,DA (Data Analyst),,계약직,2025-10-27,0.757
J01337,A0136,P0015,회사11,Data Scientist,모바일·APP,신입,2025-10-27,0.469
J02067,A0212,P0131,회사24,BI Engineer,미디어,경력,2025-10-27,0.319
J00935,A0095,P0118,회사20,BI Engineer,미디어,전환형 인턴,2025-10-27,0.02
J03505,A0366,P0148,회사11,DA (Data Analyst),배달/배송,인턴,2025-10-27,0.387
J02653,A0276,P0124,회사18,DA (Data Analyst),,경력,2025-10-27,0.378
J01113,A0114,P0008,회사12,BA (Business Analyst),게임,신입,2025-10-28,0.324
J01168,A0120,P0018,회사24,BI Engineer,리테일,계약직,2025-10-28,0.674
J04482,A0467,P0019,회사17,Growth Analyst,모바일·APP,인턴,2025-10-28,0.389
J03751,A0387,P0079,회사08,Growth Analyst,게임,신입,2025-10-28,0.514
J03078,A0320,P0184,회사28,DA (Data Analyst),게임,전환형 인턴,2025-10-28,0.617
J01320,A0135,P0060,회사23,BI Engineer,물류,신입,2025-10-28,0.513
J00581,A0060,P0098,회사11,Data Scientist,게임,신입,2025-10-28,0.15
J02593,A0270,P0125,회사32,DA (Data Analyst),게임,신입,2025-10-28,0.515
J03985,A0413,P0157,회사17,Growth Analyst,모바일·APP,전환형 인턴,2025-10-28,0.329
J02968,A0309,P0155,회사19,Product Analyst,모바일·APP,신입,2025-10-28,0.559
J00436,A0046,P0086,회사18,BI Engineer,교육,경력,2025-10-28,0.02
J04187,A0435,P0136,회사12,Growth Analyst,모바일·APP,신입,2025-10-28,0.342
J00763,A0081,P0119,회사13,Product Analyst,리테일,신입,2025-10-28,0.557
J02828,A0293,P0055,회사30,BA (Business Analyst),리테일,경력,2025-10-28,0.541
J02918,A0302,P0184,회사28,DA (Data Analyst),게임,전환형 인턴,2025-10-28,0.773
J01472,A0146,P0046,회사25,Growth Analyst,미디어,전환형 인턴,2025-10-28,0.825
J04216,A0439,P0027,회사15,DA (Data Analyst),물류,신입,2025-10-28,0.782
J04463,A0466,P0143,회사23,Product Analyst,교육,인턴,2025-10-28,0.636
J03292,A0342,P0195,회사28,Product Analyst,물류,신입,2025-10-28,0.349
J04863,A0508,P0105,회사31,Product Analyst,모바일·APP,경력,2025-10-29,0.722
J02316,A0239,P0141,회사13,BA (Business Analyst),헬스케어,전환형 인턴,2025-10-29,0.552
J00307,A0033,P0101,회사18,BA (Business Analyst),,신입,2025-10-29,0.721
J00728,A0077,P0085,회사26,DA (Data Analyst),물류,경력,2025-10-29,0.305
J04773,A0497,P0086,회사18,BI Engineer,교육,경력,2025-10-29,0.583
J02079,A0213,P0161,회사21,DA (Data Analyst),리테일,신입,2025-10-29,0.517
J02360,A0243,P0099,회사26,BA (Business Analyst),물류,경력,2025-10-29,0.734
J01064,A0110,P0197,회사12,Data Scientist,리테일,신입,2025-10-29,0.684
J00330,A0036,P0067,회사25,BA (Business Analyst),미디어,전환형 인턴,2025-10-29,0.678
J04678,A0487,P0215,회사28,BA (Business Analyst),물류,전환형 인턴,2025-10-29,0.677
J03008,A0313,P0096,회사27,BI Engineer,,신입,2025-10-29,0.699
J03147,A0327,P0193,회사23,BA (Business Analyst),게임,인턴,2025-10-29,0.875
J04031,A0418,P0213,회사19,BI Engineer,물류,신입,2025-10-29,0.302
J01439,A0143,P0099,회사26,BA (Business Analyst),물류,경력,2025-10-29,0.965
J02715,A0283,P0099,회사26,BA (Business Analyst),물류,경력,2025-10-29,0.686
J04434,A0463,P0027,회사15,DA (Data Analyst),물류,신입,2025-10-29,0.556
J00868,A0089,P0213,회사19,BI Engineer,물류,신입,2025-10-29,0.308
J01052,A0108,P0048,회사12,Growth Analyst,교육,신입,2025-10-29,0.338
J04031,A0418,P0213,회사19,BI Engineer,물류,신입,2025-10-29,0.302
J00528,A0055,P0125,회사32,DA (Data Analyst),게임,신입,2025-10-29,0.303
J00720,A0076,P0122,회사21,Product Analyst,,전환형 인턴,2025-10-29,0.691
J01450,A0144,P0080,회사19,Growth Analyst,게임,경력,2025-10-29,0.99
J01749,A0173,P0122,회사21,Product Analyst,,전환형 인턴,2025-10-30,0.583
J03765,A0388,P0103,회사33,DA (Data Analyst),모바일·APP,신입,2025-10-30,0.46
J00851,A0088,P0199,회사21,BA (Business Analyst),물류,경력,2025-10-30,0.658
J01117,A0115,P0001,회사22,Product Analyst,물류,신입,2025-10-30,0.34
J00593,A0062,P0134,회사23,Growth Analyst,배달/배송,전환형 인턴,2025-10-30,0.24
J02871,A0297,P0190,회사31,Growth Analyst,,전환형 인턴,2025-10-30,0.479
J04172,A0434,P0216,회사17,BA (Business Analyst),모바일·APP,경력,2025-10-30,0.607
J01232,A0127,P0128,회사26,Data Scientist,게임,경력,2025-10-30,0.532
J00454,A0048,P0204,회사31,DA (Data Analyst),교육,인턴,2025-10-30,0.272
J02648,A0275,P0068,회사24,BI Engineer,리테일,계약직,2025-10-30,0.305
J04360,A0454,P0219,회사27,Product Analyst,미디어,인턴,2025-10-30,0.898
J01032,A0107,P0021,회사14,BI Engineer,경영 컨설팅,신입,2025-10-30,0.536
J00771,A0082,P0022,회사29,Data Scientist,,신입,2025-10-30,0.374
J04140,A0431,P0103,회사33,DA (Data Analyst),모바일·APP,신입,2025-10-30,0.491
J03652,A0378,P0089,회사19,DA (Data Analyst),모바일·APP,신입,2025-10-30,0.73
J02525,A0262,P0024,회사11,BI Engineer,게임,전환형 인턴,2025-10-30,0.652
J04855,A0507,P0047,회사22,BI Engineer,금융,경력,2025-10-30,0.631
J03837,A0396,P0088,회사01,Product Analyst,경영 컨설팅,신입,2025-10-30,0.205
J00822,A0086,P0123,회사20,Product Analyst,배달/배송,경력,2025-10-30,0.204
J04828,A0504,P0067,회사25,BA (Business Analyst),미디어,전환형 인턴,2025-10-30,0.554
J03637,A0377,P0225,회사33,Data Scientist,헬스케어,경력,2025-10-30,0.676
J00654,A0068,P0091,회사11,Data Scientist,금융,신입,2025-10-30,0.637
J01546,A0153,P0198,회사22,BA (Business Analyst),게임,계약직,2025-10-30,0.526
J04365,A0455,P0010,회사14,BA (Business Analyst),배달/배송,경력,2025-10-31,0.465
J00235,A0025,P0086,회사18,BI Engineer,교육,경력,2025-10-31,0.413
J00273,A0030,P0223,회사13,Growth Analyst,미디어,경력,2025-10-31,0.284
J03902,A0406,P0064,회사27,Growth Analyst,헬스케어,경력,2025-10-31,0.02
J02237,A0230,P0068,회사24,BI Engineer,리테일,계약직,2025-10-31,0.552
J03938,A0410,P0193,회사23,BA (Business Analyst),게임,인턴,2025-10-31,0.561
J04632,A0482,P0239,회사28,Product Analyst,모바일·APP,계약직,2025-10-31,0.552
J02859,A0296,P0236,회사26,BA (Business Analyst),리테일,신입,2025-10-31,0.608
J01816,A0181,P0239,회사28,Product Analyst,모바일·APP,계약직,2025-10-31,0.47
J03603,A0374,P0169,회사14,Data Scientist,리테일,경력,2025-10-31,0.375
J04846,A0506,P0040,회사30,BA (Business Analyst),,신입,2025-10-31,0.529
J03273,A0341,P0109,회사32,BA (Business Analyst),배달/배송,전환형 인턴,2025-10-31,0.445
J02969,A0309,P0162,회사19,DA (Data Analyst),리테일,신입,2025-11-01,0.503
J01962,A0199,P0122,회사21,Product Analyst,,전환형 인턴,2025-11-01,0.354
J01399,A0140,P0181,회사12,BA (Business Analyst),,신입,2025-11-01,0.582
J00011,A0002,P0001,회사22,Product Analyst,물류,신입,2025-11-01,0.521
J04731,A0491,P0175,회사22,Data Scientist,금융,신입,2025-11-01,0.788
J02160,A0220,P0030,회사13,DA (Data Analyst),배달/배송,신입,2025-11-01,0.202
J03320,A0345,P0180,회사17,DA (Data Analyst),,계약직,2025-11-01,0.387
J03354,A0350,P0221,회사32,Growth Analyst,교육,계약직,2025-11-01,0.396
J01711,A0170,P0012,회사16,Growth Analyst,금융,경력,2025-11-01,0.605
J00745,A0079,P0034,회사05,BA (Business Analyst),리테일,인턴,2025-11-01,0.413
J00471,A0049,P0021,회사14,BI Engineer,경영 컨설팅,신입,2025-11-01,0.438
J01338,A0136,P0121,회사13,Growth Analyst,금융,신입,2025-11-02,0.242
J01321,A0135,P0217,회사34,BA (Business Analyst),미디어,전환형 인턴,2025-11-02,0.287
J01456,A0145,P0152,회사17,BA (Business Analyst),물류,경력,2025-11-02,0.23
J04032,A0418,P0109,회사32,BA (Business Analyst),배달/배송,전환형 인턴,2025-11-02,0.851
J03045,A0316,P0229,회사18,Data Scientist,배달/배송,계약직,2025-11-02,0.642
J04022,A0417,P0019,회사17,Growth Analyst,모바일·APP,인턴,2025-11-02,0.487
J01473,A0146,P0205,회사17,Product Analyst,게임,경력,2025-11-02,0.611
J04574,A0477,P0082,회사27,DA (Data Analyst),헬스케어,경력,2025-11-02,0.582
J00785,A0083,P0071,회사33,Growth Analyst,,신입,2025-11-02,0.443
J03079,A0320,P0164,회사31,DA (Data Analyst),금융,경력,2025-11-02,0.56
J02627,A0273,P0172,회사26,BI Engineer,경영 컨설팅,경력,2025-11-02,0.85
J02585,A0269,P0155,회사19,Product Analyst,모바일·APP,신입,2025-11-02,0.02
J02550,A0266,P0135,회사20,Product Analyst,,인턴,2025-11-02,0.705
J00823,A0086,P0063,회사13,DA (Data Analyst),게임,신입,2025-11-03,0.117
J04221,A0440,P0022,회사29,Data Scientist,,신입,2025-11-03,0.45
J04603,A0480,P0021,회사14,BI Engineer,경영 컨설팅,신입,2025-11-03,0.757
J03506,A0366,P0200,회사27,DA (Data Analyst),금융,신입,2025-11-03,0.451
J04802,A0500,P0118,회사20,BI Engineer,미디어,전환형 인턴,2025-11-03,0.606
J04047,A0420,P0119,회사13,Product Analyst,리테일,신입,2025-11-03,0.863
J00869,A0089,P0020,회사21,Data Scientist,리테일,인턴,2025-11-03,0.475
J02746,A0287,P0016,회사22,Data Scientist,게임,경력,2025-11-03,0.122
J01993,A0204,P0190,회사31,Growth Analyst,,전환형 인턴,2025-11-03,0.571
J00582,A0060,P0147,회사20,BA (Business Analyst),게임,전환형 인턴,2025-11-03,0.49
J03209,A0334,P0032,회사33,Growth Analyst,,인턴,2025-11-03,0.381
J04532,A0472,P0117,회사19,BI Engineer,,신입,2025-11-03,0.555
J03185,A0332,P0033,회사14,BA (Business Analyst),금융,전환형 인턴,2025-11-03,0.822
J04435,A0463,P0023,회사11,Growth Analyst,헬스케어,신입,2025-11-03,0.137
J01169,A0120,P0233,회사18,BA (Business Analyst),게임,신입,2025-11-04,0.537
J01488,A0147,P0028,회사11,BI Engineer,모바일·APP,경력,2025-11-04,0.373
J04200,A0437,P0017,회사20,BA (Business Analyst),헬스케어,신입,2025-11-04,0.281
J00122,A0014,P0211,회사11,Product Analyst,경영 컨설팅,경력,2025-11-04,0.126
J01851,A0186,P0152,회사17,BA (Business Analyst),물류,경력,2025-11-04,0.615
J04483,A0467,P0168,회사26,Data Scientist,미디어,경력,2025-11-04,0.842
J01152,A0119,P0210,회사26,Growth Analyst,,신입,2025-11-04,0.583
J01902,A0193,P0089,회사19,DA (Data Analyst),모바일·APP,신입,2025-11-04,0.513
J02992,A0311,P0179,회사26,Product Analyst,금융,계약직,2025-11-04,0.859
J01817,A0181,P0034,회사05,BA (Business Analyst),리테일,인턴,2025-11-04,0.377
J04679,A0487,P0115,회사31,BA (Business Analyst),경영 컨설팅,전환형 인턴,2025-11-04,0.816
J04366,A0455,P0029,회사18,Product Analyst,게임,신입,2025-11-04,0.521
J04284,A0446,P0040,회사30,BA (Business Analyst),,신입,2025-11-04,0.963
J02317,A0239,P0061,회사11,Growth Analyst,게임,신입,2025-11-04,0.727
J03766,A0388,P0105,회사31,Product Analyst,모바일·APP,경력,2025-11-04,0.281
J03771,A0389,P0046,회사25,Growth Analyst,미디어,전환형 인턴,2025-11-04,0.874
J03723,A0384,P0158,회사07,BA (Business Analyst),금융,신입,2025-11-04,0.317
J04650,A0484,P0097,회사23,Growth Analyst,모바일·APP,신입,2025-11-04,0.289
J02253,A0231,P0050,회사14,BA (Business Analyst),미디어,신입,2025-11-04,0.02
J02024,A0208,P0095,회사25,Product Analyst,물류,계약직,2025-11-04,0.579
J00954,A0097,P0011,회사27,Product Analyst,,신입,2025-11-05,0.397
J04516,A0470,P0068,회사24,BI Engineer,리테일,계약직,2025-11-05,0.413
J03939,A0410,P0050,회사14,BA (Business Analyst),미디어,신입,2025-11-05,0.841
J01672,A0166,P0186,회사17,Product Analyst,헬스케어,신입,2025-11-05,0.653
J00104,A0012,P0141,회사13,BA (Business Analyst),헬스케어,전환형 인턴,2025-11-05,0.314
J01440,A0143,P0053,회사31,BA (Business Analyst),헬스케어,경력,2025-11-05,0.465
J01509,A0148,P0028,회사11,BI Engineer,모바일·APP,경력,2025-11-05,0.857
J00993,A0104,P0058,회사26,BA (Business Analyst),경영 컨설팅,계약직,2025-11-05,0.547
J03682,A0380,P0238,회사25,BI Engineer,금융,전환형 인턴,2025-11-05,0.861
J01053,A0108,P0142,회사15,BI Engineer,교육,경력,2025-11-05,0.54
J01065,A0110,P0003,회사28,BA (Business Analyst),교육,전환형 인턴,2025-11-05,0.233
J00400,A0042,P0238,회사25,BI Engineer,금융,전환형 인턴,2025-11-05,0.561
J03227,A0336,P0207,회사12,Growth Analyst,게임,신입,2025-11-05,0.072
J03752,A0387,P0166,회사24,Growth Analyst,헬스케어,신입,2025-11-05,0.226
J03653,A0378,P0063,회사13,DA (Data Analyst),게임,신입,2025-11-05,0.664
J04188,A0435,P0048,회사12,Growth Analyst,교육,신입,2025-11-05,0.533
J04217,A0439,P0183,회사11,Product Analyst,,인턴,2025-11-05,0.937
J03114,A0323,P0174,회사25,BI Engineer,금융,인턴,2025-11-05,0.612
J04146,A0432,P0101,회사18,BA (Business Analyst),,신입,2025-11-05,0.418
J01579,A0157,P0014,회사34,BI Engineer,금융,신입,2025-11-05,0.798
J02963,A0308,P0220,회사22,DA (Data Analyst),리테일,인턴,2025-11-06,0.514
J04421,A0462,P0014,회사34,BI Engineer,금융,신입,2025-11-06,0.795
J01205,A0123,P0228,회사31,Growth Analyst,헬스케어,경력,2025-11-06,0.151
J03046,A0316,P0096,회사27,BI Engineer,,신입,2025-11-06,0.677
J03293,A0342,P0030,회사13,DA (Data Analyst),배달/배송,신입,2025-11-06,0.913
J00348,A0037,P0129,회사17,Growth Analyst,경영 컨설팅,신입,2025-11-06,0.79
J02661,A0277,P0189,회사12,Product Analyst,미디어,신입,2025-11-06,0.514
J01364,A0137,P0033,회사14,BA (Business Analyst),금융,전환형 인턴,2025-11-06,0.649
J01451,A0144,P0155,회사19,Product Analyst,모바일·APP,신입,2025-11-06,0.663
J03604,A0374,P0030,회사13,DA (Data Analyst),배달/배송,신입,2025-11-06,0.54
J02080,A0213,P0084,회사20,Product Analyst,,경력,2025-11-06,0.616
J02796,A0291,P0135,회사20,Product Analyst,,인턴,2025-11-06,0.58
J01400,A0140,P0046,회사25,Growth Analyst,미디어,전환형 인턴,2025-11-06,0.355
J03417,A0357,P0111,회사29,Product Analyst,배달/배송,신입,2025-11-06,0.305
J04262,A0444,P0027,회사15,DA (Data Analyst),물류,신입,2025-11-06,0.767
J01697,A0168,P0062,회사21,Data Scientist,경영 컨설팅,경력,2025-11-07,0.931
J01862,A0187,P0146,회사21,Product Analyst,게임,경력,2025-11-07,0.632
J04665,A0485,P0096,회사27,BI Engineer,,신입,2025-11-07,0.273
J01643,A0163,P0002,회사20,Product Analyst,게임,신입,2025-11-07,0.759
J02361,A0243,P0109,회사32,BA (Business Analyst),배달/배송,전환형 인턴,2025-11-07,0.436
J04048,A0420,P0025,회사29,DA (Data Analyst),리테일,인턴,2025-11-07,0.697
J02328,A0240,P0089,회사19,DA (Data Analyst),모바일·APP,신입,2025-11-07,0.422
J01089,A0112,P0229,회사18,Data Scientist,배달/배송,계약직,2025-11-07,0.55
J00876,A0090,P0122,회사21,Product Analyst,,전환형 인턴,2025-11-07,0.437
J00852,A0088,P0034,회사05,BA (Business Analyst),리테일,인턴,2025-11-07,0.406
J04742,A0493,P0025,회사29,DA (Data Analyst),리테일,인턴,2025-11-07,0.1
J00746,A0079,P0153,회사23,BA (Business Analyst),교육,경력,2025-11-07,0.501
J00998,A0105,P0133,회사13,Data Scientist,헬스케어,신입,2025-11-07,0.38
J04864,A0508,P0039,회사23,Product Analyst,모바일·APP,인턴,2025-11-07,0.828
J03080,A0320,P0101,회사18,BA (Business Analyst),,신입,2025-11-07,0.624
J03068,A0319,P0230,회사13,DA (Data Analyst),물류,경력,2025-11-07,0.25
J04897,A0511,P0224,회사16,Growth Analyst,,신입,2025-11-07,0.416
J03321,A0345,P0120,회사26,DA (Data Analyst),게임,신입,2025-11-07,0.606
J00323,A0035,P0030,회사13,DA (Data Analyst),배달/배송,신입,2025-11-07,0.32
J00529,A0055,P0173,회사33,DA (Data Analyst),배달/배송,계약직,2025-11-07,0.42
J04023,A0417,P0040,회사30,BA (Business Analyst),,신입,2025-11-07,0.223
J03148,A0327,P0182,회사12,Data Scientist,금융,인턴,2025-11-07,0.784
J00772,A0082,P0210,회사26,Growth Analyst,,신입,2025-11-08,0.598
J02747,A0287,P0153,회사23,BA (Business Analyst),교육,경력,2025-11-08,0.409
J01750,A0173,P0016,회사22,Data Scientist,게임,경력,2025-11-08,0.789
J01903,A0193,P0160,회사14,Data Scientist,배달/배송,전환형 인턴,2025-11-08,0.367
J00589,A0061,P0061,회사11,Growth Analyst,게임,신입,2025-11-08,0.516
J02594,A0270,P0151,회사11,Data Scientist,게임,신입,2025-11-08,0.473
J03772,A0389,P0011,회사27,Product Analyst,,신입,2025-11-08,0.574
J00274,A0030,P0198,회사22,BA (Business Analyst),게임,계약직,2025-11-08,0.451
J04642,A0483,P0057,회사11,DA (Data Analyst),헬스케어,경력,2025-11-08,0.572
J03638,A0377,P0068,회사24,BI Engineer,리테일,계약직,2025-11-08,0.388
J00013,A0003,P0185,회사11,DA (Data Analyst),물류,전환형 인턴,2025-11-08,0.045
J00738,A0078,P0067,회사25,BA (Business Analyst),미디어,전환형 인턴,2025-11-08,0.331
J00583,A0060,P0131,회사24,BI Engineer,미디어,경력,2025-11-08,0.204
J02046,A0210,P0103,회사33,DA (Data Analyst),모바일·APP,신입,2025-11-08,0.273
J04201,A0437,P0054,회사11,Growth Analyst,물류,인턴,2025-11-08,0.384
J02212,A0227,P0225,회사33,Data Scientist,헬스케어,경력,2025-11-08,0.387
J02068,A0212,P0117,회사19,BI Engineer,,신입,2025-11-08,0.346
J00594,A0062,P0128,회사26,Data Scientist,게임,경력,2025-11-09,0.531
J04718,A0490,P0084,회사20,Product Analyst,,경력,2025-11-09,0.341
J04680,A0487,P0003,회사28,BA (Business Analyst),교육,전환형 인턴,2025-11-09,0.515
J02586,A0269,P0208,회사19,DA (Data Analyst),금융,전환형 인턴,2025-11-09,0.02
J00936,A0095,P0045,회사11,Product Analyst,경영 컨설팅,인턴,2025-11-09,0.02
J02654,A0276,P0188,회사09,BI Engineer,교육,신입,2025-11-09,0.539
J00123,A0014,P0018,회사24,BI Engineer,리테일,계약직,2025-11-09,0.34
J03235,A0337,P0163,회사29,DA (Data Analyst),모바일·APP,신입,2025-11-09,0.717
J02970,A0309,P0224,회사16,Growth Analyst,,신입,2025-11-09,0.503
J00116,A0013,P0064,회사27,Growth Analyst,헬스케어,경력,2025-11-09,0.855
J03507,A0366,P0112,회사31,BI Engineer,경영 컨설팅,경력,2025-11-09,0.822
J00721,A0076,P0175,회사22,Data Scientist,금융,신입,2025-11-09,0.317
J04218,A0439,P0095,회사25,Product Analyst,물류,계약직,2025-11-09,0.684
J01818,A0181,P0155,회사19,Product Analyst,모바일·APP,신입,2025-11-09,0.622
J01153,A0119,P0227,회사02,Data Scientist,게임,신입,2025-11-09,0.754
J04464,A0466,P0101,회사18,BA (Business Analyst),,신입,2025-11-10,0.593
J04803,A0500,P0104,회사27,DA (Data Analyst),모바일·APP,신입,2025-11-10,0.401
J00680,A0071,P0164,회사31,DA (Data Analyst),금융,경력,2025-11-10,0.517
J04736,A0492,P0125,회사32,DA (Data Analyst),게임,신입,2025-11-10,0.457
J00437,A0046,P0034,회사05,BA (Business Analyst),리테일,인턴,2025-11-10,0.044
J00786,A0083,P0226,회사34,Growth Analyst,리테일,전환형 인턴,2025-11-10,0.175
J00729,A0077,P0094,회사19,BI Engineer,금융,신입,2025-11-10,0.364
J03838,A0396,P0189,회사12,Product Analyst,미디어,신입,2025-11-10,0.765
J00251,A0028,P0157,회사17,Growth Analyst,모바일·APP,전환형 인턴,2025-11-10,0.839
J04552,A0474,P0129,회사17,Growth Analyst,경영 컨설팅,신입,2025-11-10,0.517
J04017,A0416,P0045,회사11,Product Analyst,경영 컨설팅,인턴,2025-11-10,0.627
J03155,A0328,P0174,회사25,BI Engineer,금융,인턴,2025-11-10,0.06
J03724,A0384,P0035,회사19,Data Scientist,물류,인턴,2025-11-10,0.562
J02497,A0259,P0172,회사26,BI Engineer,경영 컨설팅,경력,2025-11-10,0.537
J00455,A0048,P0014,회사34,BI Engineer,금융,신입,2025-11-10,0.384
J02318,A0239,P0031,회사27,BI Engineer,물류,신입,2025-11-10,0.867
J01580,A0157,P0150,회사04,Growth Analyst,배달/배송,경력,2025-11-10,0.725
J01114,A0114,P0006,회사24,Growth Analyst,물류,신입,2025-11-10,0.308
J03940,A0410,P0172,회사26,BI Engineer,경영 컨설팅,경력,2025-11-10,0.775
J04517,A0470,P0179,회사26,Product Analyst,금융,계약직,2025-11-11,0.16
J01365,A0137,P0234,회사29,Product Analyst,,인턴,2025-11-11,0.619
J03210,A0334,P0065,회사21,BI Engineer,모바일·APP,계약직,2025-11-11,0.145
J03753,A0387,P0101,회사18,BA (Business Analyst),,신입,2025-11-11,0.598
J04533,A0472,P0106,회사16,Data Scientist,물류,신입,2025-11-11,0.568
J03228,A0336,P0143,회사23,Product Analyst,교육,인턴,2025-11-11,0.207
J01489,A0147,P0075,회사10,Product Analyst,교육,신입,2025-11-11,0.02
J02203,A0226,P0208,회사19,DA (Data Analyst),금융,전환형 인턴,2025-11-11,0.121
J01712,A0170,P0015,회사11,Data Scientist,모바일·APP,신입,2025-11-11,0.386
J04024,A0417,P0052,회사12,Data Scientist,교육,인턴,2025-11-11,0.411
J02797,A0291,P0038,회사11,Product Analyst,,신입,2025-11-11,0.68
J04743,A0493,P0201,회사33,BA (Business Analyst),물류,경력,2025-11-11,0.217
J03903,A0406,P0227,회사02,Data Scientist,게임,신입,2025-11-11,0.304
J01698,A0168,P0110,회사30,Product Analyst,배달/배송,신입,2025-11-11,0.883
J01712,A0170,P0015,회사11,Data Scientist,모바일·APP,신입,2025-11-11,0.386
J00236,A0025,P0148,회사11,DA (Data Analyst),배달/배송,인턴,2025-11-11,0.608
J03654,A0378,P0028,회사11,BI Engineer,모바일·APP,경력,2025-11-11,0.837
J00824,A0086,P0121,회사13,Growth Analyst,금융,신입,2025-11-11,0.479
J02662,A0277,P0046,회사25,Growth Analyst,미디어,전환형 인턴,2025-11-11,0.707
J04222,A0440,P0001,회사22,Product Analyst,물류,신입,2025-11-11,0.23
J00282,A0031,P0200,회사27,DA (Data Analyst),금융,신입,2025-11-11,0.571
J02919,A0302,P0061,회사11,Growth Analyst,게임,신입,2025-11-11,0.683
J02238,A0230,P0108,회사14,BA (Business Analyst),교육,경력,2025-11-11,0.271
J00955,A0097,P0220,회사22,DA (Data Analyst),리테일,인턴,2025-11-12,0.31
J04112,A0428,P0128,회사26,Data Scientist,게임,경력,2025-11-12,0.33
J03355,A0350,P0230,회사13,DA (Data Analyst),물류,경력,2025-11-12,0.748
J02531,A0263,P0131,회사24,BI Engineer,미디어,경력,2025-11-12,0.622
J03149,A0327,P0077,회사15,BA (Business Analyst),,경력,2025-11-12,0.647
J02457,A0253,P0012,회사16,Growth Analyst,금융,경력,2025-11-12,0.568
J00472,A0049,P0073,회사27,BA (Business Analyst),,인턴,2025-11-12,0.356
J04147,A0432,P0039,회사23,Product Analyst,모바일·APP,인턴,2025-11-12,0.808
J03069,A0319,P0105,회사31,Product Analyst,모바일·APP,경력,2025-11-12,0.415
J03329,A0348,P0062,회사21,Data Scientist,경영 컨설팅,경력,2025-11-12,0.61
J00655,A0068,P0075,회사10,Product Analyst,교육,신입,2025-11-12,0.766
J04546,A0473,P0209,회사19,BA (Business Analyst),금융,신입,2025-11-12,0.655
J04202,A0437,P0117,회사19,BI Engineer,,신입,2025-11-12,0.493
J01751,A0173,P0122,회사21,Product Analyst,,전환형 인턴,2025-11-12,0.245
J01322,A0135,P0146,회사21,Product Analyst,게임,경력,2025-11-12,0.218
J00308,A0033,P0218,회사15,DA (Data Analyst),미디어,신입,2025-11-12,0.115
J01452,A0144,P0136,회사12,Growth Analyst,모바일·APP,신입,2025-11-12,0.686
J00401,A0042,P0145,회사28,Growth Analyst,,신입,2025-11-13,0.713
J02047,A0210,P0144,회사12,BA (Business Analyst),배달/배송,계약직,2025-11-13,0.045
J03186,A0332,P0206,회사21,BI Engineer,,경력,2025-11-13,0.905
J03009,A0313,P0160,회사14,Data Scientist,배달/배송,전환형 인턴,2025-11-13,0.473
J04361,A0454,P0206,회사21,BI Engineer,,경력,2025-11-13,0.527
J00999,A0105,P0172,회사26,BI Engineer,경영 컨설팅,경력,2025-11-13,0.535
J02526,A0262,P0170,회사26,Growth Analyst,게임,경력,2025-11-13,0.828
J04856,A0507,P0011,회사27,Product Analyst,,신입,2025-11-13,0.624
J03986,A0413,P0101,회사18,BA (Business Analyst),,신입,2025-11-13,0.422
J02716,A0283,P0181,회사12,BA (Business Analyst),,신입,2025-11-13,0.707
J00764,A0081,P0003,회사28,BA (Business Analyst),교육,전환형 인턴,2025-11-13,0.294
J04141,A0431,P0045,회사11,Product Analyst,경영 컨설팅,인턴,2025-11-14,0.451
J04219,A0439,P0210,회사26,Growth Analyst,,신입,2025-11-14,0.888
J01033,A0107,P0110,회사30,Product Analyst,배달/배송,신입,2025-11-14,0.564
J01066,A0110,P0135,회사20,Product Analyst,,인턴,2025-11-14,0.626
J02551,A0266,P0080,회사19,Growth Analyst,게임,경력,2025-11-14,0.619
J02595,A0270,P0094,회사19,BI Engineer,금융,신입,2025-11-14,0.12
J02628,A0273,P0227,회사02,Data Scientist,게임,신입,2025-11-14,0.956
J02649,A0275,P0193,회사23,BA (Business Analyst),게임,인턴,2025-11-14,0.162
J04189,A0435,P0007,회사14,BA (Business Analyst),경영 컨설팅,전환형 인턴,2025-11-14,0.257
J01457,A0145,P0024,회사11,BI Engineer,게임,전환형 인턴,2025-11-14,0.308
J04018,A0416,P0230,회사13,DA (Data Analyst),물류,경력,2025-11-14,0.434
J04774,A0497,P0139,회사28,Growth Analyst,교육,경력,2025-11-14,0.617
J00324,A0035,P0101,회사18,BA (Business Analyst),,신입,2025-11-14,0.138
J03843,A0397,P0162,회사19,DA (Data Analyst),리테일,신입,2025-11-14,0.215
J00331,A0036,P0026,회사26,DA (Data Analyst),금융,신입,2025-11-14,0.576
J00739,A0078,P0133,회사13,Data Scientist,헬스케어,신입,2025-11-14,0.42
J00722,A0076,P0220,회사22,DA (Data Analyst),리테일,인턴,2025-11-14,0.254
J01233,A0127,P0001,회사22,Product Analyst,물류,신입,2025-11-14,0.096
J04829,A0504,P0033,회사14,BA (Business Analyst),금융,전환형 인턴,2025-11-14,0.762
J00595,A0062,P0175,회사22,Data Scientist,금융,신입,2025-11-14,0.326
J01154,A0119,P0094,회사19,BI Engineer,금융,신입,2025-11-14,0.443
J00012,A0002,P0175,회사22,Data Scientist,금융,신입,2025-11-15,0.426
J01170,A0120,P0055,회사30,BA (Business Analyst),리테일,경력,2025-11-15,0.972
J00014,A0003,P0235,회사12,Product Analyst,헬스케어,인턴,2025-11-15,0.106
J01118,A0115,P0130,회사13,Product Analyst,물류,전환형 인턴,2025-11-15,0.282
J00252,A0028,P0071,회사33,Growth Analyst,,신입,2025-11-15,0.99
J04732,A0491,P0180,회사17,DA (Data Analyst),,계약직,2025-11-15,0.692
J00584,A0060,P0049,회사30,DA (Data Analyst),물류,계약직,2025-11-15,0.317
J01581,A0157,P0180,회사17,DA (Data Analyst),,계약직,2025-11-15,0.477
J00001,A0001,P0152,회사17,BA (Business Analyst),물류,경력,2025-11-15,0.484
J04207,A0438,P0172,회사26,BI Engineer,경영 컨설팅,경력,2025-11-15,0.468
J04033,A0418,P0054,회사11,Growth Analyst,물류,인턴,2025-11-15,0.862
J03274,A0341,P0046,회사25,Growth Analyst,미디어,전환형 인턴,2025-11-15,0.598
J03773,A0389,P0160,회사14,Data Scientist,배달/배송,전환형 인턴,2025-11-15,0.446
J02161,A0220,P0157,회사17,Growth Analyst,모바일·APP,전환형 인턴,2025-11-15,0.169
J02872,A0297,P0040,회사30,BA (Business Analyst),,신입,2025-11-15,0.661
J02213,A0227,P0212,회사25,BI Engineer,모바일·APP,신입,2025-11-15,0.261
J01904,A0193,P0071,회사33,Growth Analyst,,신입,2025-11-15,0.347
J02860,A0296,P0118,회사20,BI Engineer,미디어,전환형 인턴,2025-11-15,0.473
J01673,A0166,P0089,회사19,DA (Data Analyst),모바일·APP,신입,2025-11-15,0.606
J03655,A0378,P0227,회사02,Data Scientist,게임,신입,2025-11-16,0.432
J00825,A0086,P0118,회사20,BI Engineer,미디어,전환형 인턴,2025-11-16,0.358
J01115,A0114,P0037,회사23,BA (Business Analyst),모바일·APP,경력,2025-11-16,0.377
J00870,A0089,P0213,회사19,BI Engineer,물류,신입,2025-11-16,0.422
J03767,A0388,P0082,회사27,DA (Data Analyst),헬스케어,경력,2025-11-16,0.559
J04804,A0500,P0183,회사11,Product Analyst,,인턴,2025-11-16,0.394
J03409,A0356,P0006,회사24,Growth Analyst,물류,신입,2025-11-16,0.437
J04090,A0425,P0173,회사33,DA (Data Analyst),배달/배송,계약직,2025-11-16,0.388
J01441,A0143,P0225,회사33,Data Scientist,헬스케어,경력,2025-11-16,0.889
J00803,A0085,P0191,회사22,BI Engineer,,신입,2025-11-16,0.533
J00877,A0090,P0026,회사26,DA (Data Analyst),금융,신입,2025-11-16,0.323
J04285,A0446,P0194,회사32,BI Engineer,금융,신입,2025-11-16,0.99
J03156,A0328,P0100,회사34,BI Engineer,헬스케어,계약직,2025-11-16,0.284
J02897,A0300,P0011,회사27,Product Analyst,,신입,2025-11-17,0.698
J03070,A0319,P0235,회사12,Product Analyst,헬스케어,인턴,2025-11-17,0.441
J01474,A0146,P0063,회사13,DA (Data Analyst),게임,신입,2025-11-17,0.544
J03356,A0350,P0206,회사21,BI Engineer,,경력,2025-11-17,0.402
J01644,A0163,P0187,회사19,BI Engineer,금융,경력,2025-11-17,0.754
J03683,A0380,P0238,회사25,BI Engineer,금융,전환형 인턴,2025-11-17,0.952
J02081,A0213,P0224,회사16,Growth Analyst,,신입,2025-11-17,0.649
J00105,A0012,P0123,회사20,Product Analyst,배달/배송,경력,2025-11-17,0.81
J03639,A0377,P0096,회사27,BI Engineer,,신입,2025-11-17,0.346
J02993,A0311,P0018,회사24,BI Engineer,리테일,계약직,2025-11-17,0.771
J04148,A0432,P0231,회사19,Product Analyst,금융,전환형 인턴,2025-11-17,0.615
J03081,A0320,P0166,회사24,Growth Analyst,헬스케어,신입,2025-11-17,0.987
J04575,A0477,P0054,회사11,Growth Analyst,물류,인턴,2025-11-17,0.194
J01034,A0107,P0235,회사12,Product Analyst,헬스케어,인턴,2025-11-18,0.47
J03508,A0366,P0198,회사22,BA (Business Analyst),게임,계약직,2025-11-18,0.583
J00937,A0095,P0082,회사27,DA (Data Analyst),헬스케어,경력,2025-11-18,0.02
J04104,A0427,P0166,회사24,Growth Analyst,헬스케어,신입,2025-11-18,0.436
J00853,A0088,P0126,회사16,Growth Analyst,경영 컨설팅,신입,2025-11-18,0.754
J03211,A0334,P0003,회사28,BA (Business Analyst),교육,전환형 인턴,2025-11-18,0.223
J04484,A0467,P0005,회사11,Growth Analyst,,경력,2025-11-18,0.728
J02319,A0239,P0207,회사12,Growth Analyst,게임,신입,2025-11-18,0.864
J01339,A0136,P0070,회사29,Growth Analyst,교육,계약직,2025-11-18,0.472
J02717,A0283,P0127,회사06,Product Analyst,리테일,신입,2025-11-18,0.781
J04049,A0420,P0226,회사34,Growth Analyst,리테일,전환형 인턴,2025-11-18,0.478
J04681,A0488,P0212,회사25,BI Engineer,모바일·APP,신입,2025-11-18,0.299
J04681,A0488,P0212,회사25,BI Engineer,모바일·APP,신입,2025-11-18,0.299
J01067,A0110,P0237,회사23,Data Scientist,경영 컨설팅,신입,2025-11-18,0.715
J01994,A0204,P0037,회사23,BA (Business Analyst),모바일·APP,경력,2025-11-19,0.025
J04553,A0474,P0007,회사14,BA (Business Analyst),경영 컨설팅,전환형 인턴,2025-11-19,0.305
J02254,A0231,P0096,회사27,BI Engineer,,신입,2025-11-19,0.51
J00530,A0055,P0144,회사12,BA (Business Analyst),배달/배송,계약직,2025-11-19,0.473
J04733,A0491,P0079,회사08,Growth Analyst,게임,신입,2025-11-19,0.519
J04223,A0440,P0100,회사34,BI Engineer,헬스케어,계약직,2025-11-19,0.34
J04220,A0439,P0019,회사17,Growth Analyst,모바일·APP,인턴,2025-11-19,0.879
J02329,A0240,P0003,회사28,BA (Business Analyst),교육,전환형 인턴,2025-11-19,0.291
J02964,A0308,P0026,회사26,DA (Data Analyst),금융,신입,2025-11-19,0.447
J01155,A0119,P0058,회사26,BA (Business Analyst),경영 컨설팅,계약직,2025-11-19,0.58
J03418,A0357,P0053,회사31,BA (Business Analyst),헬스케어,경력,2025-11-19,0.569
J00117,A0013,P0209,회사19,BA (Business Analyst),금융,신입,2025-11-19,0.522
J02162,A0220,P0201,회사33,BA (Business Analyst),물류,경력,2025-11-19,0.071
J04604,A0480,P0089,회사19,DA (Data Analyst),모바일·APP,신입,2025-11-19,0.62
J00994,A0104,P0073,회사27,BA (Business Analyst),,인턴,2025-11-19,0.226
J01234,A0127,P0142,회사15,BI Engineer,교육,경력,2025-11-19,0.429
J04643,A0483,P0207,회사12,Growth Analyst,게임,신입,2025-11-19,0.736
J01852,A0186,P0021,회사14,BI Engineer,경영 컨설팅,신입,2025-11-19,0.271
J04263,A0444,P0157,회사17,Growth Analyst,모바일·APP,전환형 인턴,2025-11-19,0.565
J00981,A0102,P0055,회사30,BA (Business Analyst),리테일,경력,2025-11-19,0.166
J04651,A0484,P0077,회사15,BA (Business Analyst),,경력,2025-11-19,0.193
J00956,A0097,P0109,회사32,BA (Business Analyst),배달/배송,전환형 인턴,2025-11-19,0.676
J03941,A0410,P0156,회사22,BA (Business Analyst),헬스케어,계약직,2025-11-19,0.226
J03010,A0313,P0130,회사13,Product Analyst,물류,전환형 인턴,2025-11-20,0.461
J04534,A0472,P0226,회사34,Growth Analyst,리테일,전환형 인턴,2025-11-20,0.116
J04857,A0507,P0175,회사22,Data Scientist,금융,신입,2025-11-20,0.466
J02527,A0262,P0231,회사19,Product Analyst,금융,전환형 인턴,2025-11-20,0.617
J04737,A0492,P0021,회사14,BI Engineer,경영 컨설팅,신입,2025-11-20,0.55
J04312,A0451,P0020,회사21,Data Scientist,리테일,인턴,2025-11-20,0.133
J00681,A0071,P0065,회사21,BI Engineer,모바일·APP,계약직,2025-11-20,0.586
J03236,A0337,P0069,회사34,BI Engineer,리테일,계약직,2025-11-20,0.89
J00740,A0078,P0114,회사27,Growth Analyst,모바일·APP,전환형 인턴,2025-11-20,0.668
J03754,A0387,P0148,회사11,DA (Data Analyst),배달/배송,인턴,2025-11-20,0.455
J04719,A0490,P0087,회사03,Product Analyst,헬스케어,신입,2025-11-20,0.539
J02204,A0226,P0180,회사17,DA (Data Analyst),,계약직,2025-11-20,0.569
J02458,A0253,P0155,회사19,Product Analyst,모바일·APP,신입,2025-11-20,0.636
J04465,A0466,P0068,회사24,BI Engineer,리테일,계약직,2025-11-20,0.543
J01490,A0147,P0159,회사17,Data Scientist,경영 컨설팅,신입,2025-11-20,0.208
J00590,A0061,P0196,회사11,BI Engineer,리테일,계약직,2025-11-20,0.377
J02025,A0208,P0145,회사28,Growth Analyst,,신입,2025-11-20,0.408
J02655,A0276,P0190,회사31,Growth Analyst,,전환형 인턴,2025-11-20,0.303
J01752,A0173,P0047,회사22,BI Engineer,금융,경력,2025-11-20,0.536
J00253,A0028,P0137,회사23,Product Analyst,모바일·APP,신입,2025-11-20,0.823
J04865,A0508,P0060,회사23,BI Engineer,물류,신입,2025-11-21,0.811
J02069,A0212,P0160,회사14,Data Scientist,배달/배송,전환형 인턴,2025-11-21,0.361
J03987,A0413,P0204,회사31,DA (Data Analyst),교육,인턴,2025-11-21,0.491
J02663,A0277,P0183,회사11,Product Analyst,,인턴,2025-11-21,0.02
J02587,A0269,P0056,회사20,Growth Analyst,물류,인턴,2025-11-21,0.169
J03987,A0413,P0204,회사31,DA (Data Analyst),교육,인턴,2025-11-21,0.491
J04666,A0485,P0145,회사28,Growth Analyst,,신입,2025-11-21,0.722
J04208,A0438,P0113,회사11,Data Scientist,배달/배송,전환형 인턴,2025-11-21,0.367
J01054,A0108,P0082,회사27,DA (Data Analyst),헬스케어,경력,2025-11-21,0.254
J02748,A0287,P0227,회사02,Data Scientist,게임,신입,2025-11-21,0.07
J03229,A0336,P0200,회사27,DA (Data Analyst),금융,신입,2025-11-21,0.727
J04019,A0416,P0069,회사34,BI Engineer,리테일,계약직,2025-11-21,0.504
J02479,A0257,P0111,회사29,Product Analyst,배달/배송,신입,2025-11-21,0.651
J02476,A0256,P0040,회사30,BA (Business Analyst),,신입,2025-11-21,0.354
J03725,A0384,P0018,회사24,BI Engineer,리테일,계약직,2025-11-21,0.673
J03410,A0356,P0119,회사13,Product Analyst,리테일,신입,2025-11-21,0.689
J00237,A0025,P0208,회사19,DA (Data Analyst),금융,전환형 인턴,2025-11-21,0.409
J00402,A0042,P0236,회사26,BA (Business Analyst),리테일,신입,2025-11-21,0.301
J04034,A0418,P0099,회사26,BA (Business Analyst),물류,경력,2025-11-22,0.409
J01863,A0187,P0151,회사11,Data Scientist,게임,신입,2025-11-22,0.517
J01795,A0179,P0193,회사23,BA (Business Analyst),게임,인턴,2025-11-22,0.226
J04286,A0446,P0133,회사13,Data Scientist,헬스케어,신입,2025-11-22,0.861
J03605,A0374,P0118,회사20,BI Engineer,미디어,전환형 인턴,2025-11-22,0.258
J01713,A0170,P0178,회사21,Data Scientist,물류,계약직,2025-11-22,0.669
J04025,A0417,P0146,회사21,Product Analyst,게임,경력,2025-11-22,0.628
J00826,A0086,P0064,회사27,Growth Analyst,헬스케어,경력,2025-11-22,0.588
J03187,A0332,P0139,회사28,Growth Analyst,교육,경력,2025-11-22,0.99
J03150,A0327,P0079,회사08,Growth Analyst,게임,신입,2025-11-22,0.794
J00773,A0082,P0047,회사22,BI Engineer,금융,경력,2025-11-22,0.845
J04091,A0425,P0204,회사31,DA (Data Analyst),교육,인턴,2025-11-22,0.274
J04422,A0462,P0120,회사26,DA (Data Analyst),게임,신입,2025-11-22,0.981
J01401,A0140,P0120,회사26,DA (Data Analyst),게임,신입,2025-11-22,0.449
J03294,A0342,P0186,회사17,Product Analyst,헬스케어,신입,2025-11-22,0.616
J02730,A0285,P0026,회사26,DA (Data Analyst),금융,신입,2025-11-22,0.1
J02214,A0227,P0062,회사21,Data Scientist,경영 컨설팅,경력,2025-11-22,0.435
J04149,A0432,P0001,회사22,Product Analyst,물류,신입,2025-11-22,0.509
J02718,A0283,P0227,회사02,Data Scientist,게임,신입,2025-11-22,0.156
J03904,A0406,P0203,회사17,DA (Data Analyst),물류,경력,2025-11-22,0.366
J04190,A0435,P0024,회사11,BI Engineer,게임,전환형 인턴,2025-11-22,0.02
J00585,A0060,P0126,회사16,Growth Analyst,경영 컨설팅,신입,2025-11-22,0.241
J03839,A0396,P0014,회사34,BI Engineer,금융,신입,2025-11-22,0.46
J04682,A0488,P0239,회사28,Product Analyst,모바일·APP,계약직,2025-11-23,0.304
J04644,A0483,P0132,회사21,DA (Data Analyst),금융,계약직,2025-11-23,0.599
J00938,A0095,P0055,회사30,BA (Business Analyst),리테일,경력,2025-11-23,0.02
J02362,A0243,P0033,회사14,BA (Business Analyst),금융,전환형 인턴,2025-11-23,0.419
J00656,A0068,P0219,회사27,Product Analyst,미디어,인턴,2025-11-23,0.879
J00747,A0079,P0189,회사12,Product Analyst,미디어,신입,2025-11-23,0.464
J01119,A0115,P0173,회사33,DA (Data Analyst),배달/배송,계약직,2025-11-23,0.069
J03844,A0397,P0149,회사13,DA (Data Analyst),리테일,계약직,2025-11-23,0.348
J02994,A0311,P0170,회사26,Growth Analyst,게임,경력,2025-11-23,0.867
J01068,A0110,P0009,회사20,BA (Business Analyst),물류,경력,2025-11-23,0.626
J00699,A0074,P0200,회사27,DA (Data Analyst),금융,신입,2025-11-23,0.324
J02239,A0230,P0220,회사22,DA (Data Analyst),리테일,인턴,2025-11-23,0.423
J00730,A0077,P0018,회사24,BI Engineer,리테일,계약직,2025-11-23,0.468
J01645,A0163,P0201,회사33,BA (Business Analyst),물류,경력,2025-11-23,0.561
J00438,A0046,P0102,회사24,BI Engineer,리테일,전환형 인턴,2025-11-23,0.538
J03330,A0348,P0072,회사32,DA (Data Analyst),교육,인턴,2025-11-23,0.855
J01366,A0137,P0013,회사16,Growth Analyst,헬스케어,전환형 인턴,2025-11-23,0.549
J01458,A0145,P0032,회사33,Growth Analyst,,인턴,2025-11-23,0.316
J02048,A0210,P0079,회사08,Growth Analyst,게임,신입,2025-11-23,0.308
J04518,A0470,P0009,회사20,BA (Business Analyst),물류,경력,2025-11-24,0.189
J01753,A0173,P0232,회사17,BI Engineer,물류,신입,2025-11-24,0.552
J04744,A0493,P0122,회사21,Product Analyst,,전환형 인턴,2025-11-24,0.349
J00124,A0014,P0069,회사34,BI Engineer,리테일,계약직,2025-11-24,0.11
J03325,A0347,P0083,회사22,BI Engineer,배달/배송,경력,2025-11-24,0.33
J04224,A0440,P0179,회사26,Product Analyst,금융,계약직,2025-11-24,0.077
J00275,A0030,P0010,회사14,BA (Business Analyst),배달/배송,경력,2025-11-24,0.472
J01866,A0188,P0040,회사30,BA (Business Analyst),,신입,2025-11-24,0.325
J02920,A0302,P0169,회사14,Data Scientist,리테일,경력,2025-11-24,0.825
J01491,A0147,P0065,회사21,BI Engineer,모바일·APP,계약직,2025-11-24,0.183
J04811,A0502,P0176,회사23,DA (Data Analyst),경영 컨설팅,인턴,2025-11-24,0.02
J02971,A0309,P0171,회사31,Product Analyst,경영 컨설팅,계약직,2025-11-25,0.604
J04113,A0428,P0132,회사21,DA (Data Analyst),금융,계약직,2025-11-25,0.506
J01171,A0120,P0176,회사23,DA (Data Analyst),경영 컨설팅,인턴,2025-11-25,0.688
J00456,A0048,P0213,회사19,BI Engineer,물류,신입,2025-11-25,0.485
J04485,A0467,P0206,회사21,BI Engineer,,경력,2025-11-25,0.793
J04105,A0427,P0162,회사19,DA (Data Analyst),리테일,신입,2025-11-25,0.904
J04203,A0437,P0150,회사04,Growth Analyst,배달/배송,경력,2025-11-25,0.829
J02552,A0266,P0084,회사20,Product Analyst,,경력,2025-11-25,0.99
J01995,A0204,P0017,회사20,BA (Business Analyst),헬스케어,신입,2025-11-25,0.696
J02498,A0259,P0103,회사33,DA (Data Analyst),모바일·APP,신입,2025-11-25,0.86
J02330,A0240,P0080,회사19,Growth Analyst,게임,경력,2025-11-25,0.447
J04547,A0473,P0029,회사18,Product Analyst,게임,신입,2025-11-25,0.99
J00325,A0035,P0011,회사27,Product Analyst,,신입,2025-11-25,0.476
J03774,A0389,P0022,회사29,Data Scientist,,신입,2025-11-25,0.609
J03539,A0369,P0152,회사17,BA (Business Analyst),물류,경력,2025-11-25,0.02
J03509,A0366,P0011,회사27,Product Analyst,,신입,2025-11-25,0.695
J02596,A0270,P0232,회사17,BI Engineer,물류,신입,2025-11-26,0.375
J02215,A0227,P0081,회사34,DA (Data Analyst),교육,계약직,2025-11-26,0.02
J01000,A0105,P0178,회사21,Data Scientist,물류,계약직,2025-11-26,0.252
J00765,A0081,P0103,회사33,DA (Data Analyst),모바일·APP,신입,2025-11-26,0.58
J03157,A0328,P0081,회사34,DA (Data Analyst),교육,계약직,2025-11-26,0.113
J00591,A0061,P0133,회사13,Data Scientist,헬스케어,신입,2025-11-26,0.586
J02255,A0231,P0117,회사19,BI Engineer,,신입,2025-11-26,0.031
J03230,A0336,P0211,회사11,Product Analyst,경영 컨설팅,경력,2025-11-26,0.457
J04576,A0477,P0104,회사27,DA (Data Analyst),모바일·APP,신입,2025-11-26,0.179
J02532,A0263,P0115,회사31,BA (Business Analyst),경영 컨설팅,전환형 인턴,2025-11-26,0.318
J03776,A0390,P0184,회사28,DA (Data Analyst),게임,전환형 인턴,2025-11-26,0.371
J03240,A0338,P0050,회사14,BA (Business Analyst),미디어,신입,2025-11-26,0.43
J03419,A0357,P0153,회사23,BA (Business Analyst),교육,경력,2025-11-26,0.52
J02082,A0213,P0170,회사26,Growth Analyst,게임,경력,2025-11-26,0.904
J02163,A0220,P0035,회사19,Data Scientist,물류,인턴,2025-11-26,0.056
J00774,A0082,P0041,회사33,Product Analyst,헬스케어,경력,2025-11-26,0.708
J04928,A0516,P0086,회사18,BI Engineer,교육,경력,2025-11-27,0.325
J01475,A0146,P0062,회사21,Data Scientist,경영 컨설팅,경력,2025-11-27,0.642
J00871,A0089,P0049,회사30,DA (Data Analyst),물류,계약직,2025-11-27,0.365
J02731,A0285,P0162,회사19,DA (Data Analyst),리테일,신입,2025-11-27,0.02
J00403,A0042,P0061,회사11,Growth Analyst,게임,신입,2025-11-27,0.56
J01442,A0143,P0029,회사18,Product Analyst,게임,신입,2025-11-27,0.836
J03188,A0332,P0035,회사19,Data Scientist,물류,인턴,2025-11-27,0.898
J04423,A0462,P0009,회사20,BA (Business Analyst),물류,경력,2025-11-27,0.616
J03212,A0334,P0170,회사26,Growth Analyst,게임,경력,2025-11-27,0.221
J00309,A0033,P0053,회사31,BA (Business Analyst),헬스케어,경력,2025-11-27,0.525
J04738,A0492,P0058,회사26,BA (Business Analyst),경영 컨설팅,계약직,2025-11-27,0.559
J00283,A0031,P0022,회사29,Data Scientist,,신입,2025-11-27,0.769
J00827,A0086,P0053,회사31,BA (Business Analyst),헬스케어,경력,2025-11-27,0.574
J01367,A0137,P0179,회사26,Product Analyst,금융,계약직,2025-11-27,0.778
J01905,A0193,P0195,회사28,Product Analyst,물류,신입,2025-11-27,0.638
J01475,A0146,P0062,회사21,Data Scientist,경영 컨설팅,경력,2025-11-27,0.642
J01235,A0127,P0175,회사22,Data Scientist,금융,신입,2025-11-27,0.509
J00957,A0097,P0204,회사31,DA (Data Analyst),교육,인턴,2025-11-27,0.464
J00939,A0095,P0008,회사12,BA (Business Analyst),게임,신입,2025-11-27,0.157
J00596,A0062,P0052,회사12,Data Scientist,교육,인턴,2025-11-27,0.265
J00741,A0078,P0235,회사12,Product Analyst,헬스케어,인턴,2025-11-27,0.619
J00403,A0042,P0061,회사11,Growth Analyst,게임,신입,2025-11-27,0.56
J04805,A0500,P0029,회사18,Product Analyst,게임,신입,2025-11-27,0.407
J02588,A0269,P0226,회사34,Growth Analyst,리테일,전환형 인턴,2025-11-27,0.304
J00965,A0099,P0108,회사14,BA (Business Analyst),교육,경력,2025-11-28,0.578
J00015,A0003,P0208,회사19,DA (Data Analyst),금융,전환형 인턴,2025-11-28,0.329
J04411,A0461,P0013,회사16,Growth Analyst,헬스케어,전환형 인턴,2025-11-28,0.684
J00473,A0049,P0061,회사11,Growth Analyst,게임,신입,2025-11-28,0.66
J03656,A0378,P0080,회사19,Growth Analyst,게임,경력,2025-11-28,0.899
J00723,A0076,P0223,회사13,Growth Analyst,미디어,경력,2025-11-28,0.34
J02070,A0212,P0112,회사31,BI Engineer,경영 컨설팅,경력,2025-11-28,0.321
J01323,A0135,P0055,회사30,BA (Business Analyst),리테일,경력,2025-11-28,0.174
J03357,A0350,P0073,회사27,BA (Business Analyst),,인턴,2025-11-28,0.694
J00531,A0055,P0221,회사32,Growth Analyst,교육,계약직,2025-11-28,0.5
J02749,A0287,P0158,회사07,BA (Business Analyst),금융,신입,2025-11-28,0.239
J04362,A0454,P0205,회사17,Product Analyst,게임,경력,2025-11-28,0.51
J03840,A0396,P0193,회사23,BA (Business Analyst),게임,인턴,2025-11-28,0.51
J02898,A0300,P0225,회사33,Data Scientist,헬스케어,경력,2025-11-28,0.671
J04734,A0491,P0200,회사27,DA (Data Analyst),금융,신입,2025-11-28,0.886
J02656,A0276,P0045,회사11,Product Analyst,경영 컨설팅,인턴,2025-11-29,0.313
J02664,A0277,P0179,회사26,Product Analyst,금융,계약직,2025-11-29,0.311
J02480,A0257,P0175,회사22,Data Scientist,금융,신입,2025-11-29,0.99
J03295,A0342,P0097,회사23,Growth Analyst,모바일·APP,신입,2025-11-29,0.525
J03047,A0317,P0147,회사20,BA (Business Analyst),게임,전환형 인턴,2025-11-29,0.27
J03905,A0406,P0004,회사19,BA (Business Analyst),교육,신입,2025-11-29,0.298
J03755,A0387,P0148,회사11,DA (Data Analyst),배달/배송,인턴,2025-11-29,0.322
J01982,A0203,P0214,회사22,BA (Business Analyst),,계약직,2025-11-29,0.239
J04209,A0438,P0182,회사12,Data Scientist,금융,인턴,2025-11-29,0.446
J04142,A0431,P0019,회사17,Growth Analyst,모바일·APP,인턴,2025-11-29,0.353
J04667,A0485,P0028,회사11,BI Engineer,모바일·APP,경력,2025-11-29,0.551
J01340,A0136,P0236,회사26,BA (Business Analyst),리테일,신입,2025-11-29,0.57
J01674,A0166,P0035,회사19,Data Scientist,물류,인턴,2025-11-30,0.24
J01520,A0150,P0192,회사30,Growth Analyst,헬스케어,신입,2025-11-30,0.698
J04645,A0483,P0128,회사26,Data Scientist,게임,경력,2025-11-30,0.796
J03640,A0377,P0082,회사27,DA (Data Analyst),헬스케어,경력,2025-11-30,0.731
J03071,A0319,P0222,회사17,Product Analyst,,경력,2025-11-30,0.462
J03275,A0341,P0081,회사34,DA (Data Analyst),교육,계약직,2025-11-30,0.354
J02026,A0208,P0016,회사22,Data Scientist,게임,경력,2025-11-30,0.366
J02205,A0226,P0028,회사11,BI Engineer,모바일·APP,경력,2025-11-30,0.633
J03768,A0388,P0202,회사16,Product Analyst,경영 컨설팅,신입,2025-11-30,0.686
J01139,A0118,P0059,회사23,Product Analyst,물류,신입,2025-11-30,0.612
J01219,A0126,P0125,회사32,DA (Data Analyst),게임,신입,2025-11-30,0.823
J02998,A0312,P0186,회사17,Product Analyst,헬스케어,신입,2025-11-30,0.273
J00673,A0070,P0094,회사19,BI Engineer,금융,신입,2025-11-30,0.234
J04486,A0467,P0103,회사33,DA (Data Analyst),모바일·APP,신입,2025-11-30,0.764
J04225,A0440,P0036,회사31,DA (Data Analyst),,경력,2025-11-30,0.66
J04830,A0504,P0125,회사32,DA (Data Analyst),게임,신입,2025-11-30,0.744
J03777,A0390,P0175,회사22,Data Scientist,금융,신입,2025-12-01,0.607
J00002,A0001,P0086,회사18,BI Engineer,교육,경력,2025-12-01,0.425
J00995,A0104,P0018,회사24,BI Engineer,리테일,계약직,2025-12-01,0.528
J01906,A0193,P0108,회사14,BA (Business Analyst),교육,경력,2025-12-01,0.587
J00586,A0060,P0189,회사12,Product Analyst,미디어,신입,2025-12-01,0.062
J02589,A0269,P0099,회사26,BA (Business Analyst),물류,경력,2025-12-01,0.156
J02459,A0253,P0216,회사17,BA (Business Analyst),모바일·APP,경력,2025-12-01,0.831
J03606,A0374,P0075,회사10,Product Analyst,교육,신입,2025-12-01,0.151
J01120,A0115,P0078,회사19,Product Analyst,,경력,2025-12-01,0.02
J00804,A0085,P0228,회사31,Growth Analyst,헬스케어,경력,2025-12-01,0.546
J02861,A0296,P0118,회사20,BI Engineer,미디어,전환형 인턴,2025-12-01,0.773
J02320,A0239,P0135,회사20,Product Analyst,,인턴,2025-12-01,0.736
J01116,A0114,P0159,회사17,Data Scientist,경영 컨설팅,신입,2025-12-01,0.438
J02861,A0296,P0118,회사20,BI Engineer,미디어,전환형 인턴,2025-12-01,0.773
J04191,A0435,P0123,회사20,Product Analyst,배달/배송,경력,2025-12-02,0.164
J02732,A0285,P0216,회사17,BA (Business Analyst),모바일·APP,경력,2025-12-02,0.131
J04466,A0466,P0197,회사12,Data Scientist,리테일,신입,2025-12-02,0.454
J03510,A0366,P0046,회사25,Growth Analyst,미디어,전환형 인턴,2025-12-02,0.518
J00254,A0028,P0040,회사30,BA (Business Analyst),,신입,2025-12-02,0.938
J00657,A0068,P0193,회사23,BA (Business Analyst),게임,인턴,2025-12-02,0.843
J04313,A0451,P0064,회사27,Growth Analyst,헬스케어,경력,2025-12-02,0.433
J01236,A0127,P0074,회사20,BI Engineer,배달/배송,신입,2025-12-02,0.02
J00854,A0088,P0086,회사18,BI Engineer,교육,경력,2025-12-02,0.616
J04035,A0418,P0035,회사19,Data Scientist,물류,인턴,2025-12-02,0.652
J00982,A0102,P0126,회사16,Growth Analyst,경영 컨설팅,신입,2025-12-02,0.218
J02553,A0266,P0196,회사11,BI Engineer,리테일,계약직,2025-12-02,0.768
J04150,A0432,P0165,회사16,Data Scientist,물류,신입,2025-12-02,0.575
J02240,A0230,P0178,회사21,Data Scientist,물류,계약직,2025-12-02,0.313
J02965,A0308,P0006,회사24,Growth Analyst,물류,신입,2025-12-02,0.696
J01324,A0135,P0207,회사12,Growth Analyst,게임,신입,2025-12-02,0.215
J00106,A0012,P0016,회사22,Data Scientist,게임,경력,2025-12-02,0.99
J00592,A0061,P0017,회사20,BA (Business Analyst),헬스케어,신입,2025-12-02,0.422
J00878,A0090,P0174,회사25,BI Engineer,금융,인턴,2025-12-02,0.822
J00731,A0077,P0047,회사22,BI Engineer,금융,경력,2025-12-02,0.097
J03841,A0396,P0196,회사11,BI Engineer,리테일,계약직,2025-12-02,0.58
J01754,A0173,P0201,회사33,BA (Business Analyst),물류,경력,2025-12-02,0.505
J03151,A0327,P0224,회사16,Growth Analyst,,신입,2025-12-02,0.771
J00404,A0042,P0088,회사01,Product Analyst,경영 컨설팅,신입,2025-12-02,0.156
J04745,A0493,P0234,회사29,Product Analyst,,인턴,2025-12-03,0.608
J03942,A0410,P0152,회사17,BA (Business Analyst),물류,경력,2025-12-03,0.493
J03158,A0328,P0066,회사11,Product Analyst,게임,경력,2025-12-03,0.02
J00597,A0062,P0215,회사28,BA (Business Analyst),물류,전환형 인턴,2025-12-03,0.44
J03540,A0369,P0213,회사19,BI Engineer,물류,신입,2025-12-03,0.02
J01055,A0108,P0009,회사20,BA (Business Analyst),물류,경력,2025-12-03,0.596
J04577,A0477,P0073,회사27,BA (Business Analyst),,인턴,2025-12-03,0.351
J01368,A0137,P0015,회사11,Data Scientist,모바일·APP,신입,2025-12-03,0.553
J01867,A0188,P0023,회사11,Growth Analyst,헬스케어,신입,2025-12-03,0.3
J00966,A0099,P0055,회사30,BA (Business Analyst),리테일,경력,2025-12-03,0.02
J04554,A0474,P0168,회사26,Data Scientist,미디어,경력,2025-12-03,0.738
J00828,A0086,P0240,회사11,Data Scientist,교육,신입,2025-12-04,0.52
J03411,A0356,P0012,회사16,Growth Analyst,금융,경력,2025-12-04,0.698
J00532,A0055,P0175,회사22,Data Scientist,금융,신입,2025-12-04,0.196
J00118,A0013,P0198,회사22,BA (Business Analyst),게임,계약직,2025-12-04,0.919
J01341,A0136,P0226,회사34,Growth Analyst,리테일,전환형 인턴,2025-12-04,0.622
J03231,A0336,P0157,회사17,Growth Analyst,모바일·APP,전환형 인턴,2025-12-04,0.791
J04412,A0461,P0123,회사20,Product Analyst,배달/배송,경력,2025-12-04,0.72
J04720,A0490,P0033,회사14,BA (Business Analyst),금융,전환형 인턴,2025-12-04,0.411
J02363,A0243,P0146,회사21,Product Analyst,게임,경력,2025-12-04,0.458
J04929,A0516,P0230,회사13,DA (Data Analyst),물류,경력,2025-12-04,0.151
J04092,A0425,P0105,회사31,Product Analyst,모바일·APP,경력,2025-12-04,0.516
J03331,A0348,P0131,회사24,BI Engineer,미디어,경력,2025-12-04,0.8
J03231,A0336,P0157,회사17,Growth Analyst,모바일·APP,전환형 인턴,2025-12-04,0.791
J00016,A0003,P0224,회사16,Growth Analyst,,신입,2025-12-04,0.692
J02206,A0226,P0078,회사19,Product Analyst,,경력,2025-12-04,0.612
J04683,A0488,P0155,회사19,Product Analyst,모바일·APP,신입,2025-12-04,0.49
J01156,A0119,P0224,회사16,Growth Analyst,,신입,2025-12-04,0.309
J04020,A0416,P0225,회사33,Data Scientist,헬스케어,경력,2025-12-04,0.02
J00828,A0086,P0240,회사11,Data Scientist,교육,신입,2025-12-04,0.52
J03845,A0397,P0100,회사34,BI Engineer,헬스케어,계약직,2025-12-04,0.493
J03657,A0378,P0229,회사18,Data Scientist,배달/배송,계약직,2025-12-05,0.781
J03988,A0413,P0143,회사23,Product Analyst,교육,인턴,2025-12-05,0.43
J02049,A0210,P0018,회사24,BI Engineer,리테일,계약직,2025-12-05,0.287
J02719,A0283,P0012,회사16,Growth Analyst,금융,경력,2025-12-05,0.73
J02999,A0312,P0050,회사14,BA (Business Analyst),미디어,신입,2025-12-05,0.438
J00682,A0071,P0063,회사13,DA (Data Analyst),게임,신입,2025-12-05,0.99
J01172,A0120,P0231,회사19,Product Analyst,금융,전환형 인턴,2025-12-05,0.285
J04535,A0472,P0239,회사28,Product Analyst,모바일·APP,계약직,2025-12-05,0.623
J00748,A0079,P0146,회사21,Product Analyst,게임,경력,2025-12-05,0.499
J01121,A0115,P0153,회사23,BA (Business Analyst),교육,경력,2025-12-05,0.122
J03756,A0387,P0206,회사21,BI Engineer,,경력,2025-12-05,0.432
J01459,A0145,P0177,회사22,Growth Analyst,경영 컨설팅,경력,2025-12-05,0.137
J02665,A0277,P0203,회사17,DA (Data Analyst),물류,경력,2025-12-05,0.365
J01521,A0150,P0195,회사28,Product Analyst,물류,신입,2025-12-05,0.127
J03420,A0357,P0196,회사11,BI Engineer,리테일,계약직,2025-12-05,0.611
J02528,A0262,P0178,회사21,Data Scientist,물류,계약직,2025-12-05,0.617
J04264,A0444,P0086,회사18,BI Engineer,교육,경력,2025-12-05,0.671
J03237,A0337,P0200,회사27,DA (Data Analyst),금융,신입,2025-12-06,0.881
J04866,A0508,P0147,회사20,BA (Business Analyst),게임,전환형 인턴,2025-12-06,0.798
J04192,A0435,P0056,회사20,Growth Analyst,물류,인턴,2025-12-06,0.207
J04226,A0440,P0162,회사19,DA (Data Analyst),리테일,신입,2025-12-06,0.832
J03011,A0313,P0115,회사31,BA (Business Analyst),경영 컨설팅,전환형 인턴,2025-12-06,0.947
J04858,A0507,P0051,회사28,Data Scientist,물류,신입,2025-12-06,0.873
J00439,A0046,P0131,회사24,BI Engineer,미디어,경력,2025-12-06,0.02
J04026,A0417,P0017,회사20,BA (Business Analyst),헬스케어,신입,2025-12-06,0.503
J00276,A0030,P0129,회사17,Growth Analyst,경영 컨설팅,신입,2025-12-06,0.449
J04204,A0437,P0224,회사16,Growth Analyst,,신입,2025-12-06,0.592
J04812,A0502,P0200,회사27,DA (Data Analyst),금융,신입,2025-12-06,0.199
J03048,A0317,P0040,회사30,BA (Business Analyst),,신입,2025-12-06,0.575
J02256,A0231,P0097,회사23,Growth Analyst,모바일·APP,신입,2025-12-06,0.601
J00700,A0074,P0118,회사20,BI Engineer,미디어,전환형 인턴,2025-12-06,0.582
J04210,A0438,P0051,회사28,Data Scientist,물류,신입,2025-12-07,0.543
J00255,A0028,P0069,회사34,BI Engineer,리테일,계약직,2025-12-07,0.721
J01492,A0147,P0171,회사31,Product Analyst,경영 컨설팅,계약직,2025-12-07,0.02
J02499,A0259,P0192,회사30,Growth Analyst,헬스케어,신입,2025-12-07,0.725
J04287,A0446,P0120,회사26,DA (Data Analyst),게임,신입,2025-12-07,0.618
J01476,A0146,P0113,회사11,Data Scientist,배달/배송,전환형 인턴,2025-12-07,0.425
J03358,A0350,P0128,회사26,Data Scientist,게임,경력,2025-12-07,0.227
J00855,A0088,P0120,회사26,DA (Data Analyst),게임,신입,2025-12-07,0.624
J01714,A0170,P0060,회사23,BI Engineer,물류,신입,2025-12-07,0.788
J01476,A0146,P0113,회사11,Data Scientist,배달/배송,전환형 인턴,2025-12-07,0.425
J01443,A0143,P0073,회사27,BA (Business Analyst),,인턴,2025-12-07,0.688
J02083,A0213,P0020,회사21,Data Scientist,리테일,인턴,2025-12-07,0.677
J00732,A0077,P0214,회사22,BA (Business Analyst),,계약직,2025-12-07,0.324
J03072,A0319,P0052,회사12,Data Scientist,교육,인턴,2025-12-07,0.291
J02216,A0227,P0072,회사32,DA (Data Analyst),교육,인턴,2025-12-07,0.276
J02590,A0269,P0150,회사04,Growth Analyst,배달/배송,경력,2025-12-07,0.133
J02477,A0256,P0083,회사22,BI Engineer,배달/배송,경력,2025-12-07,0.214
J04668,A0485,P0121,회사13,Growth Analyst,금융,신입,2025-12-07,0.43
J01996,A0204,P0061,회사11,Growth Analyst,게임,신입,2025-12-07,0.394
J00940,A0095,P0034,회사05,BA (Business Analyst),리테일,인턴,2025-12-08,0.142
J04548,A0473,P0077,회사15,BA (Business Analyst),,경력,2025-12-08,0.869
J04151,A0432,P0203,회사17,DA (Data Analyst),물류,경력,2025-12-08,0.485
J02597,A0270,P0157,회사17,Growth Analyst,모바일·APP,전환형 인턴,2025-12-08,0.76
J02331,A0240,P0238,회사25,BI Engineer,금융,전환형 인턴,2025-12-08,0.471
J01864,A0187,P0056,회사20,Growth Analyst,물류,인턴,2025-12-08,0.322
J03189,A0332,P0181,회사12,BA (Business Analyst),,신입,2025-12-08,0.672
J04314,A0451,P0112,회사31,BI Engineer,경영 컨설팅,경력,2025-12-08,0.378
J04831,A0504,P0236,회사26,BA (Business Analyst),리테일,신입,2025-12-08,0.491
J01402,A0140,P0001,회사22,Product Analyst,물류,신입,2025-12-08,0.653
J01796,A0179,P0160,회사14,Data Scientist,배달/배송,전환형 인턴,2025-12-08,0.02
J02207,A0226,P0086,회사18,BI Engineer,교육,경력,2025-12-08,0.502
J01646,A0163,P0168,회사26,Data Scientist,미디어,경력,2025-12-08,0.886
J01069,A0110,P0014,회사34,BI Engineer,금융,신입,2025-12-08,0.64
J03326,A0347,P0111,회사29,Product Analyst,배달/배송,신입,2025-12-08,0.518
J00003,A0001,P0058,회사26,BA (Business Analyst),경영 컨설팅,계약직,2025-12-08,0.466
J00742,A0078,P0198,회사22,BA (Business Analyst),게임,계약직,2025-12-09,0.274
J04536,A0472,P0114,회사27,Growth Analyst,모바일·APP,전환형 인턴,2025-12-09,0.368
J02899,A0300,P0048,회사12,Growth Analyst,교육,신입,2025-12-09,0.871
J00674,A0070,P0045,회사11,Product Analyst,경영 컨설팅,인턴,2025-12-09,0.416
J00724,A0076,P0092,회사25,Product Analyst,헬스케어,전환형 인턴,2025-12-09,0.557
J00017,A0003,P0034,회사05,BA (Business Analyst),리테일,인턴,2025-12-09,0.346
J04106,A0427,P0237,회사23,Data Scientist,경영 컨설팅,신입,2025-12-09,0.897
J02995,A0311,P0087,회사03,Product Analyst,헬스케어,신입,2025-12-09,0.698
J01325,A0135,P0027,회사15,DA (Data Analyst),물류,신입,2025-12-09,0.244
J03232,A0336,P0120,회사26,DA (Data Analyst),게임,신입,2025-12-09,0.487
J01001,A0105,P0042,회사19,Data Scientist,헬스케어,경력,2025-12-09,0.345
J00310,A0033,P0110,회사30,Product Analyst,배달/배송,신입,2025-12-09,0.591
J03276,A0341,P0058,회사26,BA (Business Analyst),경영 컨설팅,계약직,2025-12-09,0.252
J00107,A0012,P0015,회사11,Data Scientist,모바일·APP,신입,2025-12-09,0.789
J01342,A0136,P0122,회사21,Product Analyst,,전환형 인턴,2025-12-09,0.193
J00967,A0099,P0225,회사33,Data Scientist,헬스케어,경력,2025-12-09,0.249
J02657,A0276,P0013,회사16,Growth Analyst,헬스케어,전환형 인턴,2025-12-09,0.354
J03658,A0378,P0067,회사25,BA (Business Analyst),미디어,전환형 인턴,2025-12-10,0.506
J03943,A0410,P0235,회사12,Product Analyst,헬스케어,인턴,2025-12-10,0.626
J03511,A0366,P0025,회사29,DA (Data Analyst),리테일,인턴,2025-12-10,0.32
J02972,A0309,P0065,회사21,BI Engineer,모바일·APP,계약직,2025-12-10,0.652
J04143,A0431,P0086,회사18,BI Engineer,교육,경력,2025-12-10,0.579
J00125,A0014,P0146,회사21,Product Analyst,게임,경력,2025-12-10,0.442
J03989,A0413,P0217,회사34,BA (Business Analyst),미디어,전환형 인턴,2025-12-10,0.125
J00457,A0048,P0155,회사19,Product Analyst,모바일·APP,신입,2025-12-10,0.625
J00983,A0102,P0041,회사33,Product Analyst,헬스케어,경력,2025-12-10,0.193
J04806,A0500,P0198,회사22,BA (Business Analyst),게임,계약직,2025-12-10,0.462
J01522,A0150,P0043,회사12,BI Engineer,리테일,인턴,2025-12-10,0.498
J02071,A0212,P0195,회사28,Product Analyst,물류,신입,2025-12-10,0.297
J04555,A0474,P0123,회사20,Product Analyst,배달/배송,경력,2025-12-10,0.402
J04114,A0428,P0226,회사34,Growth Analyst,리테일,전환형 인턴,2025-12-11,0.095
J03641,A0377,P0113,회사11,Data Scientist,배달/배송,전환형 인턴,2025-12-11,0.691
J04227,A0440,P0205,회사17,Product Analyst,게임,경력,2025-12-11,0.464
J03241,A0338,P0032,회사33,Growth Analyst,,인턴,2025-12-11,0.603
J00326,A0035,P0206,회사21,BI Engineer,,경력,2025-12-11,0.47
J03000,A0312,P0014,회사34,BI Engineer,금융,신입,2025-12-11,0.267
J04467,A0466,P0218,회사15,DA (Data Analyst),미디어,신입,2025-12-11,0.395
J03775,A0389,P0086,회사18,BI Engineer,교육,경력,2025-12-11,0.75
J03213,A0334,P0004,회사19,BA (Business Analyst),교육,신입,2025-12-11,0.123
J03846,A0397,P0109,회사32,BA (Business Analyst),배달/배송,전환형 인턴,2025-12-11,0.324
J00658,A0068,P0111,회사29,Product Analyst,배달/배송,신입,2025-12-11,0.99
J04735,A0491,P0214,회사22,BA (Business Analyst),,계약직,2025-12-11,0.754
J00533,A0055,P0021,회사14,BI Engineer,경영 컨설팅,신입,2025-12-12,0.438
J00996,A0104,P0189,회사12,Product Analyst,미디어,신입,2025-12-12,0.508
J02208,A0226,P0216,회사17,BA (Business Analyst),모바일·APP,경력,2025-12-12,0.347
J00872,A0089,P0126,회사16,Growth Analyst,경영 컨설팅,신입,2025-12-12,0.199
J00766,A0081,P0205,회사17,Product Analyst,게임,경력,2025-12-12,0.071
J02591,A0269,P0110,회사30,Product Analyst,배달/배송,신입,2025-12-12,0.02
J01444,A0143,P0159,회사17,Data Scientist,경영 컨설팅,신입,2025-12-12,0.476
J02533,A0263,P0235,회사12,Product Analyst,헬스케어,인턴,2025-12-12,0.495
J01493,A0147,P0128,회사26,Data Scientist,게임,경력,2025-12-12,0.22
J02529,A0262,P0155,회사19,Product Analyst,모바일·APP,신입,2025-12-12,0.714
J03778,A0390,P0125,회사32,DA (Data Analyst),게임,신입,2025-12-12,0.386
J04739,A0492,P0177,회사22,Growth Analyst,경영 컨설팅,경력,2025-12-12,0.57
J04646,A0483,P0149,회사13,DA (Data Analyst),리테일,계약직,2025-12-13,0.829
J01647,A0163,P0087,회사03,Product Analyst,헬스케어,신입,2025-12-13,0.931
J04211,A0438,P0152,회사17,BA (Business Analyst),물류,경력,2025-12-13,0.595
J01002,A0105,P0037,회사23,BA (Business Analyst),모바일·APP,경력,2025-12-13,0.404
J04578,A0477,P0145,회사28,Growth Analyst,,신입,2025-12-13,0.402
J02862,A0296,P0201,회사33,BA (Business Analyst),물류,경력,2025-12-13,0.683
J03906,A0406,P0160,회사14,Data Scientist,배달/배송,전환형 인턴,2025-12-13,0.468
J01907,A0193,P0020,회사21,Data Scientist,리테일,인턴,2025-12-13,0.99
J01983,A0203,P0033,회사14,BA (Business Analyst),금융,전환형 인턴,2025-12-13,0.03
J00749,A0079,P0044,회사22,BI Engineer,경영 컨설팅,계약직,2025-12-13,0.323
J04721,A0490,P0090,회사15,DA (Data Analyst),모바일·APP,신입,2025-12-13,0.844
J00958,A0097,P0037,회사23,BA (Business Analyst),모바일·APP,경력,2025-12-13,0.515
J00725,A0076,P0030,회사13,DA (Data Analyst),배달/배송,신입,2025-12-13,0.887
J04424,A0462,P0231,회사19,Product Analyst,금융,전환형 인턴,2025-12-13,0.927
J01369,A0137,P0140,회사20,Growth Analyst,모바일·APP,경력,2025-12-13,0.736
J00108,A0012,P0152,회사17,BA (Business Analyst),물류,경력,2025-12-13,0.99
J01140,A0118,P0240,회사11,Data Scientist,교육,신입,2025-12-13,0.59
J02241,A0230,P0124,회사18,DA (Data Analyst),,경력,2025-12-13,0.64
J00879,A0090,P0228,회사31,Growth Analyst,헬스케어,경력,2025-12-13,0.388
J04487,A0467,P0043,회사12,BI Engineer,리테일,인턴,2025-12-14,0.542
J02364,A0243,P0031,회사27,BI Engineer,물류,신입,2025-12-14,0.079
J00856,A0088,P0179,회사26,Product Analyst,금융,계약직,2025-12-14,0.472
J02750,A0287,P0108,회사14,BA (Business Analyst),교육,경력,2025-12-14,0.313
J00474,A0049,P0231,회사19,Product Analyst,금융,전환형 인턴,2025-12-14,0.583
J02666,A0277,P0061,회사11,Growth Analyst,게임,신입,2025-12-14,0.349
J04807,A0500,P0209,회사19,BA (Business Analyst),금융,신입,2025-12-14,0.353
J02500,A0259,P0034,회사05,BA (Business Analyst),리테일,인턴,2025-12-14,0.769
J03359,A0350,P0019,회사17,Growth Analyst,모바일·APP,인턴,2025-12-14,0.525
J00018,A0003,P0119,회사13,Product Analyst,리테일,신입,2025-12-14,0.054
J03607,A0374,P0194,회사32,BI Engineer,금융,신입,2025-12-14,0.63
J03769,A0388,P0198,회사22,BA (Business Analyst),게임,계약직,2025-12-15,0.813
J00004,A0001,P0052,회사12,Data Scientist,교육,인턴,2025-12-15,0.485
J04315,A0451,P0204,회사31,DA (Data Analyst),교육,인턴,2025-12-15,0.042
J02332,A0240,P0230,회사13,DA (Data Analyst),물류,경력,2025-12-15,0.406
J04413,A0461,P0211,회사11,Product Analyst,경영 컨설팅,경력,2025-12-15,0.658
J00598,A0062,P0218,회사15,DA (Data Analyst),미디어,신입,2025-12-15,0.443
J01070,A0110,P0082,회사27,DA (Data Analyst),헬스케어,경력,2025-12-15,0.616
J03242,A0338,P0021,회사14,BI Engineer,경영 컨설팅,신입,2025-12-15,0.285
J02966,A0308,P0074,회사20,BI Engineer,배달/배송,신입,2025-12-15,0.429
J01343,A0136,P0147,회사20,BA (Business Analyst),게임,전환형 인턴,2025-12-15,0.502
J03277,A0341,P0093,회사12,DA (Data Analyst),배달/배송,신입,2025-12-15,0.465
J00126,A0014,P0075,회사10,Product Analyst,교육,신입,2025-12-15,0.677
J02481,A0257,P0209,회사19,BA (Business Analyst),금융,신입,2025-12-15,0.99
J01868,A0188,P0170,회사26,Growth Analyst,게임,경력,2025-12-15,0.254
J04468,A0466,P0240,회사11,Data Scientist,교육,신입,2025-12-15,0.933
J03642,A0377,P0045,회사11,Product Analyst,경영 컨설팅,인턴,2025-12-15,0.229
J03332,A0348,P0144,회사12,BA (Business Analyst),배달/배송,계약직,2025-12-15,0.543
J01157,A0119,P0060,회사23,BI Engineer,물류,신입,2025-12-15,0.426
J02321,A0239,P0112,회사31,BI Engineer,경영 컨설팅,경력,2025-12-15,0.581
J03779,A0390,P0169,회사14,Data Scientist,리테일,경력,2025-12-16,0.5
J03152,A0327,P0216,회사17,BA (Business Analyst),모바일·APP,경력,2025-12-16,0.351
J03847,A0397,P0167,회사12,DA (Data Analyst),리테일,신입,2025-12-16,0.285
J02598,A0270,P0229,회사18,Data Scientist,배달/배송,계약직,2025-12-16,0.506
J04832,A0504,P0036,회사31,DA (Data Analyst),,경력,2025-12-16,0.193
J00743,A0078,P0050,회사14,BA (Business Analyst),미디어,신입,2025-12-16,0.67
J01220,A0126,P0036,회사31,DA (Data Analyst),,경력,2025-12-16,0.976
J01122,A0115,P0202,회사16,Product Analyst,경영 컨설팅,신입,2025-12-16,0.308
J03421,A0357,P0041,회사33,Product Analyst,헬스케어,경력,2025-12-16,0.364
J03327,A0347,P0136,회사12,Growth Analyst,모바일·APP,신입,2025-12-16,0.457
J01173,A0120,P0182,회사12,Data Scientist,금융,인턴,2025-12-16,0.559
J00440,A0046,P0187,회사19,BI Engineer,금융,경력,2025-12-16,0.053
J01797,A0179,P0142,회사15,BI Engineer,교육,경력,2025-12-16,0.199
J00805,A0085,P0160,회사14,Data Scientist,배달/배송,전환형 인턴,2025-12-17,0.846
J01494,A0147,P0175,회사22,Data Scientist,금융,신입,2025-12-17,0.02
J01997,A0204,P0143,회사23,Product Analyst,교육,인턴,2025-12-17,0.353
J04265,A0444,P0198,회사22,BA (Business Analyst),게임,계약직,2025-12-17,0.616
J02478,A0256,P0213,회사19,BI Engineer,물류,신입,2025-12-17,0.02
J01865,A0187,P0125,회사32,DA (Data Analyst),게임,신입,2025-12-17,0.314
J04930,A0516,P0018,회사24,BI Engineer,리테일,계약직,2025-12-17,0.267
J01403,A0140,P0058,회사26,BA (Business Analyst),경영 컨설팅,계약직,2025-12-17,0.469
J04579,A0477,P0112,회사31,BI Engineer,경영 컨설팅,경력,2025-12-17,0.391
J02554,A0266,P0154,회사34,BA (Business Analyst),미디어,경력,2025-12-17,0.52
J03190,A0332,P0022,회사29,Data Scientist,,신입,2025-12-17,0.667
J04684,A0488,P0216,회사17,BA (Business Analyst),모바일·APP,경력,2025-12-17,0.523
J04549,A0473,P0004,회사19,BA (Business Analyst),교육,신입,2025-12-17,0.77
J01237,A0127,P0130,회사13,Product Analyst,물류,전환형 인턴,2025-12-17,0.328
J00683,A0071,P0080,회사19,Growth Analyst,게임,경력,2025-12-17,0.592
J00659,A0068,P0103,회사33,DA (Data Analyst),모바일·APP,신입,2025-12-17,0.484
J03842,A0396,P0108,회사14,BA (Business Analyst),교육,경력,2025-12-17,0.719
J00701,A0074,P0069,회사34,BI Engineer,리테일,계약직,2025-12-17,0.543
J04537,A0472,P0190,회사31,Growth Analyst,,전환형 인턴,2025-12-18,0.021
J03049,A0317,P0145,회사28,Growth Analyst,,신입,2025-12-18,0.268
J02733,A0285,P0069,회사34,BI Engineer,리테일,계약직,2025-12-18,0.224
J00119,A0013,P0208,회사19,DA (Data Analyst),금융,전환형 인턴,2025-12-18,0.761
J04212,A0438,P0222,회사17,Product Analyst,,경력,2025-12-18,0.298
J00968,A0099,P0054,회사11,Growth Analyst,물류,인턴,2025-12-18,0.257
J03233,A0336,P0083,회사22,BI Engineer,배달/배송,경력,2025-12-18,0.437
J00405,A0042,P0192,회사30,Growth Analyst,헬스케어,신입,2025-12-18,0.407
J02751,A0287,P0131,회사24,BI Engineer,미디어,경력,2025-12-18,0.204
J04093,A0425,P0127,회사06,Product Analyst,리테일,신입,2025-12-18,0.619
J02658,A0276,P0062,회사21,Data Scientist,경영 컨설팅,경력,2025-12-18,0.171
J03944,A0410,P0153,회사23,BA (Business Analyst),교육,경력,2025-12-18,0.489
J00277,A0030,P0041,회사33,Product Analyst,헬스케어,경력,2025-12-18,0.319
J04036,A0418,P0196,회사11,BI Engineer,리테일,계약직,2025-12-18,0.443
J03001,A0312,P0162,회사19,DA (Data Analyst),리테일,신입,2025-12-18,0.414
J04746,A0493,P0053,회사31,BA (Business Analyst),헬스케어,경력,2025-12-18,0.341
J02209,A0226,P0043,회사12,BI Engineer,리테일,인턴,2025-12-18,0.474
J04746,A0493,P0053,회사31,BA (Business Analyst),헬스케어,경력,2025-12-18,0.341
J02257,A0231,P0064,회사27,Growth Analyst,헬스케어,경력,2025-12-18,0.25
J01326,A0135,P0077,회사15,BA (Business Analyst),,경력,2025-12-18,0.02
J02720,A0283,P0025,회사29,DA (Data Analyst),리테일,인턴,2025-12-18,0.684
J03541,A0369,P0193,회사23,BA (Business Analyst),게임,인턴,2025-12-19,0.046
J03412,A0356,P0102,회사24,BI Engineer,리테일,전환형 인턴,2025-12-19,0.99
J03512,A0366,P0028,회사11,BI Engineer,모바일·APP,경력,2025-12-19,0.607
J03757,A0387,P0057,회사11,DA (Data Analyst),헬스케어,경력,2025-12-19,0.473
J00005,A0001,P0106,회사16,Data Scientist,물류,신입,2025-12-19,0.31
J02084,A0213,P0059,회사23,Product Analyst,물류,신입,2025-12-19,0.72
J02900,A0300,P0214,회사22,BA (Business Analyst),,계약직,2025-12-19,0.538
J02996,A0311,P0039,회사23,Product Analyst,모바일·APP,인턴,2025-12-19,0.912
J01984,A0203,P0216,회사17,BA (Business Analyst),모바일·APP,경력,2025-12-19,0.271
J04205,A0437,P0114,회사27,Growth Analyst,모바일·APP,전환형 인턴,2025-12-19,0.504
J00475,A0049,P0091,회사11,Data Scientist,금융,신입,2025-12-19,0.864
J03159,A0328,P0095,회사25,Product Analyst,물류,계약직,2025-12-19,0.33
J04193,A0435,P0097,회사23,Growth Analyst,모바일·APP,신입,2025-12-19,0.58
J00733,A0077,P0149,회사13,DA (Data Analyst),리테일,계약직,2025-12-19,0.369
J04107,A0427,P0005,회사11,Growth Analyst,,경력,2025-12-19,0.99
J02482,A0257,P0179,회사26,Product Analyst,금융,계약직,2025-12-19,0.773
J04228,A0440,P0069,회사34,BI Engineer,리테일,계약직,2025-12-19,0.458
J04021,A0416,P0103,회사33,DA (Data Analyst),모바일·APP,신입,2025-12-19,0.346
J01715,A0170,P0050,회사14,BA (Business Analyst),미디어,신입,2025-12-20,0.402
J04722,A0490,P0091,회사11,Data Scientist,금융,신입,2025-12-20,0.384
J04867,A0508,P0079,회사08,Growth Analyst,게임,신입,2025-12-20,0.784
J01071,A0110,P0177,회사22,Growth Analyst,경영 컨설팅,경력,2025-12-20,0.867
J01460,A0145,P0205,회사17,Product Analyst,게임,경력,2025-12-20,0.456
J04288,A0446,P0083,회사22,BI Engineer,배달/배송,경력,2025-12-20,0.673
J02973,A0309,P0121,회사13,Growth Analyst,금융,신입,2025-12-20,0.257
J03073,A0319,P0165,회사16,Data Scientist,물류,신입,2025-12-20,0.248
J03333,A0348,P0081,회사34,DA (Data Analyst),교육,계약직,2025-12-21,0.749
J02072,A0212,P0204,회사31,DA (Data Analyst),교육,인턴,2025-12-21,0.392
J03238,A0337,P0128,회사26,Data Scientist,게임,경력,2025-12-21,0.99
J00675,A0070,P0129,회사17,Growth Analyst,경영 컨설팅,신입,2025-12-21,0.503
J00984,A0102,P0097,회사23,Growth Analyst,모바일·APP,신입,2025-12-21,0.089
J04813,A0502,P0130,회사13,Product Analyst,물류,전환형 인턴,2025-12-21,0.192
J04488,A0467,P0231,회사19,Product Analyst,금융,전환형 인턴,2025-12-21,0.325
J02217,A0227,P0099,회사26,BA (Business Analyst),물류,경력,2025-12-21,0.545
J00767,A0081,P0121,회사13,Growth Analyst,금융,신입,2025-12-21,0.02
J00941,A0095,P0108,회사14,BA (Business Analyst),교육,경력,2025-12-21,0.082
J00750,A0079,P0236,회사26,BA (Business Analyst),리테일,신입,2025-12-21,0.739
J00534,A0055,P0221,회사32,Growth Analyst,교육,계약직,2025-12-22,0.366
J00806,A0085,P0141,회사13,BA (Business Analyst),헬스케어,전환형 인턴,2025-12-22,0.647
J03002,A0312,P0045,회사11,Product Analyst,경영 컨설팅,인턴,2025-12-22,0.16
J00256,A0028,P0028,회사11,BI Engineer,모바일·APP,경력,2025-12-22,0.885
J02322,A0239,P0191,회사22,BI Engineer,,신입,2025-12-22,0.609
J04740,A0492,P0049,회사30,DA (Data Analyst),물류,계약직,2025-12-22,0.517
J04027,A0417,P0081,회사34,DA (Data Analyst),교육,계약직,2025-12-22,0.702
J00599,A0062,P0170,회사26,Growth Analyst,게임,경력,2025-12-22,0.424
J03990,A0413,P0154,회사34,BA (Business Analyst),미디어,경력,2025-12-22,0.668
J04229,A0440,P0068,회사24,BI Engineer,리테일,계약직,2025-12-23,0.411
J04115,A0428,P0096,회사27,BI Engineer,,신입,2025-12-23,0.02
J02592,A0269,P0024,회사11,BI Engineer,게임,전환형 인턴,2025-12-23,0.02
J04152,A0432,P0060,회사23,BI Engineer,물류,신입,2025-12-23,0.303
J00660,A0068,P0035,회사19,Data Scientist,물류,인턴,2025-12-23,0.802
J02534,A0263,P0131,회사24,BI Engineer,미디어,경력,2025-12-23,0.237
J04425,A0462,P0237,회사23,Data Scientist,경영 컨설팅,신입,2025-12-23,0.8
J03780,A0390,P0130,회사13,Product Analyst,물류,전환형 인턴,2025-12-23,0.567
J02901,A0300,P0020,회사21,Data Scientist,리테일,인턴,2025-12-23,0.643
J02085,A0213,P0099,회사26,BA (Business Analyst),물류,경력,2025-12-23,0.9
J02997,A0311,P0112,회사31,BI Engineer,경영 컨설팅,경력,2025-12-24,0.891
J01798,A0179,P0064,회사27,Growth Analyst,헬스케어,경력,2025-12-24,0.37
J01123,A0115,P0062,회사21,Data Scientist,경영 컨설팅,경력,2025-12-24,0.109
J02501,A0259,P0027,회사15,DA (Data Analyst),물류,신입,2025-12-24,0.72
J00109,A0012,P0014,회사34,BI Engineer,금융,신입,2025-12-24,0.764
J04469,A0466,P0208,회사19,DA (Data Analyst),금융,전환형 인턴,2025-12-24,0.708
J03050,A0317,P0176,회사23,DA (Data Analyst),경영 컨설팅,인턴,2025-12-24,0.493
J04723,A0490,P0045,회사11,Product Analyst,경영 컨설팅,인턴,2025-12-24,0.439
J01072,A0110,P0060,회사23,BI Engineer,물류,신입,2025-12-24,0.659
J02659,A0276,P0064,회사27,Growth Analyst,헬스케어,경력,2025-12-24,0.223
J02242,A0230,P0084,회사20,Product Analyst,,경력,2025-12-24,0.697
J04144,A0431,P0072,회사32,DA (Data Analyst),교육,인턴,2025-12-24,0.483
J02365,A0243,P0210,회사26,Growth Analyst,,신입,2025-12-24,0.686
J04316,A0451,P0190,회사31,Growth Analyst,,전환형 인턴,2025-12-25,0.66
J00006,A0001,P0002,회사20,Product Analyst,게임,신입,2025-12-25,0.296
J00873,A0089,P0129,회사17,Growth Analyst,경영 컨설팅,신입,2025-12-25,0.436
J04931,A0516,P0172,회사26,BI Engineer,경영 컨설팅,경력,2025-12-25,0.62
J00997,A0104,P0070,회사29,Growth Analyst,교육,계약직,2025-12-25,0.392
J03243,A0338,P0231,회사19,Product Analyst,금융,전환형 인턴,2025-12-25,0.189
J00311,A0033,P0161,회사21,DA (Data Analyst),리테일,신입,2025-12-25,0.241
J03413,A0356,P0043,회사12,BI Engineer,리테일,인턴,2025-12-25,0.946
J02667,A0277,P0107,회사25,BA (Business Analyst),미디어,인턴,2025-12-25,0.351
J02555,A0266,P0008,회사12,BA (Business Analyst),게임,신입,2025-12-26,0.827
J01141,A0118,P0007,회사14,BA (Business Analyst),경영 컨설팅,전환형 인턴,2025-12-26,0.496
J01523,A0150,P0014,회사34,BI Engineer,금융,신입,2025-12-26,0.444
J00880,A0090,P0014,회사34,BI Engineer,금융,신입,2025-12-26,0.468
J03153,A0327,P0147,회사20,BA (Business Analyst),게임,전환형 인턴,2025-12-26,0.541
J03758,A0387,P0002,회사20,Product Analyst,게임,신입,2025-12-26,0.299
J00985,A0102,P0013,회사16,Growth Analyst,헬스케어,전환형 인턴,2025-12-26,0.284
J04833,A0504,P0108,회사14,BA (Business Analyst),교육,경력,2025-12-26,0.545
J01370,A0137,P0003,회사28,BA (Business Analyst),교육,전환형 인턴,2025-12-26,0.43
J03278,A0341,P0043,회사12,BI Engineer,리테일,인턴,2025-12-26,0.25
J04685,A0488,P0200,회사27,DA (Data Analyst),금융,신입,2025-12-26,0.277
J03234,A0336,P0224,회사16,Growth Analyst,,신입,2025-12-26,0.48
J01327,A0135,P0095,회사25,Product Analyst,물류,계약직,2025-12-26,0.446
J03328,A0347,P0205,회사17,Product Analyst,게임,경력,2025-12-26,0.822
J03239,A0337,P0081,회사34,DA (Data Analyst),교육,계약직,2025-12-26,0.99
J04814,A0502,P0137,회사23,Product Analyst,모바일·APP,신입,2025-12-26,0.487
J04206,A0437,P0038,회사11,Product Analyst,,신입,2025-12-27,0.806
J04647,A0483,P0071,회사33,Growth Analyst,,신입,2025-12-27,0.623
J03334,A0348,P0063,회사13,DA (Data Analyst),게임,신입,2025-12-27,0.787
J00676,A0070,P0202,회사16,Product Analyst,경영 컨설팅,신입,2025-12-27,0.583
J02967,A0308,P0079,회사08,Growth Analyst,게임,신입,2025-12-27,0.34
J01174,A0120,P0043,회사12,BI Engineer,리테일,인턴,2025-12-27,0.863
J03991,A0413,P0189,회사12,Product Analyst,미디어,신입,2025-12-27,0.512
J01998,A0204,P0170,회사26,Growth Analyst,게임,경력,2025-12-27,0.371
J03160,A0328,P0017,회사20,BA (Business Analyst),헬스케어,신입,2025-12-28,0.097
J02660,A0276,P0189,회사12,Product Analyst,미디어,신입,2025-12-28,0.449
J03422,A0357,P0043,회사12,BI Engineer,리테일,인턴,2025-12-28,0.223
J00726,A0076,P0208,회사19,DA (Data Analyst),금융,전환형 인턴,2025-12-28,0.577
J03907,A0406,P0065,회사21,BI Engineer,모바일·APP,계약직,2025-12-28,0.334
J02530,A0262,P0118,회사20,BI Engineer,미디어,전환형 인턴,2025-12-28,0.387
J01869,A0188,P0053,회사31,BA (Business Analyst),헬스케어,경력,2025-12-28,0.358
J00441,A0046,P0207,회사12,Growth Analyst,게임,신입,2025-12-28,0.319
J04741,A0492,P0149,회사13,DA (Data Analyst),리테일,계약직,2025-12-28,0.363
J01985,A0203,P0236,회사26,BA (Business Analyst),리테일,신입,2025-12-28,0.368
J02243,A0230,P0178,회사21,Data Scientist,물류,계약직,2025-12-28,0.614
J03003,A0312,P0192,회사30,Growth Analyst,헬스케어,신입,2025-12-28,0.482
J01648,A0163,P0235,회사12,Product Analyst,헬스케어,인턴,2025-12-29,0.36
J00942,A0095,P0099,회사26,BA (Business Analyst),물류,경력,2025-12-29,0.211
J03051,A0317,P0081,회사34,DA (Data Analyst),교육,계약직,2025-12-29,0.72
J00751,A0079,P0048,회사12,Growth Analyst,교육,신입,2025-12-29,0.73
J04580,A0477,P0036,회사31,DA (Data Analyst),,경력,2025-12-29,0.506
J00535,A0055,P0116,회사32,BA (Business Analyst),금융,전환형 인턴,2025-12-29,0.173
J01908,A0193,P0152,회사17,BA (Business Analyst),물류,경력,2025-12-29,0.341
J01495,A0147,P0008,회사12,BA (Business Analyst),게임,신입,2025-12-29,0.139
J03608,A0374,P0096,회사27,BI Engineer,,신입,2025-12-29,0.26
J01461,A0145,P0161,회사21,DA (Data Analyst),리테일,신입,2025-12-29,0.169
J01238,A0127,P0021,회사14,BI Engineer,경영 컨설팅,신입,2025-12-29,0.32
J04580,A0477,P0036,회사31,DA (Data Analyst),,경력,2025-12-29,0.506
J04094,A0425,P0017,회사20,BA (Business Analyst),헬스케어,신입,2025-12-29,0.46
J02721,A0283,P0123,회사20,Product Analyst,배달/배송,경력,2025-12-30,0.676
J00278,A0030,P0092,회사25,Product Analyst,헬스케어,전환형 인턴,2025-12-30,0.275
J04037,A0418,P0028,회사11,BI Engineer,모바일·APP,경력,2025-12-30,0.305
J04808,A0500,P0154,회사34,BA (Business Analyst),미디어,경력,2025-12-30,0.316
J02752,A0287,P0185,회사11,DA (Data Analyst),물류,전환형 인턴,2025-12-30,0.02
J04538,A0472,P0072,회사32,DA (Data Analyst),교육,인턴,2025-12-30,0.229
J03513,A0366,P0064,회사27,Growth Analyst,헬스케어,경력,2025-12-30,0.609
J01799,A0179,P0141,회사13,BA (Business Analyst),헬스케어,전환형 인턴,2025-12-30,0.563
J00406,A0042,P0134,회사23,Growth Analyst,배달/배송,전환형 인턴,2025-12-30,0.148
J02333,A0240,P0115,회사31,BA (Business Analyst),경영 컨설팅,전환형 인턴,2025-12-30,0.507
J03360,A0350,P0137,회사23,Product Analyst,모바일·APP,신입,2025-12-30,0.815
J01221,A0126,P0127,회사06,Product Analyst,리테일,신입,2025-12-30,0.56
J04414,A0461,P0011,회사27,Product Analyst,,신입,2025-12-30,0.854
J04489,A0467,P0120,회사26,DA (Data Analyst),게임,신입,2025-12-30,0.417
J00019,A0003,P0071,회사33,Growth Analyst,,신입,2025-12-30,0.135
J00807,A0085,P0116,회사32,BA (Business Analyst),금융,전환형 인턴,2025-12-30,0.65
J00476,A0049,P0193,회사23,BA (Business Analyst),게임,인턴,2025-12-30,0.603
J02734,A0285,P0239,회사28,Product Analyst,모바일·APP,계약직,2025-12-31,0.24
J00120,A0013,P0017,회사20,BA (Business Analyst),헬스케어,신입,2025-12-31,0.759
J04426,A0462,P0034,회사05,BA (Business Analyst),리테일,인턴,2025-12-31,0.99
J01073,A0110,P0087,회사03,Product Analyst,헬스케어,신입,2025-12-31,0.164
J04108,A0427,P0098,회사11,Data Scientist,게임,신입,2025-12-31,0.472
J03848,A0397,P0135,회사20,Product Analyst,,인턴,2025-12-31,0.107
