application_id,applicant_id,stage,event_date
J00001,A0001,지원,2025-11-15
J00001,A0001,서류 통과,2025-12-02
J00001,A0001,과제·테스트 통과,2025-12-08
J00002,A0001,지원,2025-12-01
J00003,A0001,지원,2025-12-08
J00004,A0001,지원,2025-12-15
J00005,A0001,지원,2025-12-19
J00006,A0001,지원,2025-12-25
J00007,A0002,지원,2025-09-20
J00008,A0002,지원,2025-10-04
J00009,A0002,지원,2025-10-14
J00010,A0002,지원,2025-10-20
J00011,A0002,지원,2025-11-01
J00012,A0002,지원,2025-11-15
J00013,A0003,지원,2025-11-08
J00014,A0003,지원,2025-11-15
J00015,A0003,지원,2025-11-28
J00016,A0003,지원,2025-12-04
J00016,A0003,서류 통과,2025-12-12
J00017,A0003,지원,2025-12-09
J00018,A0003,지원,2025-12-14
J00019,A0003,지원,2025-12-30
J00020,A0004,지원,2025-05-15
J00021,A0004,지원,2025-05-29
J00021,A0004,서류 통과,2025-06-08
J00022,A0004,지원,2025-06-05
J00022,A0004,서류 통과,2025-06-23
J00022,A0004,과제·테스트 통과,2025-07-05
J00022,A0004,면접 통과,2025-07-17
J00022,A0004,최종 합격,2025-07-26
J00023,A0004,지원,2025-06-16
J00024,A0004,지원,2025-07-02
J00025,A0004,지원,2025-07-17
J00025,A0004,서류 통과,2025-08-02
J00026,A0005,지원,2025-04-28
J00026,A0005,서류 통과,2025-05-19
J00027,A0005,지원,2025-05-06
J00028,A0005,지원,2025-05-20
J00029,A0005,지원,2025-05-30
J00029,A0005,서류 통과,2025-06-07
J00030,A0005,지원,2025-06-13
J00030,A0005,서류 통과,2025-06-24
J00030,A0005,과제·테스트 통과,2025-07-03
J00031,A0005,지원,2025-06-26
J00032,A0005,지원,2025-06-30
J00033,A0005,지원,2025-07-12
J00034,A0005,지원,2025-07-27
J00035,A0005,지원,2025-08-09
J00036,A0005,지원,2025-08-18
J00036,A0005,서류 통과,2025-09-03
J00036,A0005,과제·테스트 통과,2025-09-08
J00036,A0005,면접 통과,2025-09-22
J00037,A0005,지원,2025-08-27
J00037,A0005,서류 통과,2025-09-11
J00038,A0005,지원,2025-09-01
J00039,A0005,지원,2025-09-13
J00040,A0006,지원,2025-03-06
J00041,A0006,지원,2025-03-11
J00042,A0006,지원,2025-03-15
J00043,A0006,지원,2025-03-23
J00044,A0006,지원,2025-03-28
J00045,A0006,지원,2025-04-13
J00046,A0006,지원,2025-04-22
J00047,A0006,지원,2025-04-28
J00048,A0006,지원,2025-05-14
J00049,A0007,지원,2025-05-19
J00050,A0007,지원,2025-05-27
J00050,A0007,서류 통과,2025-06-11
J00050,A0007,과제·테스트 통과,2025-06-16
J00051,A0007,지원,2025-06-07
J00052,A0007,지원,2025-06-16
J00053,A0007,지원,2025-06-25
J00054,A0007,지원,2025-07-11
J00055,A0007,지원,2025-07-26
J00055,A0007,서류 통과,2025-08-05
J00056,A0008,지원,2025-03-03
J00056,A0008,서류 통과,2025-03-24
J00056,A0008,과제·테스트 통과,2025-04-01
J00057,A0008,지원,2025-03-17
J00057,A0008,서류 통과,2025-04-04
J00057,A0008,면접 통과,2025-04-25
J00058,A0008,지원,2025-03-21
J00059,A0008,지원,2025-04-04
J00060,A0008,지원,2025-04-08
J00061,A0008,지원,2025-04-16
J00062,A0008,지원,2025-04-29
J00063,A0008,지원,2025-05-04
J00064,A0008,지원,2025-05-20
J00065,A0008,지원,2025-05-27
J00066,A0008,지원,2025-06-09
J00066,A0008,서류 통과,2025-06-26
J00067,A0008,지원,2025-06-19
J00067,A0008,서류 통과,2025-06-26
J00068,A0008,지원,2025-06-27
J00068,A0008,서류 통과,2025-07-10
J00068,A0008,면접 통과,2025-07-19
J00068,A0008,최종 합격,2025-08-02
J00069,A0008,지원,2025-07-03
J00070,A0008,지원,2025-07-19
J00071,A0008,지원,2025-07-28
J00072,A0009,지원,2025-03-19
J00073,A0009,지원,2025-03-30
J00074,A0009,지원,2025-04-12
J00075,A0009,지원,2025-04-20
J00076,A0009,지원,2025-04-25
J00077,A0009,지원,2025-05-06
J00077,A0009,서류 통과,2025-05-19
J00077,A0009,과제·테스트 통과,2025-05-31
J00077,A0009,면접 통과,2025-06-11
J00077,A0009,최종 합격,2025-06-20
J00078,A0009,지원,2025-05-16
J00079,A0009,지원,2025-05-30
J00080,A0009,지원,2025-06-15
J00081,A0009,지원,2025-06-20
J00082,A0010,지원,2025-06-11
J00083,A0010,지원,2025-06-26
J00083,A0010,서류 통과,2025-07-16
J00084,A0010,지원,2025-07-10
J00085,A0010,지원,2025-07-14
J00085,A0010,서류 통과,2025-07-29
J00086,A0010,지원,2025-07-22
J00087,A0011,지원,2025-05-10
J00087,A0011,서류 통과,2025-05-27
J00087,A0011,과제·테스트 통과,2025-06-10
J00088,A0011,지원,2025-05-21
J00089,A0011,지원,2025-05-26
J00090,A0011,지원,2025-06-08
J00090,A0011,서류 통과,2025-06-16
J00091,A0011,지원,2025-06-21
J00092,A0011,지원,2025-07-05
J00093,A0011,지원,2025-07-14
J00094,A0011,지원,2025-07-24
J00095,A0011,지원,2025-07-28
J00095,A0011,서류 통과,2025-08-17
J00096,A0011,지원,2025-08-08
J00097,A0011,지원,2025-08-23
J00098,A0011,지원,2025-08-27
J00099,A0011,지원,2025-09-08
J00100,A0011,지원,2025-09-13
J00101,A0011,지원,2025-09-29
J00102,A0011,지원,2025-10-03
J00102,A0011,서류 통과,2025-10-13
J00103,A0012,지원,2025-10-20
J00104,A0012,지원,2025-11-05
J00105,A0012,지원,2025-11-17
J00105,A0012,서류 통과,2025-11-29
J00105,A0012,과제·테스트 통과,2025-12-08
J00106,A0012,지원,2025-12-02
J00107,A0012,지원,2025-12-09
J00108,A0012,지원,2025-12-13
J00108,A0012,서류 통과,2025-12-29
J00109,A0012,지원,2025-12-24
J00110,A0013,지원,2025-09-07
J00111,A0013,지원,2025-09-17
J00112,A0013,지원,2025-09-25
J00113,A0013,지원,2025-10-05
J00114,A0013,지원,2025-10-12
J00115,A0013,지원,2025-10-24
J00115,A0013,서류 통과,2025-11-04
J00116,A0013,지원,2025-11-09
J00116,A0013,서류 통과,2025-11-24
J00116,A0013,면접 통과,2025-12-11
J00117,A0013,지원,2025-11-19
J00118,A0013,지원,2025-12-04
J00119,A0013,지원,2025-12-18
J00120,A0013,지원,2025-12-31
J00121,A0014,지원,2025-10-21
J00121,A0014,서류 통과,2025-10-28
J00121,A0014,면접 통과,2025-11-05
J00122,A0014,지원,2025-11-04
J00123,A0014,지원,2025-11-09
J00124,A0014,지원,2025-11-24
J00125,A0014,지원,2025-12-10
J00125,A0014,서류 통과,2025-12-24
J00126,A0014,지원,2025-12-15
J00127,A0015,지원,2025-06-27
J00128,A0015,지원,2025-07-04
J00129,A0015,지원,2025-07-16
J00129,A0015,서류 통과,2025-07-29
J00130,A0015,지원,2025-07-26
J00131,A0015,지원,2025-08-02
J00132,A0015,지원,2025-08-07
J00133,A0015,지원,2025-08-22
J00134,A0016,지원,2025-01-01
J00135,A0016,지원,2025-01-12
J00136,A0016,지원,2025-01-18
J00136,A0016,서류 통과,2025-01-29
J00137,A0016,지원,2025-01-26
J00137,A0016,서류 통과,2025-02-15
J00138,A0016,지원,2025-02-02
J00139,A0016,지원,2025-02-15
J00140,A0016,지원,2025-02-26
J00141,A0016,지원,2025-03-13
J00142,A0016,지원,2025-03-18
J00142,A0016,서류 통과,2025-04-03
J00142,A0016,면접 통과,2025-04-18
J00143,A0016,지원,2025-03-29
J00143,A0016,서류 통과,2025-04-09
J00144,A0016,지원,2025-04-13
J00145,A0016,지원,2025-04-26
J00146,A0016,지원,2025-04-30
J00147,A0016,지원,2025-05-10
J00148,A0016,지원,2025-05-20
J00148,A0016,서류 통과,2025-05-29
J00149,A0016,지원,2025-05-28
J00150,A0017,지원,2025-04-12
J00151,A0017,지원,2025-04-23
J00152,A0017,지원,2025-04-28
J00153,A0017,지원,2025-05-11
J00154,A0017,지원,2025-05-17
J00155,A0017,지원,2025-05-31
J00155,A0017,서류 통과,2025-06-20
J00155,A0017,면접 통과,2025-07-11
J00156,A0017,지원,2025-06-10
J00157,A0018,지원,2025-08-31
J00158,A0018,지원,2025-09-04
J00159,A0018,지원,2025-09-17
J00160,A0018,지원,2025-09-23
J00161,A0018,지원,2025-10-05
J00162,A0019,지원,2025-06-01
J00163,A0019,지원,2025-06-07
J00164,A0019,지원,2025-06-11
J00165,A0019,지원,2025-06-17
J00166,A0019,지원,2025-07-03
J00167,A0020,지원,2025-05-04
J00168,A0020,지원,2025-05-16
J00169,A0020,지원,2025-05-28
J00170,A0020,지원,2025-06-10
J00171,A0020,지원,2025-06-25
J00172,A0020,지원,2025-07-07
J00173,A0020,지원,2025-07-17
J00173,A0020,서류 통과,2025-07-27
J00173,A0020,면접 통과,2025-08-11
J00174,A0020,지원,2025-07-27
J00174,A0020,서류 통과,2025-08-03
J00175,A0020,지원,2025-08-01
J00176,A0020,지원,2025-08-11
J00177,A0020,지원,2025-08-24
J00178,A0020,지원,2025-08-31
J00178,A0020,서류 통과,2025-09-19
J00178,A0020,면접 통과,2025-10-06
J00179,A0020,지원,2025-09-15
J00180,A0020,지원,2025-10-01
J00181,A0020,지원,2025-10-12
J00182,A0020,지원,2025-10-20
J00183,A0020,지원,2025-10-26
J00184,A0021,지원,2025-07-02
J00185,A0021,지원,2025-07-06
J00185,A0021,서류 통과,2025-07-19
J00186,A0021,지원,2025-07-16
J00186,A0021,서류 통과,2025-07-27
J00186,A0021,면접 통과,2025-08-16
J00187,A0021,지원,2025-07-27
J00188,A0021,지원,2025-08-03
J00189,A0021,지원,2025-08-16
J00189,A0021,서류 통과,2025-08-26
J00189,A0021,과제·테스트 통과,2025-09-07
J00190,A0021,지원,2025-08-27
J00191,A0022,지원,2025-05-11
J00192,A0022,지원,2025-05-17
J00193,A0022,지원,2025-05-21
J00194,A0022,지원,2025-05-25
J00195,A0022,지원,2025-06-01
J00196,A0022,지원,2025-06-11
J00197,A0022,지원,2025-06-15
J00198,A0022,지원,2025-06-30
J00198,A0022,서류 통과,2025-07-09
J00199,A0022,지원,2025-07-05
J00200,A0022,지원,2025-07-18
J00201,A0022,지원,2025-07-22
J00202,A0022,지원,2025-08-04
J00203,A0022,지원,2025-08-19
J00204,A0022,지원,2025-09-03
J00205,A0022,지원,2025-09-15
J00206,A0022,지원,2025-09-21
J00207,A0023,지원,2025-01-10
J00208,A0023,지원,2025-01-24
J00209,A0023,지원,2025-02-03
J00210,A0023,지원,2025-02-11
J00211,A0023,지원,2025-02-27
J00212,A0023,지원,2025-03-08
J00213,A0023,지원,2025-03-19
J00214,A0023,지원,2025-03-23
J00215,A0023,지원,2025-04-05
J00216,A0023,지원,2025-04-18
J00216,A0023,서류 통과,2025-05-03
J00216,A0023,면접 통과,2025-05-24
J00217,A0023,지원,2025-04-23
J00218,A0023,지원,2025-04-28
J00219,A0023,지원,2025-05-02
J00220,A0024,지원,2025-06-10
J00221,A0024,지원,2025-06-17
J00222,A0024,지원,2025-06-21
J00223,A0024,지원,2025-07-04
J00224,A0024,지원,2025-07-12
J00225,A0024,지원,2025-07-28
J00225,A0024,서류 통과,2025-08-12
J00225,A0024,과제·테스트 통과,2025-08-18
J00226,A0024,지원,2025-08-04
J00226,A0024,서류 통과,2025-08-17
J00226,A0024,면접 통과,2025-09-06
J00226,A0024,최종 합격,2025-09-12
J00227,A0024,지원,2025-08-08
J00228,A0024,지원,2025-08-19
J00229,A0024,지원,2025-09-03
J00230,A0024,지원,2025-09-08
J00231,A0025,지원,2025-09-17
J00232,A0025,지원,2025-09-23
J00233,A0025,지원,2025-10-05
J00233,A0025,서류 통과,2025-10-13
J00233,A0025,과제·테스트 통과,2025-10-23
J00233,A0025,면접 통과,2025-11-11
J00234,A0025,지원,2025-10-17
J00234,A0025,서류 통과,2025-10-31
J00234,A0025,과제·테스트 통과,2025-11-08
J00235,A0025,지원,2025-10-31
J00236,A0025,지원,2025-11-11
J00237,A0025,지원,2025-11-21
J00238,A0026,지원,2025-08-23
J00239,A0026,지원,2025-09-01
J00240,A0026,지원,2025-09-14
J00240,A0026,서류 통과,2025-09-22
J00240,A0026,면접 통과,2025-10-05
J00240,A0026,최종 합격,2025-10-10
J00241,A0026,지원,2025-09-27
J00242,A0027,지원,2025-05-30
J00243,A0027,지원,2025-06-10
J00244,A0027,지원,2025-06-26
J00245,A0027,지원,2025-07-12
J00245,A0027,서류 통과,2025-07-29
J00245,A0027,면접 통과,2025-08-16
J00245,A0027,최종 합격,2025-08-22
J00246,A0027,지원,2025-07-23
J00247,A0027,지원,2025-08-08
J00248,A0027,지원,2025-08-14
J00249,A0027,지원,2025-08-21
J00250,A0028,지원,2025-10-26
J00251,A0028,지원,2025-11-10
J00252,A0028,지원,2025-11-15
J00252,A0028,서류 통과,2025-12-06
J00252,A0028,과제·테스트 통과,2025-12-17
J00253,A0028,지원,2025-11-20
J00254,A0028,지원,2025-12-02
J00255,A0028,지원,2025-12-07
J00255,A0028,서류 통과,2025-12-14
J00256,A0028,지원,2025-12-22
J00256,A0028,서류 통과,2025-12-31
J00257,A0029,지원,2025-04-19
J00258,A0029,지원,2025-05-04
J00259,A0029,지원,2025-05-14
J00260,A0029,지원,2025-05-23
J00261,A0029,지원,2025-05-30
J00262,A0029,지원,2025-06-07
J00263,A0029,지원,2025-06-21
J00264,A0029,지원,2025-07-01
J00265,A0029,지원,2025-07-16
J00265,A0029,서류 통과,2025-07-25
J00265,A0029,면접 통과,2025-08-10
J00265,A0029,최종 합격,2025-08-22
J00266,A0029,지원,2025-07-25
J00267,A0029,지원,2025-08-10
J00268,A0029,지원,2025-08-19
J00269,A0030,지원,2025-09-24
J00270,A0030,지원,2025-10-07
J00271,A0030,지원,2025-10-14
J00272,A0030,지원,2025-10-27
J00273,A0030,지원,2025-10-31
J00274,A0030,지원,2025-11-08
J00275,A0030,지원,2025-11-24
J00276,A0030,지원,2025-12-06
J00276,A0030,서류 통과,2025-12-19
J00276,A0030,과제·테스트 통과,2025-12-30
J00277,A0030,지원,2025-12-18
J00278,A0030,지원,2025-12-30
J00279,A0031,지원,2025-10-08
J00280,A0031,지원,2025-10-18
J00281,A0031,지원,2025-10-27
J00282,A0031,지원,2025-11-11
J00282,A0031,서류 통과,2025-12-02
J00282,A0031,면접 통과,2025-12-10
J00283,A0031,지원,2025-11-27
J00283,A0031,서류 통과,2025-12-10
J00284,A0032,지원,2025-04-27
J00285,A0032,지원,2025-05-03
J00285,A0032,서류 통과,2025-05-10
J00286,A0032,지원,2025-05-14
J00287,A0032,지원,2025-05-28
J00288,A0032,지원,2025-06-05
J00289,A0032,지원,2025-06-15
J00289,A0032,서류 통과,2025-06-23
J00289,A0032,과제·테스트 통과,2025-07-03
J00289,A0032,면접 통과,2025-07-19
J00289,A0032,최종 합격,2025-08-01
J00290,A0032,지원,2025-06-27
J00291,A0032,지원,2025-07-09
J00292,A0032,지원,2025-07-13
J00292,A0032,서류 통과,2025-07-31
J00293,A0032,지원,2025-07-24
J00294,A0032,지원,2025-07-28
J00295,A0033,지원,2025-07-06
J00296,A0033,지원,2025-07-11
J00297,A0033,지원,2025-07-16
J00298,A0033,지원,2025-07-27
J00299,A0033,지원,2025-08-02
J00300,A0033,지원,2025-08-08
J00301,A0033,지원,2025-08-20
J00301,A0033,서류 통과,2025-09-06
J00301,A0033,면접 통과,2025-09-21
J00302,A0033,지원,2025-08-30
J00303,A0033,지원,2025-09-09
J00304,A0033,지원,2025-09-16
J00305,A0033,지원,2025-09-28
J00306,A0033,지원,2025-10-14
J00307,A0033,지원,2025-10-29
J00308,A0033,지원,2025-11-12
J00309,A0033,지원,2025-11-27
J00310,A0033,지원,2025-12-09
J00311,A0033,지원,2025-12-25
J00312,A0034,지원,2025-03-02
J00313,A0034,지원,2025-03-16
J00314,A0034,지원,2025-03-20
J00315,A0034,지원,2025-03-31
J00316,A0034,지원,2025-04-14
J00316,A0034,서류 통과,2025-04-23
J00316,A0034,면접 통과,2025-05-02
J00317,A0034,지원,2025-04-25
J00318,A0034,지원,2025-05-10
J00319,A0034,지원,2025-05-25
J00320,A0034,지원,2025-06-09
J00321,A0034,지원,2025-06-19
J00322,A0035,지원,2025-10-26
J00323,A0035,지원,2025-11-07
J00323,A0035,서류 통과,2025-11-21
J00324,A0035,지원,2025-11-14
J00325,A0035,지원,2025-11-25
J00326,A0035,지원,2025-12-11
J00327,A0036,지원,2025-09-22
J00328,A0036,지원,2025-10-01
J00329,A0036,지원,2025-10-17
J00330,A0036,지원,2025-10-29
J00331,A0036,지원,2025-11-14
J00332,A0037,지원,2025-05-04
J00332,A0037,서류 통과,2025-05-22
J00333,A0037,지원,2025-05-12
J00334,A0037,지원,2025-05-25
J00334,A0037,서류 통과,2025-06-15
J00335,A0037,지원,2025-06-10
J00336,A0037,지원,2025-06-15
J00337,A0037,지원,2025-06-26
J00337,A0037,서류 통과,2025-07-06
J00338,A0037,지원,2025-07-10
J00339,A0037,지원,2025-07-26
J00340,A0037,지원,2025-08-05
J00340,A0037,서류 통과,2025-08-25
J00340,A0037,과제·테스트 통과,2025-09-07
J00340,A0037,면접 통과,2025-09-28
J00340,A0037,최종 합격,2025-10-14
J00341,A0037,지원,2025-08-21
J00342,A0037,지원,2025-08-25
J00343,A0037,지원,2025-09-05
J00343,A0037,서류 통과,2025-09-21
J00343,A0037,면접 통과,2025-10-02
J00344,A0037,지원,2025-09-20
J00344,A0037,서류 통과,2025-09-30
J00344,A0037,과제·테스트 통과,2025-10-11
J00345,A0037,지원,2025-09-29
J00345,A0037,서류 통과,2025-10-13
J00345,A0037,면접 통과,2025-11-03
J00345,A0037,최종 합격,2025-11-14
J00346,A0037,지원,2025-10-15
J00347,A0037,지원,2025-10-23
J00348,A0037,지원,2025-11-06
J00349,A0038,지원,2025-03-14
J00350,A0038,지원,2025-03-22
J00351,A0038,지원,2025-03-28
J00351,A0038,서류 통과,2025-04-07
J00352,A0038,지원,2025-04-09
J00353,A0038,지원,2025-04-14
J00354,A0038,지원,2025-04-21
J00355,A0038,지원,2025-04-30
J00356,A0038,지원,2025-05-10
J00357,A0038,지원,2025-05-19
J00358,A0038,지원,2025-05-31
J00359,A0038,지원,2025-06-10
J00360,A0038,지원,2025-06-22
J00361,A0038,지원,2025-06-29
J00362,A0038,지원,2025-07-09
J00363,A0038,지원,2025-07-14
J00364,A0039,지원,2025-03-11
J00365,A0039,지원,2025-03-19
J00366,A0039,지원,2025-03-26
J00367,A0039,지원,2025-04-09
J00368,A0039,지원,2025-04-13
J00368,A0039,서류 통과,2025-04-27
J00368,A0039,과제·테스트 통과,2025-05-07
J00369,A0039,지원,2025-04-20
J00369,A0039,서류 통과,2025-05-04
J00370,A0039,지원,2025-04-25
J00371,A0039,지원,2025-05-05
J00372,A0039,지원,2025-05-21
J00373,A0039,지원,2025-05-26
J00374,A0039,지원,2025-06-09
J00375,A0039,지원,2025-06-21
J00375,A0039,서류 통과,2025-07-11
J00376,A0039,지원,2025-06-27
J00377,A0040,지원,2025-04-21
J00377,A0040,서류 통과,2025-04-28
J00377,A0040,과제·테스트 통과,2025-05-11
J00378,A0040,지원,2025-04-26
J00379,A0040,지원,2025-05-04
J00379,A0040,서류 통과,2025-05-15
J00379,A0040,면접 통과,2025-05-25
J00380,A0040,지원,2025-05-19
J00381,A0040,지원,2025-05-31
J00382,A0040,지원,2025-06-12
J00383,A0040,지원,2025-06-25
J00384,A0040,지원,2025-07-02
J00385,A0040,지원,2025-07-15
J00385,A0040,서류 통과,2025-07-26
J00385,A0040,면접 통과,2025-08-17
J00385,A0040,최종 합격,2025-09-01
J00386,A0040,지원,2025-07-26
J00387,A0040,지원,2025-08-05
J00388,A0040,지원,2025-08-21
J00389,A0041,지원,2025-06-23
J00390,A0041,지원,2025-07-08
J00391,A0041,지원,2025-07-13
J00392,A0041,지원,2025-07-18
J00393,A0041,지원,2025-07-28
J00394,A0041,지원,2025-08-13
J00395,A0041,지원,2025-08-21
J00396,A0042,지원,2025-09-15
J00397,A0042,지원,2025-09-24
J00398,A0042,지원,2025-10-10
J00399,A0042,지원,2025-10-23
J00400,A0042,지원,2025-11-05
J00401,A0042,지원,2025-11-13
J00402,A0042,지원,2025-11-21
J00403,A0042,지원,2025-11-27
J00404,A0042,지원,2025-12-02
J00405,A0042,지원,2025-12-18
J00406,A0042,지원,2025-12-30
J00407,A0043,지원,2025-08-16
J00408,A0043,지원,2025-08-20
J00409,A0043,지원,2025-08-24
J00409,A0043,서류 통과,2025-09-08
J00410,A0043,지원,2025-08-30
J00411,A0043,지원,2025-09-04
J00412,A0043,지원,2025-09-14
J00413,A0044,지원,2025-06-06
J00414,A0044,지원,2025-06-13
J00415,A0044,지원,2025-06-17
J00416,A0044,지원,2025-07-03
J00417,A0044,지원,2025-07-15
J00418,A0044,지원,2025-07-20
J00419,A0044,지원,2025-08-03
J00420,A0045,지원,2025-04-27
J00421,A0045,지원,2025-05-11
J00422,A0045,지원,2025-05-26
J00422,A0045,서류 통과,2025-06-08
J00423,A0045,지원,2025-05-31
J00424,A0045,지원,2025-06-14
J00425,A0045,지원,2025-06-25
J00426,A0045,지원,2025-07-05
J00427,A0045,지원,2025-07-09
J00427,A0045,서류 통과,2025-07-30
J00428,A0045,지원,2025-07-19
J00428,A0045,서류 통과,2025-08-01
J00428,A0045,과제·테스트 통과,2025-08-10
J00429,A0045,지원,2025-08-04
J00430,A0045,지원,2025-08-20
J00431,A0045,지원,2025-09-01
J00432,A0045,지원,2025-09-08
J00433,A0045,지원,2025-09-17
J00434,A0046,지원,2025-10-09
J00435,A0046,지원,2025-10-16
J00435,A0046,서류 통과,2025-11-03
J00436,A0046,지원,2025-10-28
J00437,A0046,지원,2025-11-10
J00438,A0046,지원,2025-11-23
J00439,A0046,지원,2025-12-06
J00440,A0046,지원,2025-12-16
J00441,A0046,지원,2025-12-28
J00442,A0047,지원,2025-02-28
J00443,A0047,지원,2025-03-07
J00444,A0047,지원,2025-03-18
J00445,A0047,지원,2025-03-22
J00446,A0047,지원,2025-04-05
J00447,A0047,지원,2025-04-16
J00448,A0047,지원,2025-04-25
J00449,A0047,지원,2025-05-07
J00450,A0047,지원,2025-05-15
J00450,A0047,서류 통과,2025-05-22
J00451,A0047,지원,2025-05-25
J00452,A0047,지원,2025-05-30
J00453,A0048,지원,2025-10-18
J00454,A0048,지원,2025-10-30
J00455,A0048,지원,2025-11-10
J00456,A0048,지원,2025-11-25
J00456,A0048,서류 통과,2025-12-04
J00457,A0048,지원,2025-12-10
J00458,A0049,지원,2025-06-14
J00459,A0049,지원,2025-06-29
J00460,A0049,지원,2025-07-14
J00460,A0049,서류 통과,2025-07-24
J00460,A0049,과제·테스트 통과,2025-07-29
J00461,A0049,지원,2025-07-20
J00462,A0049,지원,2025-08-04
J00463,A0049,지원,2025-08-17
J00464,A0049,지원,2025-08-23
J00465,A0049,지원,2025-09-02
J00466,A0049,지원,2025-09-15
J00467,A0049,지원,2025-09-25
J00468,A0049,지원,2025-09-30
J00469,A0049,지원,2025-10-09
J00470,A0049,지원,2025-10-21
J00471,A0049,지원,2025-11-01
J00472,A0049,지원,2025-11-12
J00473,A0049,지원,2025-11-28
J00474,A0049,지원,2025-12-14
J00475,A0049,지원,2025-12-19
J00476,A0049,지원,2025-12-30
J00477,A0050,지원,2025-04-13
J00477,A0050,서류 통과,2025-05-03
J00478,A0050,지원,2025-04-19
J00479,A0050,지원,2025-04-26
J00480,A0050,지원,2025-05-07
J00481,A0050,지원,2025-05-11
J00482,A0050,지원,2025-05-27
J00482,A0050,서류 통과,2025-06-08
J00483,A0050,지원,2025-06-05
J00484,A0050,지원,2025-06-10
J00485,A0050,지원,2025-06-17
J00485,A0050,서류 통과,2025-07-01
J00486,A0050,지원,2025-06-27
J00487,A0051,지원,2025-05-18
J00487,A0051,서류 통과,2025-06-03
J00488,A0051,지원,2025-05-25
J00488,A0051,서류 통과,2025-06-15
J00489,A0051,지원,2025-06-07
J00490,A0051,지원,2025-06-14
J00491,A0051,지원,2025-06-30
J00492,A0051,지원,2025-07-11
J00493,A0051,지원,2025-07-23
J00493,A0051,서류 통과,2025-08-12
J00493,A0051,과제·테스트 통과,2025-08-23
J00494,A0051,지원,2025-08-08
J00494,A0051,서류 통과,2025-08-21
J00494,A0051,면접 통과,2025-09-07
J00495,A0051,지원,2025-08-22
J00496,A0051,지원,2025-09-07
J00496,A0051,서류 통과,2025-09-24
J00497,A0052,지원,2025-02-25
J00498,A0052,지원,2025-03-06
J00499,A0052,지원,2025-03-11
J00500,A0052,지원,2025-03-27
J00500,A0052,서류 통과,2025-04-15
J00500,A0052,과제·테스트 통과,2025-04-23
J00500,A0052,면접 통과,2025-05-12
J00500,A0052,최종 합격,2025-05-17
J00501,A0052,지원,2025-03-31
J00501,A0052,서류 통과,2025-04-14
J00502,A0052,지원,2025-04-06
J00503,A0052,지원,2025-04-10
J00504,A0052,지원,2025-04-17
J00504,A0052,서류 통과,2025-05-04
J00505,A0052,지원,2025-05-03
J00506,A0052,지원,2025-05-09
J00507,A0053,지원,2025-01-19
J00508,A0053,지원,2025-01-30
J00509,A0053,지원,2025-02-09
J00510,A0053,지원,2025-02-23
J00511,A0053,지원,2025-03-11
J00512,A0053,지원,2025-03-22
J00513,A0053,지원,2025-03-27
J00514,A0053,지원,2025-04-03
J00515,A0053,지원,2025-04-09
J00515,A0053,서류 통과,2025-04-21
J00516,A0053,지원,2025-04-25
J00517,A0054,지원,2025-01-23
J00518,A0054,지원,2025-01-27
J00519,A0054,지원,2025-02-02
J00520,A0054,지원,2025-02-17
J00521,A0054,지원,2025-03-05
J00521,A0054,서류 통과,2025-03-15
J00521,A0054,면접 통과,2025-03-27
J00522,A0054,지원,2025-03-19
J00522,A0054,서류 통과,2025-03-28
J00523,A0054,지원,2025-04-02
J00523,A0054,서류 통과,2025-04-21
J00523,A0054,면접 통과,2025-05-08
J00524,A0054,지원,2025-04-16
J00524,A0054,서류 통과,2025-04-27
J00524,A0054,과제·테스트 통과,2025-05-06
J00525,A0054,지원,2025-05-02
J00526,A0054,지원,2025-05-08
J00527,A0054,지원,2025-05-12
J00528,A0055,지원,2025-10-29
J00529,A0055,지원,2025-11-07
J00530,A0055,지원,2025-11-19
J00531,A0055,지원,2025-11-28
J00532,A0055,지원,2025-12-04
J00532,A0055,서류 통과,2025-12-15
J00533,A0055,지원,2025-12-12
J00534,A0055,지원,2025-12-22
J00535,A0055,지원,2025-12-29
J00536,A0056,지원,2025-04-04
J00537,A0056,지원,2025-04-09
J00538,A0056,지원,2025-04-24
J00539,A0056,지원,2025-05-10
J00540,A0056,지원,2025-05-15
J00541,A0056,지원,2025-05-22
J00542,A0056,지원,2025-06-03
J00543,A0057,지원,2025-03-26
J00544,A0057,지원,2025-04-05
J00545,A0057,지원,2025-04-11
J00546,A0057,지원,2025-04-16
J00547,A0057,지원,2025-04-22
J00547,A0057,서류 통과,2025-05-02
J00548,A0057,지원,2025-05-08
J00549,A0057,지원,2025-05-14
J00549,A0057,서류 통과,2025-06-04
J00549,A0057,과제·테스트 통과,2025-06-15
J00550,A0057,지원,2025-05-24
J00550,A0057,서류 통과,2025-06-04
J00551,A0057,지원,2025-05-28
J00551,A0057,서류 통과,2025-06-10
J00552,A0057,지원,2025-06-12
J00553,A0057,지원,2025-06-20
J00554,A0057,지원,2025-06-30
J00555,A0058,지원,2025-08-02
J00556,A0058,지원,2025-08-08
J00557,A0058,지원,2025-08-12
J00558,A0058,지원,2025-08-26
J00558,A0058,서류 통과,2025-09-12
J00559,A0058,지원,2025-09-06
J00560,A0058,지원,2025-09-11
J00561,A0059,지원,2025-03-27
J00561,A0059,서류 통과,2025-04-05
J00561,A0059,면접 통과,2025-04-16
J00561,A0059,최종 합격,2025-04-25
J00562,A0059,지원,2025-04-03
J00562,A0059,서류 통과,2025-04-24
J00562,A0059,면접 통과,2025-05-09
J00563,A0059,지원,2025-04-09
J00564,A0059,지원,2025-04-14
J00564,A0059,서류 통과,2025-05-01
J00565,A0060,지원,2025-05-14
J00566,A0060,지원,2025-05-27
J00567,A0060,지원,2025-06-10
J00568,A0060,지원,2025-06-26
J00569,A0060,지원,2025-07-10
J00570,A0060,지원,2025-07-17
J00571,A0060,지원,2025-07-30
J00571,A0060,서류 통과,2025-08-07
J00572,A0060,지원,2025-08-10
J00573,A0060,지원,2025-08-20
J00574,A0060,지원,2025-08-24
J00575,A0060,지원,2025-09-01
J00576,A0060,지원,2025-09-12
J00577,A0060,지원,2025-09-23
J00577,A0060,서류 통과,2025-10-11
J00577,A0060,면접 통과,2025-10-26
J00578,A0060,지원,2025-10-05
J00579,A0060,지원,2025-10-12
J00580,A0060,지원,2025-10-18
J00581,A0060,지원,2025-10-28
J00582,A0060,지원,2025-11-03
J00583,A0060,지원,2025-11-08
J00584,A0060,지원,2025-11-15
J00585,A0060,지원,2025-11-22
J00586,A0060,지원,2025-12-01
J00587,A0061,지원,2025-10-18
J00587,A0061,서류 통과,2025-11-03
J00587,A0061,면접 통과,2025-11-21
J00587,A0061,최종 합격,2025-12-05
J00588,A0061,지원,2025-10-26
J00589,A0061,지원,2025-11-08
J00590,A0061,지원,2025-11-20
J00591,A0061,지원,2025-11-26
J00592,A0061,지원,2025-12-02
J00593,A0062,지원,2025-10-30
J00594,A0062,지원,2025-11-09
J00595,A0062,지원,2025-11-14
J00596,A0062,지원,2025-11-27
J00597,A0062,지원,2025-12-03
J00598,A0062,지원,2025-12-15
J00599,A0062,지원,2025-12-22
J00600,A0063,지원,2025-02-26
J00601,A0063,지원,2025-03-06
J00602,A0063,지원,2025-03-11
J00603,A0063,지원,2025-03-24
J00604,A0064,지원,2025-03-17
J00605,A0064,지원,2025-03-26
J00606,A0064,지원,2025-04-05
J00607,A0064,지원,2025-04-17
J00608,A0064,지원,2025-04-22
J00608,A0064,서류 통과,2025-05-09
J00608,A0064,면접 통과,2025-05-26
J00609,A0064,지원,2025-05-06
J00610,A0064,지원,2025-05-10
J00611,A0064,지원,2025-05-23
J00611,A0064,서류 통과,2025-06-03
J00611,A0064,면접 통과,2025-06-25
J00612,A0064,지원,2025-05-29
J00613,A0064,지원,2025-06-05
J00614,A0064,지원,2025-06-12
J00614,A0064,서류 통과,2025-07-02
J00615,A0064,지원,2025-06-23
J00616,A0064,지원,2025-07-02
J00617,A0064,지원,2025-07-11
J00618,A0064,지원,2025-07-16
J00619,A0064,지원,2025-07-21
J00620,A0064,지원,2025-08-06
J00620,A0064,서류 통과,2025-08-15
J00621,A0064,지원,2025-08-14
J00622,A0064,지원,2025-08-22
J00623,A0064,지원,2025-08-30
J00623,A0064,서류 통과,2025-09-16
J00623,A0064,과제·테스트 통과,2025-09-24
J00624,A0065,지원,2025-01-02
J00624,A0065,서류 통과,2025-01-22
J00624,A0065,과제·테스트 통과,2025-02-01
J00625,A0065,지원,2025-01-12
J00626,A0065,지원,2025-01-24
J00626,A0065,서류 통과,2025-02-12
J00627,A0065,지원,2025-02-03
J00628,A0065,지원,2025-02-16
J00628,A0065,서류 통과,2025-02-28
J00628,A0065,면접 통과,2025-03-14
J00629,A0065,지원,2025-03-04
J00630,A0065,지원,2025-03-18
J00631,A0065,지원,2025-03-25
J00632,A0065,지원,2025-04-08
J00633,A0065,지원,2025-04-17
J00634,A0066,지원,2025-09-18
J00635,A0066,지원,2025-10-03
J00636,A0066,지원,2025-10-10
J00637,A0067,지원,2025-05-11
J00637,A0067,서류 통과,2025-05-30
J00637,A0067,면접 통과,2025-06-09
J00638,A0067,지원,2025-05-17
J00639,A0067,지원,2025-05-27
J00640,A0067,지원,2025-06-10
J00641,A0067,지원,2025-06-23
J00642,A0067,지원,2025-07-05
J00642,A0067,서류 통과,2025-07-17
J00642,A0067,면접 통과,2025-08-09
J00643,A0067,지원,2025-07-15
J00644,A0067,지원,2025-07-27
J00645,A0067,지원,2025-08-05
J00646,A0067,지원,2025-08-12
J00647,A0067,지원,2025-08-17
J00648,A0068,지원,2025-09-16
J00648,A0068,서류 통과,2025-09-27
J00648,A0068,면접 통과,2025-10-06
J00649,A0068,지원,2025-09-21
J00650,A0068,지원,2025-09-27
J00650,A0068,서류 통과,2025-10-10
J00651,A0068,지원,2025-10-07
J00652,A0068,지원,2025-10-13
J00652,A0068,서류 통과,2025-10-28
J00652,A0068,과제·테스트 통과,2025-11-04
J00653,A0068,지원,2025-10-24
J00654,A0068,지원,2025-10-30
J00655,A0068,지원,2025-11-12
J00656,A0068,지원,2025-11-23
J00656,A0068,서류 통과,2025-12-02
J00657,A0068,지원,2025-12-02
J00658,A0068,지원,2025-12-11
J00659,A0068,지원,2025-12-17
J00660,A0068,지원,2025-12-23
J00661,A0069,지원,2025-03-03
J00662,A0069,지원,2025-03-15
J00662,A0069,서류 통과,2025-03-28
J00663,A0069,지원,2025-03-25
J00663,A0069,서류 통과,2025-04-10
J00664,A0069,지원,2025-04-02
J00664,A0069,서류 통과,2025-04-20
J00665,A0069,지원,2025-04-11
J00665,A0069,서류 통과,2025-04-19
J00665,A0069,면접 통과,2025-05-09
J00666,A0069,지원,2025-04-17
J00667,A0069,지원,2025-04-21
J00668,A0069,지원,2025-05-06
J00669,A0069,지원,2025-05-16
J00670,A0069,지원,2025-05-25
J00671,A0069,지원,2025-05-30
J00671,A0069,서류 통과,2025-06-15
J00671,A0069,과제·테스트 통과,2025-06-26
J00672,A0069,지원,2025-06-10
J00673,A0070,지원,2025-11-30
J00674,A0070,지원,2025-12-09
J00674,A0070,서류 통과,2025-12-27
J00675,A0070,지원,2025-12-21
J00676,A0070,지원,2025-12-27
J00677,A0071,지원,2025-10-13
J00678,A0071,지원,2025-10-19
J00679,A0071,지원,2025-10-25
J00679,A0071,서류 통과,2025-11-03
J00680,A0071,지원,2025-11-10
J00681,A0071,지원,2025-11-20
J00682,A0071,지원,2025-12-05
J00682,A0071,서류 통과,2025-12-13
J00683,A0071,지원,2025-12-17
J00684,A0072,지원,2025-08-22
J00685,A0072,지원,2025-08-26
J00686,A0072,지원,2025-08-30
J00687,A0072,지원,2025-09-07
J00688,A0072,지원,2025-09-15
J00689,A0072,지원,2025-09-29
J00690,A0072,지원,2025-10-14
J00691,A0072,지원,2025-10-22
J00692,A0073,지원,2025-01-07
J00693,A0073,지원,2025-01-19
J00694,A0073,지원,2025-01-25
J00695,A0073,지원,2025-01-31
J00696,A0073,지원,2025-02-07
J00697,A0073,지원,2025-02-13
J00698,A0073,지원,2025-03-01
J00699,A0074,지원,2025-11-23
J00699,A0074,서류 통과,2025-12-14
J00700,A0074,지원,2025-12-06
J00701,A0074,지원,2025-12-17
J00702,A0075,지원,2025-05-04
J00703,A0075,지원,2025-05-09
J00704,A0075,지원,2025-05-21
J00705,A0075,지원,2025-06-03
J00705,A0075,서류 통과,2025-06-22
J00705,A0075,과제·테스트 통과,2025-07-03
J00706,A0075,지원,2025-06-15
J00707,A0075,지원,2025-06-27
J00708,A0075,지원,2025-07-01
J00709,A0075,지원,2025-07-11
J00710,A0075,지원,2025-07-15
J00711,A0075,지원,2025-07-24
J00711,A0075,서류 통과,2025-08-04
J00711,A0075,면접 통과,2025-08-27
J00711,A0075,최종 합격,2025-09-11
J00712,A0075,지원,2025-08-02
J00713,A0075,지원,2025-08-07
J00714,A0075,지원,2025-08-15
J00715,A0075,지원,2025-08-24
J00716,A0075,지원,2025-09-09
J00716,A0075,서류 통과,2025-09-21
J00716,A0075,면접 통과,2025-10-06
J00716,A0075,최종 합격,2025-10-18
J00717,A0075,지원,2025-09-20
J00718,A0075,지원,2025-10-05
J00719,A0075,지원,2025-10-16
J00720,A0076,지원,2025-10-29
J00721,A0076,지원,2025-11-09
J00722,A0076,지원,2025-11-14
J00723,A0076,지원,2025-11-28
J00724,A0076,지원,2025-12-09
J00725,A0076,지원,2025-12-13
J00726,A0076,지원,2025-12-28
J00727,A0077,지원,2025-10-23
J00728,A0077,지원,2025-10-29
J00729,A0077,지원,2025-11-10
J00730,A0077,지원,2025-11-23
J00731,A0077,지원,2025-12-02
J00732,A0077,지원,2025-12-07
J00733,A0077,지원,2025-12-19
J00734,A0078,지원,2025-09-23
J00735,A0078,지원,2025-09-27
J00736,A0078,지원,2025-10-11
J00737,A0078,지원,2025-10-25
J00738,A0078,지원,2025-11-08
J00738,A0078,서류 통과,2025-11-24
J00738,A0078,면접 통과,2025-12-13
J00738,A0078,최종 합격,2025-12-20
J00739,A0078,지원,2025-11-14
J00740,A0078,지원,2025-11-20
J00741,A0078,지원,2025-11-27
J00742,A0078,지원,2025-12-09
J00743,A0078,지원,2025-12-16
J00744,A0079,지원,2025-10-17
J00745,A0079,지원,2025-11-01
J00746,A0079,지원,2025-11-07
J00747,A0079,지원,2025-11-23
J00748,A0079,지원,2025-12-05
J00749,A0079,지원,2025-12-13
J00750,A0079,지원,2025-12-21
J00751,A0079,지원,2025-12-29
J00752,A0080,지원,2025-06-02
J00753,A0080,지원,2025-06-10
J00754,A0080,지원,2025-06-18
J00755,A0080,지원,2025-06-25
J00756,A0080,지원,2025-07-11
J00757,A0080,지원,2025-07-22
J00757,A0080,서류 통과,2025-08-06
J00758,A0081,지원,2025-09-11
J00759,A0081,지원,2025-09-21
J00760,A0081,지원,2025-09-29
J00761,A0081,지원,2025-10-06
J00762,A0081,지원,2025-10-13
J00763,A0081,지원,2025-10-28
J00764,A0081,지원,2025-11-13
J00765,A0081,지원,2025-11-26
J00766,A0081,지원,2025-12-12
J00767,A0081,지원,2025-12-21
J00768,A0082,지원,2025-10-02
J00768,A0082,서류 통과,2025-10-19
J00769,A0082,지원,2025-10-07
J00770,A0082,지원,2025-10-23
J00771,A0082,지원,2025-10-30
J00772,A0082,지원,2025-11-08
J00773,A0082,지원,2025-11-22
J00773,A0082,서류 통과,2025-12-12
J00774,A0082,지원,2025-11-26
J00775,A0083,지원,2025-07-25
J00776,A0083,지원,2025-08-03
J00777,A0083,지원,2025-08-12
J00778,A0083,지원,2025-08-23
J00779,A0083,지원,2025-08-30
J00780,A0083,지원,2025-09-13
J00781,A0083,지원,2025-09-19
J00782,A0083,지원,2025-10-03
J00782,A0083,서류 통과,2025-10-12
J00782,A0083,면접 통과,2025-11-02
J00782,A0083,최종 합격,2025-11-16
J00783,A0083,지원,2025-10-07
J00784,A0083,지원,2025-10-21
J00785,A0083,지원,2025-11-02
J00786,A0083,지원,2025-11-10
J00787,A0084,지원,2025-01-15
J00788,A0084,지원,2025-01-22
J00788,A0084,서류 통과,2025-01-31
J00789,A0084,지원,2025-02-02
J00789,A0084,서류 통과,2025-02-21
J00790,A0084,지원,2025-02-08
J00791,A0084,지원,2025-02-18
J00791,A0084,서류 통과,2025-03-01
J00791,A0084,과제·테스트 통과,2025-03-09
J00792,A0084,지원,2025-02-26
J00792,A0084,서류 통과,2025-03-07
J00793,A0084,지원,2025-03-08
J00794,A0084,지원,2025-03-18
J00795,A0084,지원,2025-03-29
J00795,A0084,서류 통과,2025-04-19
J00795,A0084,면접 통과,2025-05-03
J00795,A0084,최종 합격,2025-05-20
J00796,A0084,지원,2025-04-02
J00796,A0084,서류 통과,2025-04-20
J00797,A0084,지원,2025-04-16
J00797,A0084,서류 통과,2025-04-24
J00797,A0084,과제·테스트 통과,2025-05-05
J00798,A0084,지원,2025-04-24
J00798,A0084,서류 통과,2025-05-10
J00798,A0084,과제·테스트 통과,2025-05-23
J00799,A0084,지원,2025-05-09
J00799,A0084,서류 통과,2025-05-26
J00799,A0084,면접 통과,2025-06-05
J00799,A0084,최종 합격,2025-06-13
J00800,A0084,지원,2025-05-13
J00800,A0084,서류 통과,2025-05-28
J00800,A0084,면접 통과,2025-06-08
J00801,A0084,지원,2025-05-22
J00802,A0084,지원,2025-05-29
J00803,A0085,지원,2025-11-16
J00804,A0085,지원,2025-12-01
J00805,A0085,지원,2025-12-17
J00805,A0085,서류 통과,2025-12-28
J00806,A0085,지원,2025-12-22
J00807,A0085,지원,2025-12-30
J00808,A0086,지원,2025-06-24
J00809,A0086,지원,2025-06-30
J00810,A0086,지원,2025-07-11
J00811,A0086,지원,2025-07-16
J00812,A0086,지원,2025-07-27
J00813,A0086,지원,2025-07-31
J00814,A0086,지원,2025-08-12
J00815,A0086,지원,2025-08-18
J00816,A0086,지원,2025-09-02
J00817,A0086,지원,2025-09-17
J00818,A0086,지원,2025-09-27
J00819,A0086,지원,2025-10-01
J00820,A0086,지원,2025-10-09
J00821,A0086,지원,2025-10-24
J00821,A0086,서류 통과,2025-11-11
J00821,A0086,면접 통과,2025-11-28
J00822,A0086,지원,2025-10-30
J00823,A0086,지원,2025-11-03
J00824,A0086,지원,2025-11-11
J00825,A0086,지원,2025-11-16
J00826,A0086,지원,2025-11-22
J00827,A0086,지원,2025-11-27
J00827,A0086,서류 통과,2025-12-15
J00827,A0086,면접 통과,2025-12-26
J00828,A0086,지원,2025-12-04
J00829,A0087,지원,2025-06-21
J00830,A0087,지원,2025-06-25
J00831,A0087,지원,2025-07-06
J00831,A0087,서류 통과,2025-07-17
J00832,A0087,지원,2025-07-16
J00833,A0088,지원,2025-04-22
J00834,A0088,지원,2025-05-03
J00835,A0088,지원,2025-05-14
J00836,A0088,지원,2025-05-29
J00837,A0088,지원,2025-06-10
J00838,A0088,지원,2025-06-18
J00839,A0088,지원,2025-06-25
J00840,A0088,지원,2025-07-07
J00840,A0088,서류 통과,2025-07-26
J00841,A0088,지원,2025-07-19
J00842,A0088,지원,2025-08-04
J00843,A0088,지원,2025-08-20
J00844,A0088,지원,2025-08-29
J00845,A0088,지원,2025-09-14
J00846,A0088,지원,2025-09-19
J00847,A0088,지원,2025-09-28
J00847,A0088,서류 통과,2025-10-17
J00848,A0088,지원,2025-10-05
J00849,A0088,지원,2025-10-09
J00850,A0088,지원,2025-10-22
J00851,A0088,지원,2025-10-30
J00851,A0088,서류 통과,2025-11-15
J00852,A0088,지원,2025-11-07
J00853,A0088,지원,2025-11-18
J00853,A0088,서류 통과,2025-11-25
J00854,A0088,지원,2025-12-02
J00855,A0088,지원,2025-12-07
J00856,A0088,지원,2025-12-14
J00857,A0089,지원,2025-07-25
J00858,A0089,지원,2025-07-31
J00859,A0089,지원,2025-08-14
J00860,A0089,지원,2025-08-30
J00861,A0089,지원,2025-09-14
J00862,A0089,지원,2025-09-24
J00863,A0089,지원,2025-10-05
J00864,A0089,지원,2025-10-10
J00865,A0089,지원,2025-10-16
J00866,A0089,지원,2025-10-21
J00866,A0089,서류 통과,2025-11-01
J00867,A0089,지원,2025-10-25
J00868,A0089,지원,2025-10-29
J00869,A0089,지원,2025-11-03
J00870,A0089,지원,2025-11-16
J00871,A0089,지원,2025-11-27
J00872,A0089,지원,2025-12-12
J00873,A0089,지원,2025-12-25
J00874,A0090,지원,2025-10-13
J00875,A0090,지원,2025-10-25
J00876,A0090,지원,2025-11-07
J00877,A0090,지원,2025-11-16
J00878,A0090,지원,2025-12-02
J00878,A0090,서류 통과,2025-12-10
J00878,A0090,면접 통과,2025-12-26
J00879,A0090,지원,2025-12-13
J00880,A0090,지원,2025-12-26
J00881,A0091,지원,2025-06-14
J00882,A0091,지원,2025-06-26
J00883,A0091,지원,2025-07-06
J00884,A0091,지원,2025-07-17
J00885,A0091,지원,2025-07-23
J00886,A0091,지원,2025-07-27
J00887,A0091,지원,2025-08-10
J00888,A0092,지원,2025-03-04
J00889,A0092,지원,2025-03-20
J00890,A0092,지원,2025-03-30
J00891,A0092,지원,2025-04-05
J00891,A0092,서류 통과,2025-04-25
J00892,A0093,지원,2025-02-08
J00893,A0093,지원,2025-02-17
J00894,A0093,지원,2025-03-02
J00894,A0093,서류 통과,2025-03-20
J00895,A0093,지원,2025-03-08
J00896,A0093,지원,2025-03-21
J00897,A0093,지원,2025-04-01
J00898,A0093,지원,2025-04-05
J00899,A0093,지원,2025-04-21
J00900,A0093,지원,2025-04-27
J00900,A0093,서류 통과,2025-05-05
J00901,A0093,지원,2025-05-06
J00902,A0093,지원,2025-05-16
J00903,A0093,지원,2025-05-22
J00904,A0093,지원,2025-05-29
J00905,A0093,지원,2025-06-02
J00906,A0093,지원,2025-06-08
J00907,A0093,지원,2025-06-19
J00908,A0093,지원,2025-07-05
J00908,A0093,서류 통과,2025-07-15
J00909,A0093,지원,2025-07-10
J00909,A0093,서류 통과,2025-07-22
J00910,A0093,지원,2025-07-19
J00911,A0093,지원,2025-07-23
J00912,A0093,지원,2025-07-31
J00912,A0093,서류 통과,2025-08-10
J00913,A0093,지원,2025-08-04
J00914,A0093,지원,2025-08-11
J00915,A0093,지원,2025-08-15
J00916,A0093,지원,2025-08-24
J00917,A0093,지원,2025-09-04
J00918,A0093,지원,2025-09-14
J00919,A0093,지원,2025-09-19
J00920,A0093,지원,2025-09-28
J00921,A0094,지원,2025-01-25
J00922,A0094,지원,2025-02-10
J00923,A0094,지원,2025-02-21
J00924,A0094,지원,2025-03-01
J00924,A0094,서류 통과,2025-03-10
J00925,A0094,지원,2025-03-15
J00926,A0094,지원,2025-03-22
J00927,A0094,지원,2025-04-07
J00928,A0094,지원,2025-04-14
J00929,A0095,지원,2025-08-31
J00930,A0095,지원,2025-09-09
J00931,A0095,지원,2025-09-22
J00931,A0095,서류 통과,2025-10-11
J00932,A0095,지원,2025-09-28
J00933,A0095,지원,2025-10-14
J00933,A0095,서류 통과,2025-10-30
J00933,A0095,면접 통과,2025-11-15
J00934,A0095,지원,2025-10-20
J00935,A0095,지원,2025-10-27
J00936,A0095,지원,2025-11-09
J00937,A0095,지원,2025-11-18
J00938,A0095,지원,2025-11-23
J00939,A0095,지원,2025-11-27
J00940,A0095,지원,2025-12-08
J00941,A0095,지원,2025-12-21
J00942,A0095,지원,2025-12-29
J00943,A0096,지원,2025-03-08
J00944,A0096,지원,2025-03-12
J00944,A0096,서류 통과,2025-03-22
J00944,A0096,과제·테스트 통과,2025-03-30
J00944,A0096,면접 통과,2025-04-11
J00944,A0096,최종 합격,2025-04-22
J00945,A0096,지원,2025-03-25
J00946,A0096,지원,2025-04-02
J00946,A0096,서류 통과,2025-04-23
J00946,A0096,면접 통과,2025-05-05
J00947,A0096,지원,2025-04-10
J00948,A0096,지원,2025-04-19
J00949,A0097,지원,2025-09-24
J00950,A0097,지원,2025-09-28
J00951,A0097,지원,2025-10-13
J00952,A0097,지원,2025-10-17
J00953,A0097,지원,2025-10-23
J00954,A0097,지원,2025-11-05
J00955,A0097,지원,2025-11-12
J00956,A0097,지원,2025-11-19
J00956,A0097,서류 통과,2025-12-08
J00956,A0097,과제·테스트 통과,2025-12-16
J00957,A0097,지원,2025-11-27
J00957,A0097,서류 통과,2025-12-16
J00958,A0097,지원,2025-12-13
J00959,A0098,지원,2025-04-06
J00960,A0098,지원,2025-04-10
J00961,A0098,지원,2025-04-23
J00962,A0098,지원,2025-05-06
J00963,A0098,지원,2025-05-16
J00964,A0098,지원,2025-05-21
J00965,A0099,지원,2025-11-28
J00966,A0099,지원,2025-12-03
J00967,A0099,지원,2025-12-09
J00968,A0099,지원,2025-12-18
J00969,A0100,지원,2025-04-22
J00970,A0100,지원,2025-05-07
J00971,A0100,지원,2025-05-23
J00972,A0100,지원,2025-06-03
J00973,A0100,지원,2025-06-11
J00973,A0100,서류 통과,2025-06-25
J00973,A0100,면접 통과,2025-07-09
J00974,A0100,지원,2025-06-27
J00975,A0100,지원,2025-07-06
J00976,A0100,지원,2025-07-14
J00977,A0100,지원,2025-07-22
J00977,A0100,서류 통과,2025-08-11
J00977,A0100,면접 통과,2025-08-19
J00978,A0101,지원,2025-07-05
J00978,A0101,서류 통과,2025-07-16
J00978,A0101,면접 통과,2025-07-26
J00978,A0101,최종 합격,2025-08-03
J00979,A0101,지원,2025-07-17
J00980,A0101,지원,2025-08-01
J00980,A0101,서류 통과,2025-08-14
J00981,A0102,지원,2025-11-19
J00982,A0102,지원,2025-12-02
J00983,A0102,지원,2025-12-10
J00984,A0102,지원,2025-12-21
J00985,A0102,지원,2025-12-26
J00986,A0103,지원,2025-06-20
J00987,A0103,지원,2025-07-06
J00988,A0103,지원,2025-07-22
J00989,A0103,지원,2025-08-04
J00990,A0103,지원,2025-08-14
J00990,A0103,서류 통과,2025-08-26
J00990,A0103,면접 통과,2025-09-10
J00991,A0103,지원,2025-08-20
J00992,A0104,지원,2025-10-24
J00993,A0104,지원,2025-11-05
J00994,A0104,지원,2025-11-19
J00995,A0104,지원,2025-12-01
J00995,A0104,서류 통과,2025-12-20
J00996,A0104,지원,2025-12-12
J00997,A0104,지원,2025-12-25
J00998,A0105,지원,2025-11-07
J00999,A0105,지원,2025-11-13
J01000,A0105,지원,2025-11-26
J01001,A0105,지원,2025-12-09
J01002,A0105,지원,2025-12-13
J01003,A0106,지원,2025-09-11
J01004,A0106,지원,2025-09-18
J01005,A0106,지원,2025-09-23
J01005,A0106,서류 통과,2025-10-10
J01005,A0106,과제·테스트 통과,2025-10-15
J01005,A0106,면접 통과,2025-10-24
J01005,A0106,최종 합격,2025-10-31
J01006,A0106,지원,2025-09-28
J01006,A0106,서류 통과,2025-10-12
J01006,A0106,면접 통과,2025-11-04
J01007,A0106,지원,2025-10-10
J01008,A0106,지원,2025-10-25
J01009,A0107,지원,2025-04-06
J01009,A0107,서류 통과,2025-04-16
J01010,A0107,지원,2025-04-11
J01010,A0107,서류 통과,2025-04-24
J01010,A0107,과제·테스트 통과,2025-05-01
J01011,A0107,지원,2025-04-23
J01012,A0107,지원,2025-04-28
J01013,A0107,지원,2025-05-07
J01014,A0107,지원,2025-05-17
J01015,A0107,지원,2025-05-26
J01016,A0107,지원,2025-06-09
J01017,A0107,지원,2025-06-24
J01017,A0107,서류 통과,2025-07-08
J01018,A0107,지원,2025-07-02
J01019,A0107,지원,2025-07-06
J01020,A0107,지원,2025-07-20
J01021,A0107,지원,2025-08-04
J01022,A0107,지원,2025-08-10
J01023,A0107,지원,2025-08-16
J01024,A0107,지원,2025-08-30
J01024,A0107,서류 통과,2025-09-08
J01024,A0107,과제·테스트 통과,2025-09-21
J01024,A0107,면접 통과,2025-10-01
J01024,A0107,최종 합격,2025-10-11
J01025,A0107,지원,2025-09-08
J01026,A0107,지원,2025-09-17
J01027,A0107,지원,2025-09-28
J01028,A0107,지원,2025-10-07
J01028,A0107,서류 통과,2025-10-16
J01028,A0107,면접 통과,2025-11-04
J01028,A0107,최종 합격,2025-11-18
J01029,A0107,지원,2025-10-12
J01030,A0107,지원,2025-10-17
J01031,A0107,지원,2025-10-23
J01032,A0107,지원,2025-10-30
J01033,A0107,지원,2025-11-14
J01034,A0107,지원,2025-11-18
J01035,A0108,지원,2025-05-14
J01036,A0108,지원,2025-05-18
J01037,A0108,지원,2025-05-30
J01038,A0108,지원,2025-06-07
J01039,A0108,지원,2025-06-21
J01040,A0108,지원,2025-06-30
J01041,A0108,지원,2025-07-16
J01042,A0108,지원,2025-07-22
J01043,A0108,지원,2025-08-04
J01044,A0108,지원,2025-08-12
J01045,A0108,지원,2025-08-25
J01046,A0108,지원,2025-08-31
J01047,A0108,지원,2025-09-15
J01047,A0108,서류 통과,2025-09-29
J01048,A0108,지원,2025-09-26
J01049,A0108,지원,2025-10-03
J01050,A0108,지원,2025-10-12
J01050,A0108,서류 통과,2025-10-24
J01050,A0108,과제·테스트 통과,2025-11-01
J01051,A0108,지원,2025-10-24
J01051,A0108,서류 통과,2025-11-06
J01051,A0108,과제·테스트 통과,2025-11-17
J01051,A0108,면접 통과,2025-11-30
J01051,A0108,최종 합격,2025-12-11
J01052,A0108,지원,2025-10-29
J01052,A0108,서류 통과,2025-11-19
J01053,A0108,지원,2025-11-05
J01054,A0108,지원,2025-11-21
J01055,A0108,지원,2025-12-03
J01056,A0109,지원,2025-03-29
J01057,A0109,지원,2025-04-14
J01058,A0109,지원,2025-04-29
J01059,A0109,지원,2025-05-14
J01060,A0109,지원,2025-05-21
J01061,A0109,지원,2025-06-01
J01062,A0109,지원,2025-06-12
J01063,A0110,지원,2025-10-19
J01063,A0110,서류 통과,2025-10-28
J01064,A0110,지원,2025-10-29
J01065,A0110,지원,2025-11-05
J01066,A0110,지원,2025-11-14
J01067,A0110,지원,2025-11-18
J01068,A0110,지원,2025-11-23
J01069,A0110,지원,2025-12-08
J01070,A0110,지원,2025-12-15
J01071,A0110,지원,2025-12-20
J01072,A0110,지원,2025-12-24
J01073,A0110,지원,2025-12-31
J01074,A0111,지원,2025-03-04
J01075,A0111,지원,2025-03-10
J01075,A0111,서류 통과,2025-03-31
J01075,A0111,과제·테스트 통과,2025-04-07
J01076,A0111,지원,2025-03-15
J01077,A0111,지원,2025-03-30
J01078,A0112,지원,2025-07-08
J01079,A0112,지원,2025-07-23
J01080,A0112,지원,2025-08-02
J01081,A0112,지원,2025-08-11
J01082,A0112,지원,2025-08-23
J01083,A0112,지원,2025-09-08
J01084,A0112,지원,2025-09-17
J01085,A0112,지원,2025-10-03
J01086,A0112,지원,2025-10-12
J01086,A0112,서류 통과,2025-10-30
J01087,A0112,지원,2025-10-19
J01087,A0112,서류 통과,2025-10-30
J01087,A0112,과제·테스트 통과,2025-11-09
J01088,A0112,지원,2025-10-27
J01089,A0112,지원,2025-11-07
J01090,A0113,지원,2025-02-13
J01091,A0113,지원,2025-02-23
J01092,A0113,지원,2025-03-10
J01093,A0113,지원,2025-03-15
J01094,A0113,지원,2025-03-19
J01095,A0113,지원,2025-03-25
J01095,A0113,서류 통과,2025-04-12
J01096,A0113,지원,2025-03-29
J01096,A0113,서류 통과,2025-04-06
J01096,A0113,면접 통과,2025-04-20
J01097,A0113,지원,2025-04-05
J01098,A0113,지원,2025-04-11
J01099,A0113,지원,2025-04-16
J01100,A0113,지원,2025-04-29
J01101,A0113,지원,2025-05-07
J01102,A0113,지원,2025-05-18
J01103,A0113,지원,2025-05-23
J01104,A0113,지원,2025-05-30
J01105,A0113,지원,2025-06-09
J01106,A0113,지원,2025-06-18
J01107,A0113,지원,2025-06-24
J01108,A0114,지원,2025-09-17
J01108,A0114,서류 통과,2025-10-08
J01108,A0114,면접 통과,2025-10-17
J01109,A0114,지원,2025-09-24
J01110,A0114,지원,2025-10-03
J01111,A0114,지원,2025-10-07
J01111,A0114,서류 통과,2025-10-21
J01112,A0114,지원,2025-10-17
J01113,A0114,지원,2025-10-28
J01114,A0114,지원,2025-11-10
J01114,A0114,서류 통과,2025-11-25
J01115,A0114,지원,2025-11-16
J01116,A0114,지원,2025-12-01
J01117,A0115,지원,2025-10-30
J01118,A0115,지원,2025-11-15
J01119,A0115,지원,2025-11-23
J01120,A0115,지원,2025-12-01
J01121,A0115,지원,2025-12-05
J01122,A0115,지원,2025-12-16
J01123,A0115,지원,2025-12-24
J01124,A0116,지원,2025-02-12
J01125,A0116,지원,2025-02-26
J01126,A0116,지원,2025-03-14
J01127,A0116,지원,2025-03-28
J01127,A0116,서류 통과,2025-04-08
J01127,A0116,과제·테스트 통과,2025-04-20
J01128,A0116,지원,2025-04-13
J01129,A0116,지원,2025-04-21
J01129,A0116,서류 통과,2025-05-05
J01129,A0116,면접 통과,2025-05-15
J01130,A0116,지원,2025-05-01
J01131,A0116,지원,2025-05-05
J01131,A0116,서류 통과,2025-05-14
J01131,A0116,면접 통과,2025-05-31
J01131,A0116,최종 합격,2025-06-20
J01132,A0116,지원,2025-05-19
J01133,A0116,지원,2025-06-04
J01134,A0116,지원,2025-06-20
J01134,A0116,서류 통과,2025-06-30
J01135,A0117,지원,2025-03-16
J01136,A0117,지원,2025-03-26
J01137,A0117,지원,2025-04-10
J01138,A0117,지원,2025-04-26
J01139,A0118,지원,2025-11-30
J01140,A0118,지원,2025-12-13
J01141,A0118,지원,2025-12-26
J01142,A0119,지원,2025-07-20
J01143,A0119,지원,2025-07-26
J01144,A0119,지원,2025-08-01
J01145,A0119,지원,2025-08-13
J01146,A0119,지원,2025-08-21
J01147,A0119,지원,2025-08-28
J01148,A0119,지원,2025-09-12
J01149,A0119,지원,2025-09-23
J01149,A0119,서류 통과,2025-10-10
J01149,A0119,면접 통과,2025-11-01
J01150,A0119,지원,2025-10-03
J01151,A0119,지원,2025-10-19
J01151,A0119,서류 통과,2025-11-03
J01152,A0119,지원,2025-11-04
J01153,A0119,지원,2025-11-09
J01153,A0119,서류 통과,2025-11-25
J01153,A0119,면접 통과,2025-12-09
J01154,A0119,지원,2025-11-14
J01155,A0119,지원,2025-11-19
J01156,A0119,지원,2025-12-04
J01157,A0119,지원,2025-12-15
J01158,A0120,지원,2025-07-19
J01159,A0120,지원,2025-08-03
J01159,A0120,서류 통과,2025-08-21
J01159,A0120,과제·테스트 통과,2025-09-01
J01160,A0120,지원,2025-08-15
J01161,A0120,지원,2025-08-27
J01162,A0120,지원,2025-09-10
J01162,A0120,서류 통과,2025-09-25
J01163,A0120,지원,2025-09-17
J01163,A0120,서류 통과,2025-09-26
J01163,A0120,면접 통과,2025-10-18
J01164,A0120,지원,2025-09-25
J01165,A0120,지원,2025-10-11
J01166,A0120,지원,2025-10-16
J01166,A0120,서류 통과,2025-11-03
J01167,A0120,지원,2025-10-20
J01168,A0120,지원,2025-10-28
J01168,A0120,서류 통과,2025-11-16
J01169,A0120,지원,2025-11-04
J01170,A0120,지원,2025-11-15
J01170,A0120,서류 통과,2025-12-04
J01170,A0120,과제·테스트 통과,2025-12-15
J01170,A0120,면접 통과,2025-12-31
J01171,A0120,지원,2025-11-25
J01172,A0120,지원,2025-12-05
J01173,A0120,지원,2025-12-16
J01174,A0120,지원,2025-12-27
J01175,A0121,지원,2025-03-10
J01176,A0121,지원,2025-03-22
J01177,A0121,지원,2025-04-05
J01177,A0121,서류 통과,2025-04-25
J01177,A0121,면접 통과,2025-05-09
J01177,A0121,최종 합격,2025-05-17
J01178,A0121,지원,2025-04-17
J01179,A0121,지원,2025-05-01
J01180,A0121,지원,2025-05-06
J01181,A0121,지원,2025-05-10
J01182,A0122,지원,2025-02-26
J01183,A0122,지원,2025-03-14
J01184,A0122,지원,2025-03-27
J01185,A0122,지원,2025-04-06
J01186,A0122,지원,2025-04-17
J01187,A0122,지원,2025-04-28
J01188,A0122,지원,2025-05-05
J01189,A0122,지원,2025-05-18
J01190,A0122,지원,2025-05-27
J01191,A0122,지원,2025-06-07
J01192,A0122,지원,2025-06-15
J01193,A0122,지원,2025-06-29
J01194,A0122,지원,2025-07-12
J01195,A0123,지원,2025-08-05
J01196,A0123,지원,2025-08-13
J01197,A0123,지원,2025-08-22
J01198,A0123,지원,2025-08-31
J01199,A0123,지원,2025-09-04
J01200,A0123,지원,2025-09-09
J01201,A0123,지원,2025-09-20
J01202,A0123,지원,2025-10-03
J01202,A0123,서류 통과,2025-10-17
J01202,A0123,과제·테스트 통과,2025-10-29
J01203,A0123,지원,2025-10-14
J01204,A0123,지원,2025-10-26
J01205,A0123,지원,2025-11-06
J01206,A0124,지원,2025-09-16
J01207,A0124,지원,2025-09-30
J01208,A0124,지원,2025-10-10
J01209,A0124,지원,2025-10-18
J01210,A0125,지원,2025-08-03
J01211,A0125,지원,2025-08-18
J01212,A0125,지원,2025-08-23
J01213,A0125,지원,2025-08-28
J01214,A0125,지원,2025-09-06
J01215,A0125,지원,2025-09-14
J01216,A0125,지원,2025-09-25
J01216,A0125,서류 통과,2025-10-03
J01217,A0125,지원,2025-09-30
J01217,A0125,서류 통과,2025-10-07
J01218,A0125,지원,2025-10-10
J01219,A0126,지원,2025-11-30
J01220,A0126,지원,2025-12-16
J01220,A0126,서류 통과,2025-12-27
J01221,A0126,지원,2025-12-30
J01222,A0127,지원,2025-07-22
J01223,A0127,지원,2025-08-03
J01224,A0127,지원,2025-08-09
J01225,A0127,지원,2025-08-19
J01226,A0127,지원,2025-08-27
J01226,A0127,서류 통과,2025-09-16
J01227,A0127,지원,2025-09-07
J01228,A0127,지원,2025-09-19
J01229,A0127,지원,2025-10-02
J01230,A0127,지원,2025-10-12
J01231,A0127,지원,2025-10-22
J01232,A0127,지원,2025-10-30
J01233,A0127,지원,2025-11-14
J01234,A0127,지원,2025-11-19
J01235,A0127,지원,2025-11-27
J01236,A0127,지원,2025-12-02
J01237,A0127,지원,2025-12-17
J01238,A0127,지원,2025-12-29
J01239,A0128,지원,2025-05-14
J01240,A0128,지원,2025-05-25
J01241,A0128,지원,2025-05-29
J01241,A0128,서류 통과,2025-06-11
J01241,A0128,면접 통과,2025-06-26
J01241,A0128,최종 합격,2025-07-10
J01242,A0128,지원,2025-06-04
J01242,A0128,서류 통과,2025-06-24
J01242,A0128,면접 통과,2025-07-12
J01243,A0128,지원,2025-06-18
J01243,A0128,서류 통과,2025-07-03
J01244,A0128,지원,2025-06-22
J01244,A0128,서류 통과,2025-07-08
J01244,A0128,과제·테스트 통과,2025-07-15
J01245,A0128,지원,2025-06-29
J01245,A0128,서류 통과,2025-07-17
J01246,A0129,지원,2025-08-04
J01246,A0129,서류 통과,2025-08-11
J01246,A0129,면접 통과,2025-08-20
J01247,A0129,지원,2025-08-20
J01247,A0129,서류 통과,2025-09-05
J01247,A0129,면접 통과,2025-09-20
J01247,A0129,최종 합격,2025-09-27
J01248,A0129,지원,2025-08-26
J01249,A0129,지원,2025-09-02
J01250,A0129,지원,2025-09-08
J01251,A0129,지원,2025-09-24
J01252,A0130,지원,2025-01-25
J01253,A0130,지원,2025-02-01
J01254,A0130,지원,2025-02-05
J01255,A0130,지원,2025-02-13
J01255,A0130,서류 통과,2025-03-01
J01256,A0130,지원,2025-02-20
J01257,A0130,지원,2025-02-24
J01258,A0130,지원,2025-03-12
J01259,A0130,지원,2025-03-19
J01259,A0130,서류 통과,2025-04-01
J01259,A0130,과제·테스트 통과,2025-04-06
J01259,A0130,면접 통과,2025-04-19
J01260,A0130,지원,2025-03-29
J01261,A0130,지원,2025-04-10
J01261,A0130,서류 통과,2025-04-21
J01262,A0130,지원,2025-04-14
J01263,A0130,지원,2025-04-26
J01264,A0130,지원,2025-05-09
J01265,A0130,지원,2025-05-19
J01266,A0131,지원,2025-04-15
J01267,A0131,지원,2025-04-21
J01268,A0131,지원,2025-05-01
J01269,A0131,지원,2025-05-16
J01270,A0131,지원,2025-05-22
J01271,A0131,지원,2025-05-31
J01272,A0131,지원,2025-06-15
J01273,A0131,지원,2025-06-22
J01274,A0131,지원,2025-06-30
J01275,A0131,지원,2025-07-13
J01276,A0131,지원,2025-07-17
J01277,A0131,지원,2025-07-21
J01277,A0131,서류 통과,2025-07-31
J01278,A0131,지원,2025-07-27
J01279,A0131,지원,2025-08-10
J01280,A0131,지원,2025-08-24
J01281,A0131,지원,2025-09-09
J01282,A0131,지원,2025-09-14
J01283,A0132,지원,2025-01-29
J01284,A0132,지원,2025-02-12
J01285,A0132,지원,2025-02-23
J01286,A0132,지원,2025-03-01
J01287,A0132,지원,2025-03-11
J01288,A0132,지원,2025-03-22
J01288,A0132,서류 통과,2025-04-12
J01288,A0132,과제·테스트 통과,2025-04-25
J01288,A0132,면접 통과,2025-05-16
J01288,A0132,최종 합격,2025-06-02
J01289,A0132,지원,2025-03-27
J01290,A0132,지원,2025-04-08
J01290,A0132,서류 통과,2025-04-22
J01291,A0132,지원,2025-04-22
J01291,A0132,서류 통과,2025-05-09
J01292,A0132,지원,2025-04-28
J01292,A0132,서류 통과,2025-05-06
J01293,A0132,지원,2025-05-09
J01294,A0132,지원,2025-05-24
J01295,A0132,지원,2025-05-31
J01295,A0132,서류 통과,2025-06-17
J01296,A0133,지원,2025-08-31
J01297,A0133,지원,2025-09-11
J01298,A0133,지원,2025-09-15
J01299,A0133,지원,2025-09-20
J01300,A0133,지원,2025-09-26
J01301,A0133,지원,2025-10-04
J01301,A0133,서류 통과,2025-10-13
J01301,A0133,면접 통과,2025-10-30
J01302,A0133,지원,2025-10-15
J01303,A0134,지원,2025-04-23
J01303,A0134,서류 통과,2025-05-12
J01303,A0134,과제·테스트 통과,2025-05-22
J01304,A0134,지원,2025-05-03
J01305,A0134,지원,2025-05-12
J01305,A0134,서류 통과,2025-05-29
J01305,A0134,과제·테스트 통과,2025-06-07
J01305,A0134,면접 통과,2025-06-30
J01306,A0134,지원,2025-05-20
J01307,A0134,지원,2025-05-27
J01308,A0134,지원,2025-06-09
J01309,A0134,지원,2025-06-14
J01310,A0134,지원,2025-06-22
J01311,A0134,지원,2025-06-30
J01312,A0134,지원,2025-07-09
J01313,A0134,지원,2025-07-24
J01314,A0134,지원,2025-08-03
J01315,A0134,지원,2025-08-10
J01316,A0134,지원,2025-08-25
J01317,A0134,지원,2025-09-10
J01318,A0134,지원,2025-09-16
J01319,A0134,지원,2025-09-27
J01320,A0135,지원,2025-10-28
J01321,A0135,지원,2025-11-02
J01322,A0135,지원,2025-11-12
J01322,A0135,서류 통과,2025-11-25
J01322,A0135,과제·테스트 통과,2025-12-07
J01323,A0135,지원,2025-11-28
J01324,A0135,지원,2025-12-02
J01325,A0135,지원,2025-12-09
J01326,A0135,지원,2025-12-18
J01327,A0135,지원,2025-12-26
J01328,A0136,지원,2025-07-22
J01329,A0136,지원,2025-08-01
J01330,A0136,지원,2025-08-17
J01331,A0136,지원,2025-09-01
J01332,A0136,지원,2025-09-16
J01332,A0136,서류 통과,2025-10-02
J01333,A0136,지원,2025-09-20
J01334,A0136,지원,2025-09-29
J01335,A0136,지원,2025-10-15
J01336,A0136,지원,2025-10-19
J01337,A0136,지원,2025-10-27
J01338,A0136,지원,2025-11-02
J01339,A0136,지원,2025-11-18
J01339,A0136,서류 통과,2025-12-09
J01339,A0136,과제·테스트 통과,2025-12-21
J01340,A0136,지원,2025-11-29
J01341,A0136,지원,2025-12-04
J01342,A0136,지원,2025-12-09
J01343,A0136,지원,2025-12-15
J01344,A0137,지원,2025-04-17
J01345,A0137,지원,2025-04-27
J01345,A0137,서류 통과,2025-05-10
J01346,A0137,지원,2025-05-13
J01347,A0137,지원,2025-05-20
J01347,A0137,서류 통과,2025-06-07
J01347,A0137,과제·테스트 통과,2025-06-17
J01347,A0137,면접 통과,2025-07-03
J01348,A0137,지원,2025-05-26
J01349,A0137,지원,2025-06-04
J01350,A0137,지원,2025-06-10
J01351,A0137,지원,2025-06-23
J01352,A0137,지원,2025-07-04
J01352,A0137,서류 통과,2025-07-13
J01353,A0137,지원,2025-07-18
J01354,A0137,지원,2025-07-25
J01355,A0137,지원,2025-08-01
J01356,A0137,지원,2025-08-09
J01357,A0137,지원,2025-08-19
J01358,A0137,지원,2025-09-03
J01359,A0137,지원,2025-09-10
J01360,A0137,지원,2025-09-16
J01361,A0137,지원,2025-09-22
J01362,A0137,지원,2025-10-06
J01363,A0137,지원,2025-10-21
J01364,A0137,지원,2025-11-06
J01364,A0137,서류 통과,2025-11-27
J01364,A0137,과제·테스트 통과,2025-12-09
J01364,A0137,면접 통과,2025-12-19
J01364,A0137,최종 합격,2025-12-30
J01365,A0137,지원,2025-11-11
J01366,A0137,지원,2025-11-23
J01367,A0137,지원,2025-11-27
J01368,A0137,지원,2025-12-03
J01369,A0137,지원,2025-12-13
J01370,A0137,지원,2025-12-26
J01371,A0138,지원,2025-03-06
J01372,A0138,지원,2025-03-17
J01372,A0138,서류 통과,2025-03-26
J01373,A0138,지원,2025-03-31
J01373,A0138,서류 통과,2025-04-08
J01374,A0138,지원,2025-04-09
J01375,A0138,지원,2025-04-15
J01376,A0138,지원,2025-04-20
J01377,A0138,지원,2025-04-24
J01378,A0138,지원,2025-05-02
J01379,A0138,지원,2025-05-07
J01380,A0139,지원,2025-01-04
J01381,A0139,지원,2025-01-19
J01382,A0139,지원,2025-02-04
J01382,A0139,서류 통과,2025-02-20
J01383,A0139,지원,2025-02-15
J01383,A0139,서류 통과,2025-03-06
J01383,A0139,면접 통과,2025-03-18
J01383,A0139,최종 합격,2025-04-04
J01384,A0139,지원,2025-02-28
J01385,A0139,지원,2025-03-14
J01386,A0139,지원,2025-03-30
J01387,A0140,지원,2025-07-08
J01388,A0140,지원,2025-07-12
J01389,A0140,지원,2025-07-28
J01390,A0140,지원,2025-08-07
J01391,A0140,지원,2025-08-21
J01392,A0140,지원,2025-08-25
J01393,A0140,지원,2025-09-02
J01394,A0140,지원,2025-09-12
J01395,A0140,지원,2025-09-21
J01395,A0140,서류 통과,2025-10-06
J01395,A0140,면접 통과,2025-10-26
J01396,A0140,지원,2025-09-29
J01396,A0140,서류 통과,2025-10-16
J01397,A0140,지원,2025-10-14
J01397,A0140,서류 통과,2025-11-03
J01397,A0140,과제·테스트 통과,2025-11-08
J01398,A0140,지원,2025-10-19
J01399,A0140,지원,2025-11-01
J01400,A0140,지원,2025-11-06
J01401,A0140,지원,2025-11-22
J01402,A0140,지원,2025-12-08
J01403,A0140,지원,2025-12-17
J01404,A0141,지원,2025-01-14
J01405,A0141,지원,2025-01-23
J01406,A0141,지원,2025-01-29
J01407,A0141,지원,2025-02-09
J01408,A0141,지원,2025-02-16
J01409,A0141,지원,2025-03-03
J01410,A0141,지원,2025-03-07
J01411,A0141,지원,2025-03-17
J01412,A0141,지원,2025-03-25
J01413,A0141,지원,2025-03-30
J01414,A0141,지원,2025-04-05
J01415,A0141,지원,2025-04-15
J01416,A0141,지원,2025-04-20
J01417,A0141,지원,2025-04-30
J01418,A0141,지원,2025-05-16
J01418,A0141,서류 통과,2025-05-27
J01419,A0142,지원,2025-08-13
J01420,A0142,지원,2025-08-27
J01421,A0142,지원,2025-09-10
J01422,A0142,지원,2025-09-26
J01423,A0142,지원,2025-10-08
J01424,A0142,지원,2025-10-23
J01425,A0143,지원,2025-06-16
J01426,A0143,지원,2025-06-25
J01427,A0143,지원,2025-07-04
J01428,A0143,지원,2025-07-20
J01429,A0143,지원,2025-08-02
J01430,A0143,지원,2025-08-10
J01431,A0143,지원,2025-08-21
J01432,A0143,지원,2025-09-01
J01433,A0143,지원,2025-09-07
J01434,A0143,지원,2025-09-15
J01435,A0143,지원,2025-09-25
J01436,A0143,지원,2025-10-07
J01437,A0143,지원,2025-10-18
J01438,A0143,지원,2025-10-22
J01439,A0143,지원,2025-10-29
J01439,A0143,서류 통과,2025-11-16
J01439,A0143,면접 통과,2025-12-01
J01439,A0143,최종 합격,2025-12-18
J01440,A0143,지원,2025-11-05
J01441,A0143,지원,2025-11-16
J01442,A0143,지원,2025-11-27
J01443,A0143,지원,2025-12-07
J01443,A0143,서류 통과,2025-12-23
J01444,A0143,지원,2025-12-12
J01445,A0144,지원,2025-09-18
J01446,A0144,지원,2025-10-03
J01447,A0144,지원,2025-10-11
J01448,A0144,지원,2025-10-21
J01449,A0144,지원,2025-10-25
J01450,A0144,지원,2025-10-29
J01451,A0144,지원,2025-11-06
J01452,A0144,지원,2025-11-12
J01453,A0145,지원,2025-10-03
J01454,A0145,지원,2025-10-10
J01455,A0145,지원,2025-10-20
J01456,A0145,지원,2025-11-02
J01457,A0145,지원,2025-11-14
J01458,A0145,지원,2025-11-23
J01459,A0145,지원,2025-12-05
J01460,A0145,지원,2025-12-20
J01461,A0145,지원,2025-12-29
J01462,A0146,지원,2025-08-06
J01463,A0146,지원,2025-08-12
J01463,A0146,서류 통과,2025-08-23
J01464,A0146,지원,2025-08-16
J01465,A0146,지원,2025-09-01
J01466,A0146,지원,2025-09-05
J01466,A0146,서류 통과,2025-09-21
J01466,A0146,과제·테스트 통과,2025-10-01
J01466,A0146,면접 통과,2025-10-14
J01467,A0146,지원,2025-09-10
J01468,A0146,지원,2025-09-17
J01469,A0146,지원,2025-09-23
J01470,A0146,지원,2025-10-06
J01470,A0146,서류 통과,2025-10-17
J01470,A0146,과제·테스트 통과,2025-10-26
J01470,A0146,면접 통과,2025-11-17
J01470,A0146,최종 합격,2025-12-07
J01471,A0146,지원,2025-10-18
J01472,A0146,지원,2025-10-28
J01472,A0146,서류 통과,2025-11-09
J01473,A0146,지원,2025-11-02
J01474,A0146,지원,2025-11-17
J01475,A0146,지원,2025-11-27
J01475,A0146,서류 통과,2025-12-04
J01476,A0146,지원,2025-12-07
J01477,A0147,지원,2025-07-17
J01478,A0147,지원,2025-07-23
J01479,A0147,지원,2025-07-30
J01480,A0147,지원,2025-08-04
J01480,A0147,서류 통과,2025-08-21
J01481,A0147,지원,2025-08-16
J01482,A0147,지원,2025-08-25
J01483,A0147,지원,2025-09-03
J01484,A0147,지원,2025-09-19
J01485,A0147,지원,2025-10-02
J01486,A0147,지원,2025-10-11
J01487,A0147,지원,2025-10-27
J01488,A0147,지원,2025-11-04
J01489,A0147,지원,2025-11-11
J01490,A0147,지원,2025-11-20
J01491,A0147,지원,2025-11-24
J01492,A0147,지원,2025-12-07
J01493,A0147,지원,2025-12-12
J01494,A0147,지원,2025-12-17
J01495,A0147,지원,2025-12-29
J01496,A0148,지원,2025-06-28
J01497,A0148,지원,2025-07-09
J01498,A0148,지원,2025-07-22
J01498,A0148,서류 통과,2025-08-03
J01498,A0148,면접 통과,2025-08-14
J01499,A0148,지원,2025-07-31
J01500,A0148,지원,2025-08-08
J01501,A0148,지원,2025-08-23
J01502,A0148,지원,2025-09-01
J01503,A0148,지원,2025-09-14
J01504,A0148,지원,2025-09-21
J01505,A0148,지원,2025-09-26
J01506,A0148,지원,2025-10-06
J01507,A0148,지원,2025-10-18
J01508,A0148,지원,2025-10-27
J01508,A0148,서류 통과,2025-11-13
J01509,A0148,지원,2025-11-05
J01510,A0149,지원,2025-03-27
J01511,A0149,지원,2025-04-07
J01512,A0149,지원,2025-04-18
J01513,A0149,지원,2025-04-25
J01514,A0149,지원,2025-05-06
J01515,A0149,지원,2025-05-18
J01516,A0149,지원,2025-06-02
J01517,A0149,지원,2025-06-14
J01518,A0149,지원,2025-06-28
J01519,A0149,지원,2025-07-02
J01520,A0150,지원,2025-11-30
J01521,A0150,지원,2025-12-05
J01522,A0150,지원,2025-12-10
J01523,A0150,지원,2025-12-26
J01524,A0151,지원,2025-06-04
J01525,A0151,지원,2025-06-09
J01526,A0151,지원,2025-06-21
J01527,A0151,지원,2025-07-06
J01528,A0151,지원,2025-07-19
J01529,A0151,지원,2025-07-28
J01530,A0151,지원,2025-08-02
J01530,A0151,서류 통과,2025-08-21
J01530,A0151,면접 통과,2025-09-04
J01531,A0151,지원,2025-08-12
J01532,A0151,지원,2025-08-19
J01533,A0151,지원,2025-09-03
J01534,A0151,지원,2025-09-15
J01534,A0151,서류 통과,2025-10-01
J01534,A0151,면접 통과,2025-10-16
J01535,A0151,지원,2025-10-01
J01536,A0152,지원,2025-03-29
J01537,A0152,지원,2025-04-08
J01538,A0152,지원,2025-04-22
J01539,A0153,지원,2025-08-13
J01539,A0153,서류 통과,2025-08-24
J01539,A0153,과제·테스트 통과,2025-09-03
J01540,A0153,지원,2025-08-26
J01541,A0153,지원,2025-09-07
J01541,A0153,서류 통과,2025-09-21
J01542,A0153,지원,2025-09-13
J01542,A0153,서류 통과,2025-09-29
J01542,A0153,면접 통과,2025-10-10
J01542,A0153,최종 합격,2025-10-30
J01543,A0153,지원,2025-09-29
J01544,A0153,지원,2025-10-06
J01544,A0153,서류 통과,2025-10-16
J01545,A0153,지원,2025-10-22
J01545,A0153,서류 통과,2025-10-30
J01545,A0153,면접 통과,2025-11-10
J01546,A0153,지원,2025-10-30
J01547,A0154,지원,2025-06-23
J01547,A0154,서류 통과,2025-07-10
J01547,A0154,과제·테스트 통과,2025-07-19
J01548,A0154,지원,2025-07-02
J01548,A0154,서류 통과,2025-07-22
J01548,A0154,과제·테스트 통과,2025-08-04
J01548,A0154,면접 통과,2025-08-15
J01549,A0154,지원,2025-07-18
J01550,A0155,지원,2025-05-20
J01551,A0155,지원,2025-05-25
J01552,A0155,지원,2025-06-07
J01553,A0155,지원,2025-06-17
J01554,A0155,지원,2025-06-24
J01555,A0155,지원,2025-07-05
J01556,A0155,지원,2025-07-14
J01557,A0155,지원,2025-07-27
J01558,A0155,지원,2025-08-03
J01558,A0155,서류 통과,2025-08-12
J01559,A0155,지원,2025-08-13
J01560,A0155,지원,2025-08-23
J01561,A0156,지원,2025-05-16
J01562,A0156,지원,2025-05-21
J01563,A0156,지원,2025-05-27
J01564,A0156,지원,2025-06-01
J01564,A0156,서류 통과,2025-06-16
J01565,A0156,지원,2025-06-09
J01566,A0156,지원,2025-06-25
J01566,A0156,서류 통과,2025-07-16
J01566,A0156,과제·테스트 통과,2025-07-23
J01566,A0156,면접 통과,2025-08-10
J01567,A0156,지원,2025-07-01
J01567,A0156,서류 통과,2025-07-21
J01567,A0156,과제·테스트 통과,2025-07-27
J01568,A0156,지원,2025-07-08
J01569,A0156,지원,2025-07-19
J01570,A0156,지원,2025-08-03
J01571,A0156,지원,2025-08-09
J01571,A0156,서류 통과,2025-08-29
J01572,A0156,지원,2025-08-20
J01573,A0156,지원,2025-08-28
J01574,A0156,지원,2025-09-03
J01574,A0156,서류 통과,2025-09-22
J01574,A0156,면접 통과,2025-10-06
J01575,A0157,지원,2025-09-21
J01576,A0157,지원,2025-09-29
J01576,A0157,서류 통과,2025-10-12
J01577,A0157,지원,2025-10-09
J01578,A0157,지원,2025-10-22
J01579,A0157,지원,2025-11-05
J01580,A0157,지원,2025-11-10
J01581,A0157,지원,2025-11-15
J01582,A0158,지원,2025-04-28
J01583,A0158,지원,2025-05-14
J01584,A0158,지원,2025-05-22
J01585,A0158,지원,2025-05-27
J01586,A0158,지원,2025-06-08
J01586,A0158,서류 통과,2025-06-21
J01586,A0158,면접 통과,2025-07-09
J01587,A0158,지원,2025-06-18
J01588,A0158,지원,2025-06-30
J01589,A0158,지원,2025-07-08
J01590,A0158,지원,2025-07-23
J01591,A0158,지원,2025-08-03
J01592,A0158,지원,2025-08-09
J01593,A0158,지원,2025-08-15
J01594,A0158,지원,2025-08-31
J01595,A0159,지원,2025-05-22
J01595,A0159,서류 통과,2025-06-05
J01595,A0159,면접 통과,2025-06-23
J01595,A0159,최종 합격,2025-07-10
J01596,A0159,지원,2025-05-31
J01597,A0159,지원,2025-06-09
J01598,A0159,지원,2025-06-24
J01599,A0159,지원,2025-07-09
J01600,A0160,지원,2025-08-01
J01601,A0160,지원,2025-08-17
J01602,A0160,지원,2025-08-24
J01603,A0160,지원,2025-08-28
J01604,A0160,지원,2025-09-13
J01605,A0161,지원,2025-01-07
J01606,A0161,지원,2025-01-12
J01607,A0161,지원,2025-01-26
J01608,A0161,지원,2025-02-04
J01608,A0161,서류 통과,2025-02-17
J01608,A0161,과제·테스트 통과,2025-02-25
J01608,A0161,면접 통과,2025-03-16
J01609,A0161,지원,2025-02-20
J01610,A0161,지원,2025-03-08
J01610,A0161,서류 통과,2025-03-15
J01611,A0161,지원,2025-03-24
J01612,A0161,지원,2025-03-29
J01613,A0161,지원,2025-04-06
J01614,A0161,지원,2025-04-12
J01614,A0161,서류 통과,2025-04-24
J01614,A0161,면접 통과,2025-05-10
J01615,A0161,지원,2025-04-28
J01616,A0161,지원,2025-05-12
J01617,A0161,지원,2025-05-22
J01618,A0161,지원,2025-05-29
J01619,A0161,지원,2025-06-07
J01619,A0161,서류 통과,2025-06-19
J01619,A0161,과제·테스트 통과,2025-06-24
J01619,A0161,면접 통과,2025-07-13
J01620,A0161,지원,2025-06-21
J01621,A0161,지원,2025-06-27
J01622,A0161,지원,2025-07-13
J01623,A0161,지원,2025-07-19
J01624,A0161,지원,2025-07-29
J01625,A0161,지원,2025-08-09
J01626,A0162,지원,2025-03-26
J01627,A0162,지원,2025-04-06
J01627,A0162,서류 통과,2025-04-14
J01627,A0162,면접 통과,2025-04-23
J01628,A0162,지원,2025-04-12
J01629,A0162,지원,2025-04-16
J01629,A0162,서류 통과,2025-05-04
J01629,A0162,면접 통과,2025-05-25
J01630,A0162,지원,2025-04-24
J01631,A0162,지원,2025-04-30
J01632,A0162,지원,2025-05-05
J01633,A0162,지원,2025-05-09
J01634,A0162,지원,2025-05-17
J01634,A0162,서류 통과,2025-05-28
J01634,A0162,면접 통과,2025-06-14
J01634,A0162,최종 합격,2025-06-19
J01635,A0162,지원,2025-05-22
J01636,A0162,지원,2025-06-01
J01637,A0162,지원,2025-06-12
J01638,A0163,지원,2025-09-24
J01638,A0163,서류 통과,2025-10-14
J01638,A0163,면접 통과,2025-11-06
J01639,A0163,지원,2025-09-28
J01639,A0163,서류 통과,2025-10-18
J01640,A0163,지원,2025-10-09
J01641,A0163,지원,2025-10-14
J01642,A0163,지원,2025-10-23
J01643,A0163,지원,2025-11-07
J01643,A0163,서류 통과,2025-11-17
J01643,A0163,과제·테스트 통과,2025-11-30
J01643,A0163,면접 통과,2025-12-22
J01644,A0163,지원,2025-11-17
J01644,A0163,서류 통과,2025-11-30
J01645,A0163,지원,2025-11-23
J01646,A0163,지원,2025-12-08
J01647,A0163,지원,2025-12-13
J01648,A0163,지원,2025-12-29
J01649,A0164,지원,2025-07-26
J01650,A0164,지원,2025-08-06
J01650,A0164,서류 통과,2025-08-17
J01650,A0164,과제·테스트 통과,2025-08-30
J01651,A0164,지원,2025-08-13
J01652,A0164,지원,2025-08-22
J01653,A0164,지원,2025-08-27
J01654,A0164,지원,2025-09-04
J01655,A0164,지원,2025-09-08
J01656,A0164,지원,2025-09-20
J01657,A0165,지원,2025-06-28
J01658,A0165,지원,2025-07-11
J01659,A0165,지원,2025-07-16
J01660,A0165,지원,2025-07-23
J01661,A0165,지원,2025-08-02
J01662,A0165,지원,2025-08-11
J01663,A0165,지원,2025-08-21
J01664,A0165,지원,2025-08-30
J01665,A0165,지원,2025-09-15
J01665,A0165,서류 통과,2025-09-27
J01665,A0165,과제·테스트 통과,2025-10-11
J01665,A0165,면접 통과,2025-10-24
J01665,A0165,최종 합격,2025-11-09
J01666,A0165,지원,2025-09-27
J01667,A0165,지원,2025-10-01
J01668,A0165,지원,2025-10-16
J01669,A0165,지원,2025-10-26
J01669,A0165,서류 통과,2025-11-10
J01670,A0166,지원,2025-10-10
J01671,A0166,지원,2025-10-25
J01671,A0166,서류 통과,2025-11-12
J01671,A0166,과제·테스트 통과,2025-11-17
J01672,A0166,지원,2025-11-05
J01673,A0166,지원,2025-11-15
J01673,A0166,서류 통과,2025-11-22
J01674,A0166,지원,2025-11-30
J01674,A0166,서류 통과,2025-12-09
J01674,A0166,면접 통과,2025-12-29
J01675,A0167,지원,2025-05-23
J01676,A0167,지원,2025-05-31
J01677,A0167,지원,2025-06-12
J01678,A0167,지원,2025-06-19
J01679,A0167,지원,2025-06-28
J01680,A0167,지원,2025-07-14
J01680,A0167,서류 통과,2025-07-29
J01681,A0167,지원,2025-07-22
J01682,A0167,지원,2025-07-27
J01683,A0167,지원,2025-08-10
J01684,A0167,지원,2025-08-18
J01685,A0167,지원,2025-08-29
J01686,A0167,지원,2025-09-03
J01686,A0167,서류 통과,2025-09-16
J01686,A0167,면접 통과,2025-10-04
J01686,A0167,최종 합격,2025-10-23
J01687,A0167,지원,2025-09-18
J01688,A0167,지원,2025-09-22
J01689,A0167,지원,2025-10-08
J01690,A0167,지원,2025-10-18
J01691,A0168,지원,2025-09-16
J01692,A0168,지원,2025-10-02
J01692,A0168,서류 통과,2025-10-19
J01692,A0168,과제·테스트 통과,2025-10-25
J01693,A0168,지원,2025-10-06
J01693,A0168,서류 통과,2025-10-20
J01693,A0168,과제·테스트 통과,2025-11-02
J01693,A0168,면접 통과,2025-11-14
J01693,A0168,최종 합격,2025-11-23
J01694,A0168,지원,2025-10-10
J01695,A0168,지원,2025-10-14
J01696,A0168,지원,2025-10-24
J01697,A0168,지원,2025-11-07
J01698,A0168,지원,2025-11-11
J01699,A0169,지원,2025-08-20
J01700,A0169,지원,2025-08-30
J01701,A0169,지원,2025-09-10
J01702,A0169,지원,2025-09-25
J01703,A0169,지원,2025-09-30
J01704,A0169,지원,2025-10-08
J01705,A0169,지원,2025-10-16
J01706,A0170,지원,2025-09-09
J01707,A0170,지원,2025-09-14
J01708,A0170,지원,2025-09-24
J01709,A0170,지원,2025-10-06
J01710,A0170,지원,2025-10-21
J01711,A0170,지원,2025-11-01
J01712,A0170,지원,2025-11-11
J01713,A0170,지원,2025-11-22
J01714,A0170,지원,2025-12-07
J01715,A0170,지원,2025-12-20
J01716,A0171,지원,2025-05-20
J01717,A0171,지원,2025-06-02
J01718,A0171,지원,2025-06-12
J01719,A0171,지원,2025-06-18
J01719,A0171,서류 통과,2025-06-27
J01719,A0171,과제·테스트 통과,2025-07-04
J01720,A0171,지원,2025-06-30
J01720,A0171,서류 통과,2025-07-15
J01720,A0171,과제·테스트 통과,2025-07-23
J01721,A0171,지원,2025-07-12
J01722,A0171,지원,2025-07-23
J01722,A0171,서류 통과,2025-07-30
J01723,A0171,지원,2025-07-30
J01723,A0171,서류 통과,2025-08-08
J01723,A0171,면접 통과,2025-08-25
J01724,A0171,지원,2025-08-09
J01725,A0172,지원,2025-01-19
J01726,A0172,지원,2025-01-29
J01726,A0172,서류 통과,2025-02-13
J01726,A0172,과제·테스트 통과,2025-02-25
J01727,A0172,지원,2025-02-12
J01728,A0172,지원,2025-02-17
J01728,A0172,서류 통과,2025-02-26
J01728,A0172,면접 통과,2025-03-19
J01729,A0172,지원,2025-03-01
J01730,A0172,지원,2025-03-05
J01731,A0172,지원,2025-03-11
J01732,A0172,지원,2025-03-20
J01733,A0172,지원,2025-03-24
J01734,A0172,지원,2025-04-07
J01735,A0172,지원,2025-04-22
J01735,A0172,서류 통과,2025-05-01
J01735,A0172,면접 통과,2025-05-12
J01735,A0172,최종 합격,2025-05-26
J01736,A0172,지원,2025-04-30
J01737,A0172,지원,2025-05-13
J01737,A0172,서류 통과,2025-06-01
J01738,A0172,지원,2025-05-19
J01739,A0173,지원,2025-07-21
J01740,A0173,지원,2025-08-03
J01741,A0173,지원,2025-08-15
J01742,A0173,지원,2025-08-19
J01743,A0173,지원,2025-09-04
J01743,A0173,서류 통과,2025-09-24
J01744,A0173,지원,2025-09-11
J01745,A0173,지원,2025-09-19
J01746,A0173,지원,2025-09-23
J01747,A0173,지원,2025-10-02
J01748,A0173,지원,2025-10-14
J01749,A0173,지원,2025-10-30
J01750,A0173,지원,2025-11-08
J01751,A0173,지원,2025-11-12
J01752,A0173,지원,2025-11-20
J01753,A0173,지원,2025-11-24
J01754,A0173,지원,2025-12-02
J01755,A0174,지원,2025-05-07
J01756,A0174,지원,2025-05-21
J01757,A0174,지원,2025-06-02
J01757,A0174,서류 통과,2025-06-09
J01758,A0174,지원,2025-06-16
J01759,A0175,지원,2025-02-28
J01759,A0175,서류 통과,2025-03-21
J01760,A0175,지원,2025-03-05
J01760,A0175,서류 통과,2025-03-21
J01761,A0175,지원,2025-03-11
J01762,A0175,지원,2025-03-24
J01763,A0175,지원,2025-04-03
J01763,A0175,서류 통과,2025-04-24
J01764,A0175,지원,2025-04-17
J01765,A0175,지원,2025-04-29
J01766,A0175,지원,2025-05-15
J01767,A0175,지원,2025-05-20
J01768,A0175,지원,2025-06-01
J01769,A0175,지원,2025-06-17
J01770,A0175,지원,2025-06-29
J01771,A0176,지원,2025-06-05
J01772,A0176,지원,2025-06-19
J01772,A0176,서류 통과,2025-07-09
J01773,A0176,지원,2025-07-04
J01774,A0176,지원,2025-07-17
J01775,A0176,지원,2025-07-28
J01776,A0176,지원,2025-08-05
J01777,A0176,지원,2025-08-14
J01778,A0176,지원,2025-08-22
J01778,A0176,서류 통과,2025-09-04
J01779,A0176,지원,2025-08-31
J01780,A0176,지원,2025-09-05
J01781,A0176,지원,2025-09-18
J01782,A0177,지원,2025-06-09
J01783,A0177,지원,2025-06-17
J01784,A0177,지원,2025-06-28
J01785,A0177,지원,2025-07-07
J01786,A0177,지원,2025-07-22
J01786,A0177,서류 통과,2025-08-03
J01786,A0177,면접 통과,2025-08-14
J01786,A0177,최종 합격,2025-08-23
J01787,A0177,지원,2025-08-01
J01788,A0177,지원,2025-08-13
J01789,A0177,지원,2025-08-21
J01790,A0178,지원,2025-01-26
J01791,A0178,지원,2025-01-31
J01792,A0178,지원,2025-02-15
J01793,A0178,지원,2025-03-01
J01794,A0178,지원,2025-03-05
J01795,A0179,지원,2025-11-22
J01796,A0179,지원,2025-12-08
J01797,A0179,지원,2025-12-16
J01798,A0179,지원,2025-12-24
J01799,A0179,지원,2025-12-30
J01800,A0180,지원,2025-03-31
J01800,A0180,서류 통과,2025-04-12
J01801,A0180,지원,2025-04-06
J01802,A0180,지원,2025-04-21
J01803,A0180,지원,2025-04-29
J01803,A0180,서류 통과,2025-05-08
J01804,A0180,지원,2025-05-12
J01805,A0180,지원,2025-05-21
J01806,A0180,지원,2025-06-05
J01806,A0180,서류 통과,2025-06-15
J01806,A0180,과제·테스트 통과,2025-06-21
J01806,A0180,면접 통과,2025-07-05
J01806,A0180,최종 합격,2025-07-10
J01807,A0180,지원,2025-06-10
J01808,A0180,지원,2025-06-17
J01809,A0180,지원,2025-06-22
J01809,A0180,서류 통과,2025-07-07
J01809,A0180,과제·테스트 통과,2025-07-14
J01810,A0180,지원,2025-07-02
J01811,A0181,지원,2025-09-12
J01812,A0181,지원,2025-09-25
J01813,A0181,지원,2025-10-03
J01814,A0181,지원,2025-10-10
J01815,A0181,지원,2025-10-19
J01816,A0181,지원,2025-10-31
J01817,A0181,지원,2025-11-04
J01818,A0181,지원,2025-11-09
J01819,A0182,지원,2025-09-05
J01819,A0182,서류 통과,2025-09-18
J01819,A0182,면접 통과,2025-10-07
J01819,A0182,최종 합격,2025-10-15
J01820,A0182,지원,2025-09-14
J01821,A0182,지원,2025-09-27
J01822,A0182,지원,2025-10-08
J01823,A0183,지원,2025-06-14
J01823,A0183,서류 통과,2025-06-21
J01823,A0183,과제·테스트 통과,2025-07-03
J01823,A0183,면접 통과,2025-07-12
J01824,A0183,지원,2025-06-28
J01825,A0183,지원,2025-07-09
J01826,A0183,지원,2025-07-15
J01827,A0184,지원,2025-02-04
J01828,A0184,지원,2025-02-14
J01829,A0184,지원,2025-02-24
J01830,A0184,지원,2025-03-09
J01830,A0184,서류 통과,2025-03-27
J01830,A0184,면접 통과,2025-04-17
J01831,A0184,지원,2025-03-21
J01831,A0184,서류 통과,2025-04-05
J01831,A0184,과제·테스트 통과,2025-04-12
J01832,A0184,지원,2025-04-01
J01832,A0184,서류 통과,2025-04-17
J01832,A0184,과제·테스트 통과,2025-04-24
J01832,A0184,면접 통과,2025-05-03
J01832,A0184,최종 합격,2025-05-15
J01833,A0184,지원,2025-04-09
J01834,A0184,지원,2025-04-23
J01835,A0184,지원,2025-04-28
J01836,A0184,지원,2025-05-09
J01837,A0184,지원,2025-05-13
J01838,A0185,지원,2025-01-21
J01838,A0185,서류 통과,2025-02-07
J01838,A0185,면접 통과,2025-02-21
J01838,A0185,최종 합격,2025-03-11
J01839,A0185,지원,2025-01-26
J01840,A0185,지원,2025-02-03
J01841,A0185,지원,2025-02-16
J01842,A0185,지원,2025-02-27
J01843,A0185,지원,2025-03-08
J01844,A0186,지원,2025-09-08
J01845,A0186,지원,2025-09-12
J01846,A0186,지원,2025-09-21
J01847,A0186,지원,2025-09-27
J01847,A0186,서류 통과,2025-10-17
J01847,A0186,과제·테스트 통과,2025-10-27
J01847,A0186,면접 통과,2025-11-19
J01847,A0186,최종 합격,2025-11-24
J01848,A0186,지원,2025-10-01
J01848,A0186,서류 통과,2025-10-18
J01849,A0186,지원,2025-10-09
J01850,A0186,지원,2025-10-22
J01851,A0186,지원,2025-11-04
J01852,A0186,지원,2025-11-19
J01853,A0187,지원,2025-08-04
J01854,A0187,지원,2025-08-16
J01854,A0187,서류 통과,2025-09-01
J01855,A0187,지원,2025-08-31
J01856,A0187,지원,2025-09-07
J01857,A0187,지원,2025-09-13
J01857,A0187,서류 통과,2025-09-25
J01858,A0187,지원,2025-09-19
J01859,A0187,지원,2025-09-27
J01860,A0187,지원,2025-10-10
J01861,A0187,지원,2025-10-24
J01862,A0187,지원,2025-11-07
J01863,A0187,지원,2025-11-22
J01864,A0187,지원,2025-12-08
J01865,A0187,지원,2025-12-17
J01866,A0188,지원,2025-11-24
J01867,A0188,지원,2025-12-03
J01867,A0188,서류 통과,2025-12-23
J01868,A0188,지원,2025-12-15
J01869,A0188,지원,2025-12-28
J01870,A0189,지원,2025-06-26
J01871,A0189,지원,2025-07-01
J01871,A0189,서류 통과,2025-07-09
J01871,A0189,면접 통과,2025-07-23
J01872,A0189,지원,2025-07-07
J01872,A0189,서류 통과,2025-07-22
J01872,A0189,과제·테스트 통과,2025-07-31
J01872,A0189,면접 통과,2025-08-23
J01873,A0189,지원,2025-07-18
J01873,A0189,서류 통과,2025-08-04
J01874,A0189,지원,2025-07-29
J01875,A0189,지원,2025-08-09
J01875,A0189,서류 통과,2025-08-26
J01876,A0189,지원,2025-08-17
J01877,A0189,지원,2025-08-28
J01878,A0189,지원,2025-09-06
J01878,A0189,서류 통과,2025-09-22
J01879,A0189,지원,2025-09-14
J01880,A0189,지원,2025-09-30
J01881,A0190,지원,2025-05-04
J01882,A0190,지원,2025-05-16
J01883,A0190,지원,2025-05-27
J01884,A0190,지원,2025-06-10
J01885,A0191,지원,2025-01-16
J01886,A0191,지원,2025-01-25
J01887,A0191,지원,2025-01-31
J01888,A0191,지원,2025-02-07
J01889,A0192,지원,2025-03-26
J01890,A0192,지원,2025-04-11
J01890,A0192,서류 통과,2025-04-24
J01890,A0192,면접 통과,2025-05-16
J01890,A0192,최종 합격,2025-05-24
J01891,A0192,지원,2025-04-24
J01892,A0192,지원,2025-05-03
J01893,A0192,지원,2025-05-18
J01893,A0192,서류 통과,2025-06-07
J01893,A0192,면접 통과,2025-06-27
J01894,A0193,지원,2025-08-02
J01895,A0193,지원,2025-08-16
J01896,A0193,지원,2025-08-30
J01896,A0193,서류 통과,2025-09-18
J01896,A0193,면접 통과,2025-09-29
J01897,A0193,지원,2025-09-04
J01898,A0193,지원,2025-09-13
J01899,A0193,지원,2025-09-28
J01899,A0193,서류 통과,2025-10-19
J01899,A0193,면접 통과,2025-10-28
J01900,A0193,지원,2025-10-14
J01901,A0193,지원,2025-10-25
J01902,A0193,지원,2025-11-04
J01903,A0193,지원,2025-11-08
J01904,A0193,지원,2025-11-15
J01905,A0193,지원,2025-11-27
J01905,A0193,서류 통과,2025-12-04
J01905,A0193,면접 통과,2025-12-21
J01906,A0193,지원,2025-12-01
J01907,A0193,지원,2025-12-13
J01908,A0193,지원,2025-12-29
J01909,A0194,지원,2025-02-21
J01910,A0194,지원,2025-03-03
J01910,A0194,서류 통과,2025-03-24
J01910,A0194,면접 통과,2025-04-06
J01911,A0194,지원,2025-03-11
J01912,A0194,지원,2025-03-24
J01912,A0194,서류 통과,2025-04-04
J01912,A0194,과제·테스트 통과,2025-04-14
J01912,A0194,면접 통과,2025-05-07
J01912,A0194,최종 합격,2025-05-16
J01913,A0194,지원,2025-03-30
J01914,A0194,지원,2025-04-12
J01915,A0194,지원,2025-04-17
J01916,A0194,지원,2025-04-26
J01917,A0194,지원,2025-05-05
J01918,A0194,지원,2025-05-12
J01919,A0195,지원,2025-05-31
J01920,A0195,지원,2025-06-12
J01920,A0195,서류 통과,2025-06-28
J01920,A0195,면접 통과,2025-07-18
J01921,A0195,지원,2025-06-16
J01922,A0195,지원,2025-06-28
J01922,A0195,서류 통과,2025-07-16
J01923,A0195,지원,2025-07-05
J01924,A0195,지원,2025-07-17
J01925,A0195,지원,2025-07-30
J01926,A0195,지원,2025-08-07
J01926,A0195,서류 통과,2025-08-23
J01926,A0195,과제·테스트 통과,2025-08-29
J01927,A0195,지원,2025-08-18
J01928,A0195,지원,2025-08-30
J01929,A0195,지원,2025-09-08
J01929,A0195,서류 통과,2025-09-19
J01929,A0195,과제·테스트 통과,2025-09-28
J01930,A0195,지원,2025-09-19
J01930,A0195,서류 통과,2025-10-09
J01930,A0195,과제·테스트 통과,2025-10-20
J01930,A0195,면접 통과,2025-11-04
J01931,A0195,지원,2025-09-26
J01932,A0195,지원,2025-10-10
J01933,A0195,지원,2025-10-24
J01933,A0195,서류 통과,2025-11-10
J01933,A0195,면접 통과,2025-12-03
J01934,A0196,지원,2025-03-09
J01935,A0196,지원,2025-03-24
J01936,A0196,지원,2025-03-30
J01937,A0196,지원,2025-04-03
J01938,A0196,지원,2025-04-08
J01938,A0196,서류 통과,2025-04-28
J01939,A0196,지원,2025-04-17
J01940,A0196,지원,2025-04-26
J01941,A0196,지원,2025-05-09
J01942,A0197,지원,2025-02-14
J01943,A0197,지원,2025-02-21
J01944,A0197,지원,2025-02-28
J01945,A0198,지원,2025-06-22
J01946,A0198,지원,2025-07-05
J01947,A0198,지원,2025-07-10
J01948,A0198,지원,2025-07-24
J01949,A0198,지원,2025-07-30
J01950,A0198,지원,2025-08-12
J01951,A0198,지원,2025-08-18
J01952,A0198,지원,2025-08-28
J01952,A0198,서류 통과,2025-09-12
J01952,A0198,면접 통과,2025-09-21
J01953,A0198,지원,2025-09-08
J01954,A0198,지원,2025-09-20
J01955,A0198,지원,2025-09-29
J01956,A0198,지원,2025-10-03
J01957,A0198,지원,2025-10-09
J01958,A0198,지원,2025-10-24
J01959,A0199,지원,2025-10-03
J01960,A0199,지원,2025-10-07
J01961,A0199,지원,2025-10-16
J01962,A0199,지원,2025-11-01
J01962,A0199,서류 통과,2025-11-22
J01962,A0199,과제·테스트 통과,2025-12-01
J01962,A0199,면접 통과,2025-12-12
J01963,A0200,지원,2025-03-06
J01964,A0200,지원,2025-03-14
J01965,A0200,지원,2025-03-21
J01966,A0200,지원,2025-04-06
J01966,A0200,서류 통과,2025-04-21
J01967,A0200,지원,2025-04-14
J01968,A0201,지원,2025-04-03
J01969,A0201,지원,2025-04-10
J01970,A0201,지원,2025-04-26
J01971,A0201,지원,2025-05-09
J01972,A0201,지원,2025-05-18
J01972,A0201,서류 통과,2025-06-03
J01972,A0201,면접 통과,2025-06-14
J01973,A0201,지원,2025-05-24
J01973,A0201,서류 통과,2025-06-05
J01974,A0201,지원,2025-06-08
J01975,A0201,지원,2025-06-23
J01976,A0202,지원,2025-08-20
J01977,A0202,지원,2025-08-25
J01978,A0202,지원,2025-08-30
J01979,A0202,지원,2025-09-07
J01980,A0202,지원,2025-09-21
J01980,A0202,서류 통과,2025-10-12
J01981,A0202,지원,2025-10-04
J01982,A0203,지원,2025-11-29
J01983,A0203,지원,2025-12-13
J01983,A0203,서류 통과,2025-12-23
J01984,A0203,지원,2025-12-19
J01985,A0203,지원,2025-12-28
J01986,A0204,지원,2025-08-19
J01987,A0204,지원,2025-09-01
J01988,A0204,지원,2025-09-12
J01988,A0204,서류 통과,2025-09-30
J01989,A0204,지원,2025-09-20
J01990,A0204,지원,2025-09-27
J01991,A0204,지원,2025-10-08
J01992,A0204,지원,2025-10-19
J01993,A0204,지원,2025-11-03
J01994,A0204,지원,2025-11-19
J01995,A0204,지원,2025-11-25
J01996,A0204,지원,2025-12-07
J01997,A0204,지원,2025-12-17
J01998,A0204,지원,2025-12-27
J01999,A0205,지원,2025-03-02
J02000,A0205,지원,2025-03-09
J02001,A0205,지원,2025-03-24
J02001,A0205,서류 통과,2025-04-03
J02001,A0205,면접 통과,2025-04-23
J02002,A0205,지원,2025-03-31
J02003,A0205,지원,2025-04-04
J02004,A0205,지원,2025-04-11
J02005,A0206,지원,2025-02-19
J02006,A0206,지원,2025-03-05
J02007,A0206,지원,2025-03-16
J02008,A0206,지원,2025-03-31
J02009,A0206,지원,2025-04-16
J02010,A0206,지원,2025-04-23
J02010,A0206,서류 통과,2025-05-06
J02010,A0206,과제·테스트 통과,2025-05-18
J02011,A0207,지원,2025-05-01
J02012,A0207,지원,2025-05-05
J02013,A0207,지원,2025-05-16
J02014,A0207,지원,2025-05-28
J02015,A0207,지원,2025-06-05
J02016,A0207,지원,2025-06-21
J02017,A0207,지원,2025-06-27
J02018,A0207,지원,2025-07-07
J02018,A0207,서류 통과,2025-07-22
J02018,A0207,면접 통과,2025-08-10
J02018,A0207,최종 합격,2025-08-29
J02019,A0207,지원,2025-07-22
J02020,A0207,지원,2025-07-28
J02020,A0207,서류 통과,2025-08-18
J02020,A0207,면접 통과,2025-09-08
J02021,A0207,지원,2025-08-06
J02022,A0207,지원,2025-08-21
J02022,A0207,서류 통과,2025-09-03
J02023,A0207,지원,2025-08-26
J02023,A0207,서류 통과,2025-09-09
J02024,A0208,지원,2025-11-04
J02024,A0208,서류 통과,2025-11-21
J02025,A0208,지원,2025-11-20
J02026,A0208,지원,2025-11-30
J02027,A0209,지원,2025-07-05
J02027,A0209,서류 통과,2025-07-17
J02028,A0209,지원,2025-07-21
J02029,A0209,지원,2025-08-06
J02029,A0209,서류 통과,2025-08-27
J02029,A0209,과제·테스트 통과,2025-09-07
J02029,A0209,면접 통과,2025-09-27
J02030,A0209,지원,2025-08-18
J02031,A0209,지원,2025-09-01
J02032,A0209,지원,2025-09-06
J02032,A0209,서류 통과,2025-09-14
J02032,A0209,과제·테스트 통과,2025-09-27
J02033,A0209,지원,2025-09-21
J02034,A0209,지원,2025-10-03
J02034,A0209,서류 통과,2025-10-12
J02035,A0209,지원,2025-10-19
J02036,A0209,지원,2025-10-24
J02037,A0210,지원,2025-07-27
J02038,A0210,지원,2025-08-05
J02039,A0210,지원,2025-08-13
J02040,A0210,지원,2025-08-19
J02041,A0210,지원,2025-08-29
J02042,A0210,지원,2025-09-14
J02043,A0210,지원,2025-09-30
J02044,A0210,지원,2025-10-11
J02045,A0210,지원,2025-10-24
J02046,A0210,지원,2025-11-08
J02046,A0210,서류 통과,2025-11-22
J02046,A0210,과제·테스트 통과,2025-12-06
J02047,A0210,지원,2025-11-13
J02048,A0210,지원,2025-11-23
J02049,A0210,지원,2025-12-05
J02050,A0211,지원,2025-07-08
J02051,A0211,지원,2025-07-14
J02052,A0211,지원,2025-07-22
J02053,A0211,지원,2025-08-03
J02053,A0211,서류 통과,2025-08-20
J02053,A0211,면접 통과,2025-09-06
J02053,A0211,최종 합격,2025-09-22
J02054,A0211,지원,2025-08-11
J02055,A0211,지원,2025-08-24
J02056,A0211,지원,2025-09-02
J02057,A0211,지원,2025-09-11
J02058,A0211,지원,2025-09-18
J02059,A0211,지원,2025-09-22
J02060,A0212,지원,2025-09-08
J02061,A0212,지원,2025-09-13
J02062,A0212,지원,2025-09-20
J02062,A0212,서류 통과,2025-10-06
J02062,A0212,과제·테스트 통과,2025-10-11
J02063,A0212,지원,2025-09-24
J02063,A0212,서류 통과,2025-10-09
J02064,A0212,지원,2025-10-06
J02065,A0212,지원,2025-10-15
J02066,A0212,지원,2025-10-20
J02067,A0212,지원,2025-10-27
J02068,A0212,지원,2025-11-08
J02068,A0212,서류 통과,2025-11-28
J02069,A0212,지원,2025-11-21
J02070,A0212,지원,2025-11-28
J02071,A0212,지원,2025-12-10
J02071,A0212,서류 통과,2025-12-31
J02072,A0212,지원,2025-12-21
J02073,A0213,지원,2025-09-07
J02073,A0213,서류 통과,2025-09-16
J02073,A0213,과제·테스트 통과,2025-09-28
J02074,A0213,지원,2025-09-18
J02075,A0213,지원,2025-09-22
J02076,A0213,지원,2025-10-01
J02077,A0213,지원,2025-10-06
J02078,A0213,지원,2025-10-22
J02078,A0213,서류 통과,2025-11-12
J02078,A0213,과제·테스트 통과,2025-11-24
J02079,A0213,지원,2025-10-29
J02080,A0213,지원,2025-11-06
J02080,A0213,서류 통과,2025-11-15
J02080,A0213,과제·테스트 통과,2025-11-27
J02080,A0213,면접 통과,2025-12-16
J02081,A0213,지원,2025-11-17
J02082,A0213,지원,2025-11-26
J02083,A0213,지원,2025-12-07
J02083,A0213,서류 통과,2025-12-28
J02084,A0213,지원,2025-12-19
J02085,A0213,지원,2025-12-23
J02086,A0214,지원,2025-02-09
J02087,A0214,지원,2025-02-25
J02088,A0214,지원,2025-03-12
J02089,A0214,지원,2025-03-25
J02090,A0214,지원,2025-03-31
J02091,A0214,지원,2025-04-09
J02092,A0214,지원,2025-04-17
J02092,A0214,서류 통과,2025-05-05
J02093,A0214,지원,2025-04-21
J02094,A0214,지원,2025-05-05
J02094,A0214,서류 통과,2025-05-25
J02094,A0214,면접 통과,2025-06-03
J02094,A0214,최종 합격,2025-06-09
J02095,A0214,지원,2025-05-14
J02096,A0214,지원,2025-05-26
J02097,A0215,지원,2025-09-07
J02098,A0215,지원,2025-09-22
J02098,A0215,서류 통과,2025-10-05
J02098,A0215,과제·테스트 통과,2025-10-12
J02099,A0215,지원,2025-10-05
J02100,A0215,지원,2025-10-10
J02101,A0215,지원,2025-10-26
J02101,A0215,서류 통과,2025-11-10
J02101,A0215,면접 통과,2025-11-28
J02102,A0216,지원,2025-06-29
J02103,A0216,지원,2025-07-13
J02103,A0216,서류 통과,2025-07-25
J02103,A0216,과제·테스트 통과,2025-08-08
J02104,A0216,지원,2025-07-17
J02104,A0216,서류 통과,2025-08-02
J02104,A0216,면접 통과,2025-08-18
J02104,A0216,최종 합격,2025-09-05
J02105,A0216,지원,2025-07-30
J02106,A0216,지원,2025-08-07
J02107,A0216,지원,2025-08-17
J02108,A0216,지원,2025-08-25
J02109,A0216,지원,2025-09-03
J02109,A0216,서류 통과,2025-09-11
J02110,A0217,지원,2025-06-10
J02111,A0217,지원,2025-06-21
J02112,A0217,지원,2025-07-06
J02113,A0217,지원,2025-07-17
J02114,A0217,지원,2025-07-23
J02115,A0217,지원,2025-08-08
J02116,A0217,지원,2025-08-16
J02116,A0217,서류 통과,2025-09-06
J02117,A0218,지원,2025-01-28
J02117,A0218,서류 통과,2025-02-17
J02117,A0218,과제·테스트 통과,2025-03-03
J02118,A0218,지원,2025-02-02
J02119,A0218,지원,2025-02-11
J02120,A0218,지원,2025-02-16
J02121,A0218,지원,2025-02-22
J02122,A0218,지원,2025-03-06
J02123,A0218,지원,2025-03-12
J02124,A0218,지원,2025-03-19
J02125,A0218,지원,2025-03-27
J02126,A0218,지원,2025-04-09
J02127,A0218,지원,2025-04-13
J02128,A0218,지원,2025-04-17
J02129,A0218,지원,2025-04-28
J02130,A0218,지원,2025-05-05
J02131,A0218,지원,2025-05-12
J02132,A0218,지원,2025-05-23
J02133,A0218,지원,2025-06-04
J02134,A0218,지원,2025-06-13
J02135,A0218,지원,2025-06-28
J02136,A0219,지원,2025-04-06
J02137,A0219,지원,2025-04-15
J02138,A0219,지원,2025-04-25
J02139,A0219,지원,2025-05-04
J02139,A0219,서류 통과,2025-05-16
J02140,A0219,지원,2025-05-19
J02141,A0219,지원,2025-06-02
J02141,A0219,서류 통과,2025-06-18
J02142,A0219,지원,2025-06-15
J02143,A0219,지원,2025-06-21
J02144,A0220,지원,2025-06-23
J02145,A0220,지원,2025-06-30
J02146,A0220,지원,2025-07-04
J02147,A0220,지원,2025-07-16
J02148,A0220,지원,2025-07-24
J02149,A0220,지원,2025-07-29
J02150,A0220,지원,2025-08-03
J02151,A0220,지원,2025-08-11
J02152,A0220,지원,2025-08-21
J02153,A0220,지원,2025-08-25
J02154,A0220,지원,2025-09-09
J02155,A0220,지원,2025-09-24
J02155,A0220,서류 통과,2025-10-14
J02155,A0220,면접 통과,2025-10-27
J02156,A0220,지원,2025-10-01
J02157,A0220,지원,2025-10-13
J02158,A0220,지원,2025-10-18
J02159,A0220,지원,2025-10-22
J02160,A0220,지원,2025-11-01
J02161,A0220,지원,2025-11-15
J02162,A0220,지원,2025-11-19
J02163,A0220,지원,2025-11-26
J02164,A0221,지원,2025-01-20
J02165,A0221,지원,2025-02-01
J02165,A0221,서류 통과,2025-02-18
J02165,A0221,과제·테스트 통과,2025-03-02
J02165,A0221,면접 통과,2025-03-14
J02165,A0221,최종 합격,2025-03-26
J02166,A0221,지원,2025-02-15
J02167,A0221,지원,2025-02-27
J02168,A0221,지원,2025-03-08
J02169,A0221,지원,2025-03-17
J02169,A0221,서류 통과,2025-04-02
J02169,A0221,과제·테스트 통과,2025-04-12
J02170,A0221,지원,2025-03-21
J02171,A0222,지원,2025-01-15
J02172,A0222,지원,2025-01-24
J02173,A0222,지원,2025-02-09
J02173,A0222,서류 통과,2025-02-25
J02173,A0222,과제·테스트 통과,2025-03-09
J02174,A0222,지원,2025-02-17
J02175,A0222,지원,2025-03-04
J02176,A0222,지원,2025-03-16
J02177,A0223,지원,2025-05-09
J02178,A0223,지원,2025-05-17
J02179,A0223,지원,2025-05-25
J02180,A0223,지원,2025-06-10
J02181,A0223,지원,2025-06-25
J02182,A0224,지원,2025-07-06
J02182,A0224,서류 통과,2025-07-13
J02182,A0224,면접 통과,2025-07-28
J02182,A0224,최종 합격,2025-08-14
J02183,A0224,지원,2025-07-12
J02184,A0224,지원,2025-07-19
J02185,A0224,지원,2025-08-02
J02185,A0224,서류 통과,2025-08-09
J02186,A0224,지원,2025-08-13
J02186,A0224,서류 통과,2025-08-30
J02187,A0225,지원,2025-05-01
J02188,A0225,지원,2025-05-07
J02189,A0225,지원,2025-05-11
J02190,A0225,지원,2025-05-18
J02191,A0225,지원,2025-05-27
J02191,A0225,서류 통과,2025-06-15
J02191,A0225,과제·테스트 통과,2025-06-20
J02191,A0225,면접 통과,2025-06-29
J02191,A0225,최종 합격,2025-07-06
J02192,A0225,지원,2025-06-07
J02192,A0225,서류 통과,2025-06-23
J02192,A0225,면접 통과,2025-07-13
J02193,A0225,지원,2025-06-23
J02194,A0225,지원,2025-06-27
J02195,A0226,지원,2025-09-05
J02196,A0226,지원,2025-09-09
J02197,A0226,지원,2025-09-16
J02198,A0226,지원,2025-09-24
J02198,A0226,서류 통과,2025-10-11
J02198,A0226,과제·테스트 통과,2025-10-25
J02198,A0226,면접 통과,2025-11-12
J02199,A0226,지원,2025-10-02
J02200,A0226,지원,2025-10-08
J02201,A0226,지원,2025-10-16
J02202,A0226,지원,2025-10-26
J02203,A0226,지원,2025-11-11
J02204,A0226,지원,2025-11-20
J02205,A0226,지원,2025-11-30
J02206,A0226,지원,2025-12-04
J02207,A0226,지원,2025-12-08
J02207,A0226,서류 통과,2025-12-22
J02208,A0226,지원,2025-12-12
J02209,A0226,지원,2025-12-18
J02210,A0227,지원,2025-10-10
J02211,A0227,지원,2025-10-24
J02212,A0227,지원,2025-11-08
J02213,A0227,지원,2025-11-15
J02214,A0227,지원,2025-11-22
J02215,A0227,지원,2025-11-26
J02216,A0227,지원,2025-12-07
J02217,A0227,지원,2025-12-21
J02218,A0228,지원,2025-02-06
J02219,A0228,지원,2025-02-19
J02219,A0228,서류 통과,2025-03-04
J02219,A0228,면접 통과,2025-03-25
J02219,A0228,최종 합격,2025-04-14
J02220,A0228,지원,2025-03-06
J02221,A0228,지원,2025-03-21
J02222,A0228,지원,2025-03-29
J02223,A0228,지원,2025-04-04
J02224,A0228,지원,2025-04-08
J02225,A0229,지원,2025-02-25
J02226,A0229,지원,2025-03-13
J02227,A0229,지원,2025-03-23
J02228,A0229,지원,2025-03-30
J02229,A0229,지원,2025-04-07
J02230,A0229,지원,2025-04-13
J02231,A0229,지원,2025-04-23
J02232,A0229,지원,2025-05-06
J02233,A0230,지원,2025-09-14
J02234,A0230,지원,2025-09-30
J02235,A0230,지원,2025-10-10
J02235,A0230,서류 통과,2025-10-28
J02235,A0230,과제·테스트 통과,2025-11-03
J02235,A0230,면접 통과,2025-11-21
J02236,A0230,지원,2025-10-19
J02237,A0230,지원,2025-10-31
J02238,A0230,지원,2025-11-11
J02239,A0230,지원,2025-11-23
J02240,A0230,지원,2025-12-02
J02241,A0230,지원,2025-12-13
J02241,A0230,서류 통과,2025-12-31
J02242,A0230,지원,2025-12-24
J02243,A0230,지원,2025-12-28
J02244,A0231,지원,2025-07-20
J02245,A0231,지원,2025-08-02
J02246,A0231,지원,2025-08-13
J02246,A0231,서류 통과,2025-08-25
J02247,A0231,지원,2025-08-25
J02248,A0231,지원,2025-09-06
J02249,A0231,지원,2025-09-22
J02249,A0231,서류 통과,2025-10-13
J02250,A0231,지원,2025-10-02
J02251,A0231,지원,2025-10-16
J02251,A0231,서류 통과,2025-10-29
J02251,A0231,과제·테스트 통과,2025-11-07
J02251,A0231,면접 통과,2025-11-21
J02252,A0231,지원,2025-10-26
J02253,A0231,지원,2025-11-04
J02254,A0231,지원,2025-11-19
J02254,A0231,서류 통과,2025-12-01
J02254,A0231,면접 통과,2025-12-22
J02255,A0231,지원,2025-11-26
J02256,A0231,지원,2025-12-06
J02257,A0231,지원,2025-12-18
J02258,A0232,지원,2025-05-29
J02259,A0232,지원,2025-06-11
J02260,A0232,지원,2025-06-17
J02261,A0232,지원,2025-06-26
J02261,A0232,서류 통과,2025-07-06
J02262,A0232,지원,2025-07-07
J02263,A0233,지원,2025-04-21
J02264,A0233,지원,2025-05-03
J02265,A0233,지원,2025-05-13
J02266,A0233,지원,2025-05-21
J02267,A0233,지원,2025-06-01
J02267,A0233,서류 통과,2025-06-21
J02268,A0233,지원,2025-06-08
J02269,A0233,지원,2025-06-20
J02270,A0233,지원,2025-07-05
J02271,A0233,지원,2025-07-16
J02272,A0234,지원,2025-06-29
J02273,A0234,지원,2025-07-05
J02274,A0234,지원,2025-07-21
J02275,A0234,지원,2025-08-02
J02276,A0234,지원,2025-08-06
J02277,A0234,지원,2025-08-15
J02277,A0234,서류 통과,2025-09-04
J02278,A0234,지원,2025-08-25
J02279,A0234,지원,2025-09-04
J02280,A0234,지원,2025-09-09
J02281,A0234,지원,2025-09-13
J02282,A0234,지원,2025-09-18
J02282,A0234,서류 통과,2025-10-06
J02283,A0234,지원,2025-09-23
J02284,A0234,지원,2025-10-02
J02285,A0235,지원,2025-04-26
J02286,A0235,지원,2025-05-01
J02287,A0235,지원,2025-05-05
J02287,A0235,서류 통과,2025-05-15
J02287,A0235,과제·테스트 통과,2025-05-23
J02288,A0235,지원,2025-05-15
J02288,A0235,서류 통과,2025-05-28
J02289,A0235,지원,2025-05-25
J02290,A0235,지원,2025-06-03
J02291,A0235,지원,2025-06-11
J02292,A0236,지원,2025-07-30
J02292,A0236,서류 통과,2025-08-20
J02292,A0236,과제·테스트 통과,2025-08-26
J02293,A0236,지원,2025-08-12
J02294,A0236,지원,2025-08-24
J02295,A0236,지원,2025-08-28
J02296,A0236,지원,2025-09-02
J02297,A0236,지원,2025-09-09
J02298,A0236,지원,2025-09-20
J02298,A0236,서류 통과,2025-10-10
J02299,A0236,지원,2025-09-29
J02299,A0236,서류 통과,2025-10-08
J02300,A0236,지원,2025-10-12
J02301,A0237,지원,2025-04-18
J02301,A0237,서류 통과,2025-04-27
J02302,A0237,지원,2025-05-03
J02303,A0237,지원,2025-05-09
J02303,A0237,서류 통과,2025-05-18
J02303,A0237,과제·테스트 통과,2025-06-01
J02304,A0237,지원,2025-05-18
J02305,A0237,지원,2025-05-29
J02306,A0237,지원,2025-06-05
J02307,A0237,지원,2025-06-12
J02308,A0237,지원,2025-06-26
J02309,A0237,지원,2025-07-11
J02309,A0237,서류 통과,2025-07-19
J02310,A0238,지원,2025-04-06
J02310,A0238,서류 통과,2025-04-16
J02310,A0238,면접 통과,2025-05-01
J02310,A0238,최종 합격,2025-05-18
J02311,A0238,지원,2025-04-16
J02312,A0238,지원,2025-04-21
J02313,A0238,지원,2025-04-28
J02313,A0238,서류 통과,2025-05-14
J02314,A0238,지원,2025-05-06
J02314,A0238,서류 통과,2025-05-23
J02314,A0238,면접 통과,2025-06-11
J02315,A0239,지원,2025-10-20
J02316,A0239,지원,2025-10-29
J02316,A0239,서류 통과,2025-11-19
J02317,A0239,지원,2025-11-04
J02318,A0239,지원,2025-11-10
J02319,A0239,지원,2025-11-18
J02319,A0239,서류 통과,2025-11-30
J02319,A0239,면접 통과,2025-12-17
J02319,A0239,최종 합격,2025-12-28
J02320,A0239,지원,2025-12-01
J02320,A0239,서류 통과,2025-12-14
J02321,A0239,지원,2025-12-15
J02322,A0239,지원,2025-12-22
J02323,A0240,지원,2025-09-03
J02324,A0240,지원,2025-09-16
J02325,A0240,지원,2025-10-02
J02326,A0240,지원,2025-10-08
J02327,A0240,지원,2025-10-23
J02327,A0240,서류 통과,2025-11-02
J02328,A0240,지원,2025-11-07
J02329,A0240,지원,2025-11-19
J02330,A0240,지원,2025-11-25
J02331,A0240,지원,2025-12-08
J02332,A0240,지원,2025-12-15
J02333,A0240,지원,2025-12-30
J02334,A0241,지원,2025-02-03
J02335,A0241,지원,2025-02-12
J02336,A0241,지원,2025-02-27
J02337,A0241,지원,2025-03-10
J02338,A0241,지원,2025-03-14
J02338,A0241,서류 통과,2025-04-03
J02338,A0241,과제·테스트 통과,2025-04-16
J02339,A0241,지원,2025-03-25
J02340,A0241,지원,2025-04-09
J02341,A0241,지원,2025-04-22
J02342,A0241,지원,2025-04-26
J02343,A0241,지원,2025-05-11
J02344,A0241,지원,2025-05-23
J02345,A0241,지원,2025-06-07
J02346,A0241,지원,2025-06-21
J02347,A0242,지원,2025-05-30
J02348,A0242,지원,2025-06-09
J02348,A0242,서류 통과,2025-06-25
J02349,A0242,지원,2025-06-24
J02350,A0242,지원,2025-07-06
J02351,A0242,지원,2025-07-14
J02352,A0242,지원,2025-07-29
J02353,A0242,지원,2025-08-05
J02354,A0243,지원,2025-08-29
J02355,A0243,지원,2025-09-09
J02356,A0243,지원,2025-09-23
J02357,A0243,지원,2025-09-30
J02358,A0243,지원,2025-10-05
J02359,A0243,지원,2025-10-15
J02360,A0243,지원,2025-10-29
J02361,A0243,지원,2025-11-07
J02362,A0243,지원,2025-11-23
J02363,A0243,지원,2025-12-04
J02363,A0243,서류 통과,2025-12-25
J02364,A0243,지원,2025-12-14
J02365,A0243,지원,2025-12-24
J02366,A0244,지원,2025-03-01
J02367,A0244,지원,2025-03-09
J02368,A0244,지원,2025-03-23
J02369,A0244,지원,2025-04-02
J02370,A0244,지원,2025-04-16
J02371,A0244,지원,2025-04-22
J02372,A0244,지원,2025-04-29
J02372,A0244,서류 통과,2025-05-14
J02373,A0244,지원,2025-05-04
J02374,A0244,지원,2025-05-09
J02375,A0244,지원,2025-05-19
J02376,A0244,지원,2025-05-25
J02377,A0245,지원,2025-07-27
J02378,A0245,지원,2025-08-03
J02379,A0245,지원,2025-08-10
J02379,A0245,서류 통과,2025-08-17
J02380,A0245,지원,2025-08-22
J02381,A0245,지원,2025-08-26
J02382,A0246,지원,2025-04-08
J02383,A0246,지원,2025-04-18
J02384,A0246,지원,2025-05-02
J02384,A0246,서류 통과,2025-05-10
J02384,A0246,면접 통과,2025-05-30
J02385,A0246,지원,2025-05-07
J02386,A0246,지원,2025-05-21
J02386,A0246,서류 통과,2025-05-28
J02386,A0246,과제·테스트 통과,2025-06-04
J02387,A0246,지원,2025-05-28
J02387,A0246,서류 통과,2025-06-17
J02388,A0246,지원,2025-06-04
J02389,A0246,지원,2025-06-17
J02389,A0246,서류 통과,2025-06-24
J02390,A0246,지원,2025-07-02
J02391,A0246,지원,2025-07-16
J02391,A0246,서류 통과,2025-07-28
J02392,A0246,지원,2025-07-26
J02393,A0246,지원,2025-08-09
J02394,A0246,지원,2025-08-25
J02394,A0246,서류 통과,2025-09-01
J02394,A0246,면접 통과,2025-09-14
J02395,A0246,지원,2025-09-09
J02395,A0246,서류 통과,2025-09-22
J02395,A0246,면접 통과,2025-10-02
J02396,A0247,지원,2025-05-27
J02396,A0247,서류 통과,2025-06-14
J02396,A0247,면접 통과,2025-07-04
J02397,A0247,지원,2025-06-04
J02398,A0247,지원,2025-06-19
J02399,A0247,지원,2025-07-02
J02400,A0247,지원,2025-07-16
J02400,A0247,서류 통과,2025-08-05
J02401,A0247,지원,2025-07-25
J02402,A0247,지원,2025-07-31
J02402,A0247,서류 통과,2025-08-12
J02402,A0247,면접 통과,2025-08-28
J02403,A0247,지원,2025-08-16
J02404,A0248,지원,2025-02-24
J02405,A0248,지원,2025-03-04
J02406,A0248,지원,2025-03-19
J02407,A0248,지원,2025-04-04
J02407,A0248,서류 통과,2025-04-12
J02407,A0248,면접 통과,2025-05-03
J02408,A0248,지원,2025-04-17
J02409,A0248,지원,2025-04-21
J02410,A0248,지원,2025-04-30
J02411,A0248,지원,2025-05-05
J02412,A0248,지원,2025-05-14
J02412,A0248,서류 통과,2025-05-31
J02412,A0248,과제·테스트 통과,2025-06-12
J02412,A0248,면접 통과,2025-06-22
J02413,A0248,지원,2025-05-25
J02414,A0248,지원,2025-06-02
J02415,A0248,지원,2025-06-12
J02415,A0248,서류 통과,2025-06-30
J02416,A0248,지원,2025-06-26
J02417,A0248,지원,2025-07-07
J02418,A0248,지원,2025-07-18
J02419,A0248,지원,2025-07-29
J02420,A0248,지원,2025-08-06
J02421,A0248,지원,2025-08-13
J02422,A0248,지원,2025-08-27
J02423,A0248,지원,2025-09-10
J02424,A0248,지원,2025-09-22
J02425,A0248,지원,2025-09-29
J02425,A0248,서류 통과,2025-10-07
J02426,A0248,지원,2025-10-11
J02427,A0248,지원,2025-10-25
J02428,A0249,지원,2025-05-29
J02429,A0249,지원,2025-06-06
J02429,A0249,서류 통과,2025-06-27
J02429,A0249,면접 통과,2025-07-13
J02429,A0249,최종 합격,2025-08-02
J02430,A0249,지원,2025-06-20
J02431,A0249,지원,2025-06-28
J02432,A0249,지원,2025-07-05
J02433,A0249,지원,2025-07-16
J02433,A0249,서류 통과,2025-08-03
J02433,A0249,과제·테스트 통과,2025-08-15
J02433,A0249,면접 통과,2025-08-26
J02433,A0249,최종 합격,2025-09-06
J02434,A0249,지원,2025-07-22
J02435,A0249,지원,2025-07-27
J02436,A0249,지원,2025-08-04
J02437,A0249,지원,2025-08-10
J02438,A0249,지원,2025-08-24
J02439,A0249,지원,2025-08-30
J02439,A0249,서류 통과,2025-09-11
J02440,A0250,지원,2025-04-30
J02440,A0250,서류 통과,2025-05-08
J02441,A0250,지원,2025-05-05
J02442,A0250,지원,2025-05-16
J02443,A0250,지원,2025-05-21
J02444,A0250,지원,2025-06-03
J02444,A0250,서류 통과,2025-06-20
J02445,A0250,지원,2025-06-18
J02446,A0250,지원,2025-06-23
J02447,A0251,지원,2025-03-02
J02448,A0251,지원,2025-03-12
J02449,A0251,지원,2025-03-27
J02450,A0251,지원,2025-04-10
J02451,A0251,지원,2025-04-14
J02452,A0251,지원,2025-04-28
J02453,A0251,지원,2025-05-12
J02453,A0251,서류 통과,2025-05-30
J02453,A0251,면접 통과,2025-06-10
J02454,A0252,지원,2025-02-14
J02455,A0252,지원,2025-02-22
J02455,A0252,서류 통과,2025-03-09
J02456,A0252,지원,2025-03-05
J02457,A0253,지원,2025-11-12
J02458,A0253,지원,2025-11-20
J02459,A0253,지원,2025-12-01
J02460,A0254,지원,2025-01-03
J02461,A0254,지원,2025-01-18
J02461,A0254,서류 통과,2025-01-31
J02461,A0254,면접 통과,2025-02-19
J02462,A0254,지원,2025-02-02
J02463,A0254,지원,2025-02-07
J02463,A0254,서류 통과,2025-02-24
J02464,A0254,지원,2025-02-12
J02465,A0254,지원,2025-02-19
J02466,A0254,지원,2025-02-25
J02467,A0254,지원,2025-03-04
J02468,A0254,지원,2025-03-17
J02469,A0254,지원,2025-03-23
J02470,A0255,지원,2025-07-25
J02471,A0255,지원,2025-08-02
J02472,A0255,지원,2025-08-16
J02472,A0255,서류 통과,2025-09-06
J02472,A0255,면접 통과,2025-09-25
J02473,A0255,지원,2025-08-21
J02474,A0255,지원,2025-09-01
J02475,A0255,지원,2025-09-11
J02475,A0255,서류 통과,2025-09-19
J02476,A0256,지원,2025-11-21
J02477,A0256,지원,2025-12-07
J02478,A0256,지원,2025-12-17
J02479,A0257,지원,2025-11-21
J02480,A0257,지원,2025-11-29
J02480,A0257,서류 통과,2025-12-07
J02480,A0257,과제·테스트 통과,2025-12-15
J02481,A0257,지원,2025-12-15
J02481,A0257,서류 통과,2025-12-29
J02482,A0257,지원,2025-12-19
J02483,A0258,지원,2025-06-30
J02484,A0258,지원,2025-07-04
J02485,A0258,지원,2025-07-12
J02486,A0258,지원,2025-07-27
J02487,A0258,지원,2025-08-02
J02488,A0258,지원,2025-08-10
J02489,A0258,지원,2025-08-18
J02489,A0258,서류 통과,2025-08-26
J02489,A0258,과제·테스트 통과,2025-09-04
J02490,A0258,지원,2025-08-28
J02491,A0258,지원,2025-09-01
J02492,A0259,지원,2025-09-06
J02493,A0259,지원,2025-09-15
J02494,A0259,지원,2025-09-26
J02495,A0259,지원,2025-10-12
J02495,A0259,서류 통과,2025-10-26
J02495,A0259,면접 통과,2025-11-07
J02496,A0259,지원,2025-10-26
J02497,A0259,지원,2025-11-10
J02498,A0259,지원,2025-11-25
J02499,A0259,지원,2025-12-07
J02500,A0259,지원,2025-12-14
J02501,A0259,지원,2025-12-24
J02502,A0260,지원,2025-01-13
J02502,A0260,서류 통과,2025-02-01
J02503,A0260,지원,2025-01-22
J02504,A0260,지원,2025-01-30
J02505,A0260,지원,2025-02-09
J02506,A0260,지원,2025-02-20
J02507,A0261,지원,2025-06-03
J02508,A0261,지원,2025-06-15
J02509,A0261,지원,2025-06-26
J02510,A0261,지원,2025-07-10
J02511,A0261,지원,2025-07-18
J02512,A0261,지원,2025-08-03
J02513,A0261,지원,2025-08-14
J02514,A0261,지원,2025-08-21
J02515,A0261,지원,2025-08-27
J02516,A0261,지원,2025-09-10
J02517,A0261,지원,2025-09-22
J02518,A0261,지원,2025-10-02
J02519,A0261,지원,2025-10-08
J02520,A0261,지원,2025-10-15
J02521,A0261,지원,2025-10-26
J02522,A0262,지원,2025-09-23
J02523,A0262,지원,2025-10-06
J02524,A0262,지원,2025-10-16
J02525,A0262,지원,2025-10-30
J02525,A0262,서류 통과,2025-11-08
J02525,A0262,과제·테스트 통과,2025-11-16
J02526,A0262,지원,2025-11-13
J02526,A0262,서류 통과,2025-12-03
J02527,A0262,지원,2025-11-20
J02528,A0262,지원,2025-12-05
J02529,A0262,지원,2025-12-12
J02530,A0262,지원,2025-12-28
J02531,A0263,지원,2025-11-12
J02532,A0263,지원,2025-11-26
J02533,A0263,지원,2025-12-12
J02534,A0263,지원,2025-12-23
J02535,A0264,지원,2025-04-27
J02536,A0264,지원,2025-05-05
J02537,A0264,지원,2025-05-09
J02538,A0264,지원,2025-05-17
J02539,A0264,지원,2025-05-28
J02540,A0264,지원,2025-06-13
J02541,A0264,지원,2025-06-22
J02542,A0264,지원,2025-07-03
J02543,A0265,지원,2025-05-10
J02544,A0265,지원,2025-05-17
J02545,A0265,지원,2025-06-01
J02546,A0265,지원,2025-06-11
J02546,A0265,서류 통과,2025-06-27
J02547,A0266,지원,2025-10-13
J02548,A0266,지원,2025-10-20
J02549,A0266,지원,2025-10-25
J02550,A0266,지원,2025-11-02
J02551,A0266,지원,2025-11-14
J02552,A0266,지원,2025-11-25
J02553,A0266,지원,2025-12-02
J02554,A0266,지원,2025-12-17
J02555,A0266,지원,2025-12-26
J02556,A0267,지원,2025-02-09
J02557,A0267,지원,2025-02-15
J02558,A0267,지원,2025-02-24
J02559,A0267,지원,2025-03-01
J02560,A0267,지원,2025-03-14
J02561,A0267,지원,2025-03-22
J02562,A0267,지원,2025-04-02
J02563,A0267,지원,2025-04-11
J02563,A0267,서류 통과,2025-04-23
J02564,A0267,지원,2025-04-24
J02565,A0267,지원,2025-05-01
J02566,A0267,지원,2025-05-16
J02566,A0267,서류 통과,2025-06-05
J02566,A0267,면접 통과,2025-06-18
J02566,A0267,최종 합격,2025-07-02
J02567,A0267,지원,2025-05-31
J02568,A0267,지원,2025-06-06
J02569,A0267,지원,2025-06-18
J02570,A0267,지원,2025-06-23
J02571,A0268,지원,2025-09-04
J02572,A0268,지원,2025-09-14
J02573,A0268,지원,2025-09-24
J02573,A0268,서류 통과,2025-10-05
J02573,A0268,과제·테스트 통과,2025-10-17
J02573,A0268,면접 통과,2025-11-07
J02574,A0268,지원,2025-10-04
J02574,A0268,서류 통과,2025-10-16
J02575,A0268,지원,2025-10-15
J02575,A0268,서류 통과,2025-10-26
J02576,A0268,지원,2025-10-26
J02577,A0269,지원,2025-08-27
J02578,A0269,지원,2025-09-01
J02579,A0269,지원,2025-09-07
J02580,A0269,지원,2025-09-20
J02581,A0269,지원,2025-09-29
J02582,A0269,지원,2025-10-11
J02583,A0269,지원,2025-10-16
J02584,A0269,지원,2025-10-21
J02585,A0269,지원,2025-11-02
J02586,A0269,지원,2025-11-09
J02587,A0269,지원,2025-11-21
J02588,A0269,지원,2025-11-27
J02588,A0269,서류 통과,2025-12-13
J02589,A0269,지원,2025-12-01
J02590,A0269,지원,2025-12-07
J02591,A0269,지원,2025-12-12
J02592,A0269,지원,2025-12-23
J02593,A0270,지원,2025-10-28
J02594,A0270,지원,2025-11-08
J02595,A0270,지원,2025-11-14
J02596,A0270,지원,2025-11-26
J02597,A0270,지원,2025-12-08
J02598,A0270,지원,2025-12-16
J02599,A0271,지원,2025-07-03
J02600,A0271,지원,2025-07-14
J02601,A0271,지원,2025-07-23
J02602,A0271,지원,2025-07-29
J02603,A0271,지원,2025-08-05
J02603,A0271,서류 통과,2025-08-21
J02604,A0271,지원,2025-08-15
J02605,A0271,지원,2025-08-28
J02606,A0271,지원,2025-09-07
J02607,A0272,지원,2025-04-26
J02608,A0272,지원,2025-05-01
J02609,A0272,지원,2025-05-17
J02610,A0272,지원,2025-05-24
J02611,A0272,지원,2025-06-02
J02612,A0272,지원,2025-06-10
J02613,A0272,지원,2025-06-22
J02613,A0272,서류 통과,2025-07-02
J02614,A0272,지원,2025-06-30
J02614,A0272,서류 통과,2025-07-09
J02614,A0272,과제·테스트 통과,2025-07-14
J02615,A0273,지원,2025-08-01
J02616,A0273,지원,2025-08-05
J02617,A0273,지원,2025-08-12
J02618,A0273,지원,2025-08-23
J02619,A0273,지원,2025-09-01
J02620,A0273,지원,2025-09-14
J02621,A0273,지원,2025-09-23
J02621,A0273,서류 통과,2025-09-30
J02622,A0273,지원,2025-10-01
J02622,A0273,서류 통과,2025-10-11
J02623,A0273,지원,2025-10-05
J02624,A0273,지원,2025-10-10
J02624,A0273,서류 통과,2025-10-18
J02624,A0273,과제·테스트 통과,2025-10-28
J02624,A0273,면접 통과,2025-11-07
J02624,A0273,최종 합격,2025-11-18
J02625,A0273,지원,2025-10-14
J02626,A0273,지원,2025-10-20
J02626,A0273,서류 통과,2025-11-10
J02627,A0273,지원,2025-11-02
J02627,A0273,서류 통과,2025-11-11
J02628,A0273,지원,2025-11-14
J02628,A0273,서류 통과,2025-11-22
J02629,A0274,지원,2025-06-01
J02630,A0274,지원,2025-06-09
J02630,A0274,서류 통과,2025-06-23
J02630,A0274,면접 통과,2025-07-06
J02631,A0274,지원,2025-06-18
J02632,A0274,지원,2025-06-30
J02633,A0274,지원,2025-07-13
J02634,A0274,지원,2025-07-18
J02635,A0274,지원,2025-07-26
J02636,A0274,지원,2025-08-01
J02637,A0275,지원,2025-07-14
J02638,A0275,지원,2025-07-20
J02639,A0275,지원,2025-07-31
J02640,A0275,지원,2025-08-07
J02641,A0275,지원,2025-08-13
J02642,A0275,지원,2025-08-28
J02643,A0275,지원,2025-09-02
J02644,A0275,지원,2025-09-16
J02645,A0275,지원,2025-09-28
J02646,A0275,지원,2025-10-13
J02647,A0275,지원,2025-10-21
J02648,A0275,지원,2025-10-30
J02649,A0275,지원,2025-11-14
J02650,A0276,지원,2025-09-24
J02651,A0276,지원,2025-10-01
J02652,A0276,지원,2025-10-14
J02653,A0276,지원,2025-10-27
J02654,A0276,지원,2025-11-09
J02655,A0276,지원,2025-11-20
J02656,A0276,지원,2025-11-29
J02657,A0276,지원,2025-12-09
J02658,A0276,지원,2025-12-18
J02659,A0276,지원,2025-12-24
J02660,A0276,지원,2025-12-28
J02661,A0277,지원,2025-11-06
J02662,A0277,지원,2025-11-11
J02663,A0277,지원,2025-11-21
J02664,A0277,지원,2025-11-29
J02665,A0277,지원,2025-12-05
J02666,A0277,지원,2025-12-14
J02667,A0277,지원,2025-12-25
J02668,A0278,지원,2025-04-07
J02669,A0278,지원,2025-04-17
J02670,A0278,지원,2025-04-26
J02671,A0278,지원,2025-05-02
J02671,A0278,서류 통과,2025-05-11
J02672,A0278,지원,2025-05-11
J02673,A0278,지원,2025-05-26
J02673,A0278,서류 통과,2025-06-11
J02673,A0278,면접 통과,2025-07-01
J02674,A0278,지원,2025-06-03
J02674,A0278,서류 통과,2025-06-18
J02675,A0278,지원,2025-06-17
J02676,A0278,지원,2025-06-27
J02677,A0278,지원,2025-07-11
J02678,A0278,지원,2025-07-23
J02679,A0279,지원,2025-06-10
J02679,A0279,서류 통과,2025-06-29
J02680,A0279,지원,2025-06-25
J02681,A0279,지원,2025-07-02
J02682,A0279,지원,2025-07-12
J02683,A0279,지원,2025-07-19
J02684,A0279,지원,2025-07-24
J02685,A0279,지원,2025-08-03
J02686,A0279,지원,2025-08-11
J02687,A0279,지원,2025-08-20
J02688,A0279,지원,2025-08-24
J02688,A0279,서류 통과,2025-09-12
J02688,A0279,과제·테스트 통과,2025-09-24
J02688,A0279,면접 통과,2025-10-13
J02689,A0279,지원,2025-09-05
J02690,A0280,지원,2025-07-01
J02691,A0280,지원,2025-07-17
J02691,A0280,서류 통과,2025-08-02
J02692,A0280,지원,2025-07-31
J02692,A0280,서류 통과,2025-08-07
J02693,A0280,지원,2025-08-15
J02694,A0281,지원,2025-01-15
J02695,A0281,지원,2025-01-20
J02696,A0281,지원,2025-01-27
J02697,A0281,지원,2025-02-01
J02697,A0281,서류 통과,2025-02-15
J02697,A0281,과제·테스트 통과,2025-02-25
J02698,A0281,지원,2025-02-17
J02699,A0281,지원,2025-02-27
J02699,A0281,서류 통과,2025-03-15
J02700,A0281,지원,2025-03-10
J02701,A0281,지원,2025-03-20
J02702,A0282,지원,2025-07-13
J02703,A0282,지원,2025-07-18
J02704,A0282,지원,2025-08-02
J02705,A0282,지원,2025-08-17
J02706,A0282,지원,2025-08-28
J02706,A0282,서류 통과,2025-09-10
J02706,A0282,면접 통과,2025-09-29
J02707,A0282,지원,2025-09-10
J02708,A0282,지원,2025-09-23
J02709,A0282,지원,2025-10-09
J02710,A0282,지원,2025-10-20
J02710,A0282,서류 통과,2025-11-03
J02710,A0282,과제·테스트 통과,2025-11-11
J02710,A0282,면접 통과,2025-12-01
J02711,A0283,지원,2025-09-24
J02712,A0283,지원,2025-10-06
J02713,A0283,지원,2025-10-13
J02714,A0283,지원,2025-10-24
J02715,A0283,지원,2025-10-29
J02716,A0283,지원,2025-11-13
J02717,A0283,지원,2025-11-18
J02718,A0283,지원,2025-11-22
J02718,A0283,서류 통과,2025-12-06
J02719,A0283,지원,2025-12-05
J02720,A0283,지원,2025-12-18
J02721,A0283,지원,2025-12-30
J02722,A0284,지원,2025-03-24
J02723,A0284,지원,2025-04-07
J02724,A0284,지원,2025-04-17
J02725,A0284,지원,2025-04-28
J02725,A0284,서류 통과,2025-05-08
J02725,A0284,면접 통과,2025-05-18
J02725,A0284,최종 합격,2025-06-02
J02726,A0284,지원,2025-05-11
J02726,A0284,서류 통과,2025-05-28
J02726,A0284,면접 통과,2025-06-05
J02726,A0284,최종 합격,2025-06-15
J02727,A0284,지원,2025-05-19
J02728,A0284,지원,2025-06-04
J02729,A0284,지원,2025-06-15
J02729,A0284,서류 통과,2025-07-06
J02729,A0284,과제·테스트 통과,2025-07-20
J02730,A0285,지원,2025-11-22
J02731,A0285,지원,2025-11-27
J02732,A0285,지원,2025-12-02
J02733,A0285,지원,2025-12-18
J02734,A0285,지원,2025-12-31
J02735,A0286,지원,2025-02-28
J02736,A0286,지원,2025-03-04
J02737,A0286,지원,2025-03-09
J02738,A0286,지원,2025-03-15
J02739,A0286,지원,2025-03-22
J02740,A0286,지원,2025-04-02
J02740,A0286,서류 통과,2025-04-21
J02741,A0286,지원,2025-04-11
J02741,A0286,서류 통과,2025-05-02
J02742,A0286,지원,2025-04-24
J02743,A0287,지원,2025-10-12
J02744,A0287,지원,2025-10-16
J02745,A0287,지원,2025-10-21
J02745,A0287,서류 통과,2025-11-05
J02745,A0287,면접 통과,2025-11-16
J02746,A0287,지원,2025-11-03
J02747,A0287,지원,2025-11-08
J02747,A0287,서류 통과,2025-11-17
J02748,A0287,지원,2025-11-21
J02749,A0287,지원,2025-11-28
J02750,A0287,지원,2025-12-14
J02751,A0287,지원,2025-12-18
J02752,A0287,지원,2025-12-30
J02753,A0288,지원,2025-06-07
J02754,A0288,지원,2025-06-15
J02754,A0288,서류 통과,2025-06-23
J02755,A0288,지원,2025-07-01
J02756,A0288,지원,2025-07-17
J02757,A0288,지원,2025-07-25
J02758,A0288,지원,2025-08-01
J02759,A0288,지원,2025-08-05
J02760,A0289,지원,2025-02-11
J02761,A0289,지원,2025-02-15
J02762,A0289,지원,2025-02-25
J02763,A0289,지원,2025-03-08
J02764,A0289,지원,2025-03-15
J02765,A0289,지원,2025-03-30
J02766,A0289,지원,2025-04-14
J02767,A0289,지원,2025-04-18
J02768,A0289,지원,2025-05-02
J02769,A0289,지원,2025-05-15
J02770,A0289,지원,2025-05-27
J02770,A0289,서류 통과,2025-06-17
J02770,A0289,면접 통과,2025-07-09
J02771,A0289,지원,2025-06-02
J02772,A0289,지원,2025-06-07
J02773,A0289,지원,2025-06-20
J02774,A0289,지원,2025-06-26
J02775,A0289,지원,2025-07-12
J02776,A0289,지원,2025-07-23
J02776,A0289,서류 통과,2025-08-12
J02777,A0289,지원,2025-08-08
J02778,A0290,지원,2025-01-28
J02779,A0290,지원,2025-02-09
J02779,A0290,서류 통과,2025-02-16
J02779,A0290,과제·테스트 통과,2025-02-25
J02779,A0290,면접 통과,2025-03-08
J02780,A0290,지원,2025-02-14
J02781,A0290,지원,2025-03-01
J02782,A0290,지원,2025-03-07
J02783,A0290,지원,2025-03-13
J02784,A0290,지원,2025-03-21
J02785,A0290,지원,2025-03-28
J02786,A0290,지원,2025-04-05
J02787,A0291,지원,2025-08-05
J02787,A0291,서류 통과,2025-08-19
J02787,A0291,면접 통과,2025-08-29
J02788,A0291,지원,2025-08-14
J02789,A0291,지원,2025-08-23
J02790,A0291,지원,2025-08-31
J02791,A0291,지원,2025-09-14
J02791,A0291,서류 통과,2025-10-02
J02791,A0291,면접 통과,2025-10-16
J02792,A0291,지원,2025-09-18
J02793,A0291,지원,2025-10-02
J02794,A0291,지원,2025-10-18
J02794,A0291,서류 통과,2025-11-06
J02794,A0291,면접 통과,2025-11-24
J02795,A0291,지원,2025-10-26
J02796,A0291,지원,2025-11-06
J02797,A0291,지원,2025-11-11
J02798,A0292,지원,2025-06-14
J02798,A0292,서류 통과,2025-06-21
J02798,A0292,면접 통과,2025-07-10
J02799,A0292,지원,2025-06-21
J02800,A0292,지원,2025-07-06
J02801,A0292,지원,2025-07-19
J02802,A0292,지원,2025-07-23
J02803,A0292,지원,2025-08-05
J02804,A0292,지원,2025-08-20
J02805,A0292,지원,2025-09-01
J02806,A0292,지원,2025-09-05
J02807,A0292,지원,2025-09-13
J02808,A0292,지원,2025-09-26
J02809,A0293,지원,2025-04-01
J02810,A0293,지원,2025-04-07
J02811,A0293,지원,2025-04-23
J02812,A0293,지원,2025-05-01
J02813,A0293,지원,2025-05-14
J02814,A0293,지원,2025-05-22
J02815,A0293,지원,2025-05-30
J02816,A0293,지원,2025-06-04
J02817,A0293,지원,2025-06-19
J02818,A0293,지원,2025-07-02
J02819,A0293,지원,2025-07-09
J02820,A0293,지원,2025-07-23
J02821,A0293,지원,2025-08-07
J02822,A0293,지원,2025-08-20
J02823,A0293,지원,2025-09-01
J02824,A0293,지원,2025-09-17
J02825,A0293,지원,2025-09-23
J02826,A0293,지원,2025-10-07
J02827,A0293,지원,2025-10-19
J02828,A0293,지원,2025-10-28
J02829,A0294,지원,2025-05-30
J02830,A0294,지원,2025-06-15
J02831,A0294,지원,2025-06-22
J02831,A0294,서류 통과,2025-07-04
J02832,A0294,지원,2025-07-06
J02832,A0294,서류 통과,2025-07-16
J02832,A0294,면접 통과,2025-07-31
J02832,A0294,최종 합격,2025-08-07
J02833,A0294,지원,2025-07-10
J02833,A0294,서류 통과,2025-07-29
J02833,A0294,과제·테스트 통과,2025-08-12
J02833,A0294,면접 통과,2025-08-31
J02834,A0294,지원,2025-07-15
J02835,A0294,지원,2025-07-20
J02836,A0294,지원,2025-07-25
J02836,A0294,서류 통과,2025-08-04
J02836,A0294,면접 통과,2025-08-21
J02837,A0295,지원,2025-05-02
J02838,A0295,지원,2025-05-07
J02839,A0295,지원,2025-05-16
J02840,A0295,지원,2025-05-20
J02840,A0295,서류 통과,2025-06-09
J02841,A0295,지원,2025-05-25
J02842,A0296,지원,2025-06-10
J02843,A0296,지원,2025-06-16
J02844,A0296,지원,2025-06-22
J02844,A0296,서류 통과,2025-07-05
J02845,A0296,지원,2025-07-06
J02845,A0296,서류 통과,2025-07-27
J02845,A0296,과제·테스트 통과,2025-08-08
J02846,A0296,지원,2025-07-19
J02847,A0296,지원,2025-07-25
J02847,A0296,서류 통과,2025-08-10
J02848,A0296,지원,2025-08-04
J02848,A0296,서류 통과,2025-08-11
J02848,A0296,면접 통과,2025-08-24
J02848,A0296,최종 합격,2025-09-11
J02849,A0296,지원,2025-08-10
J02849,A0296,서류 통과,2025-08-29
J02849,A0296,면접 통과,2025-09-12
J02849,A0296,최종 합격,2025-10-02
J02850,A0296,지원,2025-08-16
J02850,A0296,서류 통과,2025-09-05
J02850,A0296,과제·테스트 통과,2025-09-11
J02851,A0296,지원,2025-08-22
J02852,A0296,지원,2025-09-03
J02853,A0296,지원,2025-09-07
J02853,A0296,서류 통과,2025-09-21
J02853,A0296,과제·테스트 통과,2025-09-26
J02853,A0296,면접 통과,2025-10-04
J02853,A0296,최종 합격,2025-10-23
J02854,A0296,지원,2025-09-18
J02854,A0296,서류 통과,2025-09-28
J02854,A0296,면접 통과,2025-10-08
J02854,A0296,최종 합격,2025-10-21
J02855,A0296,지원,2025-09-23
J02856,A0296,지원,2025-10-08
J02857,A0296,지원,2025-10-19
J02857,A0296,서류 통과,2025-10-29
J02857,A0296,과제·테스트 통과,2025-11-09
J02857,A0296,면접 통과,2025-11-29
J02857,A0296,최종 합격,2025-12-13
J02858,A0296,지원,2025-10-26
J02859,A0296,지원,2025-10-31
J02860,A0296,지원,2025-11-15
J02861,A0296,지원,2025-12-01
J02862,A0296,지원,2025-12-13
J02863,A0297,지원,2025-08-04
J02864,A0297,지원,2025-08-08
J02865,A0297,지원,2025-08-21
J02866,A0297,지원,2025-08-30
J02867,A0297,지원,2025-09-15
J02868,A0297,지원,2025-09-27
J02869,A0297,지원,2025-10-06
J02870,A0297,지원,2025-10-15
J02871,A0297,지원,2025-10-30
J02871,A0297,서류 통과,2025-11-17
J02871,A0297,면접 통과,2025-11-27
J02872,A0297,지원,2025-11-15
J02873,A0298,지원,2025-04-07
J02874,A0298,지원,2025-04-20
J02875,A0298,지원,2025-04-27
J02876,A0298,지원,2025-05-10
J02877,A0298,지원,2025-05-17
J02878,A0298,지원,2025-05-30
J02879,A0298,지원,2025-06-14
J02880,A0298,지원,2025-06-30
J02881,A0298,지원,2025-07-04
J02882,A0298,지원,2025-07-09
J02883,A0298,지원,2025-07-23
J02884,A0298,지원,2025-07-29
J02885,A0298,지원,2025-08-11
J02886,A0299,지원,2025-06-06
J02887,A0299,지원,2025-06-12
J02888,A0299,지원,2025-06-28
J02889,A0299,지원,2025-07-05
J02890,A0299,지원,2025-07-15
J02890,A0299,서류 통과,2025-08-05
J02891,A0299,지원,2025-07-25
J02892,A0299,지원,2025-07-30
J02893,A0299,지원,2025-08-06
J02894,A0299,지원,2025-08-22
J02894,A0299,서류 통과,2025-09-12
J02895,A0299,지원,2025-09-07
J02895,A0299,서류 통과,2025-09-25
J02896,A0299,지원,2025-09-15
J02897,A0300,지원,2025-11-17
J02898,A0300,지원,2025-11-28
J02898,A0300,서류 통과,2025-12-09
J02898,A0300,과제·테스트 통과,2025-12-16
J02899,A0300,지원,2025-12-09
J02900,A0300,지원,2025-12-19
J02901,A0300,지원,2025-12-23
J02902,A0301,지원,2025-02-05
J02903,A0301,지원,2025-02-17
J02904,A0301,지원,2025-03-01
J02905,A0301,지원,2025-03-16
J02906,A0301,지원,2025-03-28
J02907,A0301,지원,2025-04-10
J02907,A0301,서류 통과,2025-04-26
J02907,A0301,과제·테스트 통과,2025-05-09
J02908,A0301,지원,2025-04-23
J02909,A0301,지원,2025-05-08
J02910,A0301,지원,2025-05-13
J02910,A0301,서류 통과,2025-05-26
J02910,A0301,과제·테스트 통과,2025-05-31
J02911,A0301,지원,2025-05-26
J02911,A0301,서류 통과,2025-06-12
J02912,A0301,지원,2025-06-09
J02913,A0302,지원,2025-09-02
J02914,A0302,지원,2025-09-11
J02914,A0302,서류 통과,2025-09-21
J02915,A0302,지원,2025-09-16
J02916,A0302,지원,2025-09-29
J02917,A0302,지원,2025-10-15
J02918,A0302,지원,2025-10-28
J02919,A0302,지원,2025-11-11
J02920,A0302,지원,2025-11-24
J02921,A0303,지원,2025-07-11
J02922,A0303,지원,2025-07-25
J02922,A0303,서류 통과,2025-08-02
J02923,A0303,지원,2025-07-30
J02924,A0303,지원,2025-08-15
J02925,A0303,지원,2025-08-31
J02926,A0304,지원,2025-01-29
J02927,A0304,지원,2025-02-06
J02927,A0304,서류 통과,2025-02-26
J02927,A0304,과제·테스트 통과,2025-03-05
J02927,A0304,면접 통과,2025-03-23
J02928,A0304,지원,2025-02-19
J02928,A0304,서류 통과,2025-03-11
J02928,A0304,과제·테스트 통과,2025-03-22
J02929,A0304,지원,2025-02-28
J02929,A0304,서류 통과,2025-03-11
J02929,A0304,과제·테스트 통과,2025-03-22
J02930,A0304,지원,2025-03-16
J02931,A0304,지원,2025-03-23
J02932,A0304,지원,2025-04-01
J02932,A0304,서류 통과,2025-04-11
J02932,A0304,과제·테스트 통과,2025-04-23
J02932,A0304,면접 통과,2025-05-05
J02932,A0304,최종 합격,2025-05-21
J02933,A0304,지원,2025-04-13
J02934,A0304,지원,2025-04-26
J02935,A0304,지원,2025-05-04
J02936,A0304,지원,2025-05-17
J02937,A0305,지원,2025-05-01
J02937,A0305,서류 통과,2025-05-12
J02938,A0305,지원,2025-05-12
J02939,A0305,지원,2025-05-18
J02940,A0305,지원,2025-05-27
J02940,A0305,서류 통과,2025-06-15
J02940,A0305,면접 통과,2025-07-02
J02941,A0305,지원,2025-06-06
J02942,A0305,지원,2025-06-10
J02943,A0305,지원,2025-06-15
J02944,A0305,지원,2025-06-26
J02944,A0305,서류 통과,2025-07-11
J02944,A0305,면접 통과,2025-08-03
J02944,A0305,최종 합격,2025-08-10
J02945,A0305,지원,2025-07-12
J02946,A0305,지원,2025-07-22
J02947,A0305,지원,2025-08-03
J02948,A0306,지원,2025-05-23
J02949,A0306,지원,2025-06-05
J02950,A0306,지원,2025-06-16
J02951,A0306,지원,2025-06-30
J02951,A0306,서류 통과,2025-07-17
J02951,A0306,과제·테스트 통과,2025-07-30
J02952,A0306,지원,2025-07-08
J02952,A0306,서류 통과,2025-07-28
J02952,A0306,과제·테스트 통과,2025-08-08
J02952,A0306,면접 통과,2025-08-31
J02952,A0306,최종 합격,2025-09-05
J02953,A0306,지원,2025-07-17
J02954,A0306,지원,2025-08-01
J02955,A0306,지원,2025-08-07
J02956,A0306,지원,2025-08-13
J02957,A0306,지원,2025-08-28
J02957,A0306,서류 통과,2025-09-13
J02957,A0306,과제·테스트 통과,2025-09-22
J02958,A0306,지원,2025-09-02
J02959,A0307,지원,2025-05-18
J02960,A0307,지원,2025-06-01
J02961,A0307,지원,2025-06-07
J02962,A0308,지원,2025-10-24
J02963,A0308,지원,2025-11-06
J02964,A0308,지원,2025-11-19
J02965,A0308,지원,2025-12-02
J02966,A0308,지원,2025-12-15
J02967,A0308,지원,2025-12-27
J02968,A0309,지원,2025-10-28
J02969,A0309,지원,2025-11-01
J02970,A0309,지원,2025-11-09
J02971,A0309,지원,2025-11-25
J02972,A0309,지원,2025-12-10
J02972,A0309,서류 통과,2025-12-22
J02972,A0309,면접 통과,2025-12-30
J02973,A0309,지원,2025-12-20
J02974,A0310,지원,2025-04-10
J02975,A0310,지원,2025-04-25
J02976,A0310,지원,2025-05-01
J02977,A0310,지원,2025-05-06
J02978,A0310,지원,2025-05-11
J02978,A0310,서류 통과,2025-05-24
J02978,A0310,과제·테스트 통과,2025-06-02
J02979,A0310,지원,2025-05-20
J02979,A0310,서류 통과,2025-06-05
J02979,A0310,면접 통과,2025-06-27
J02980,A0310,지원,2025-06-03
J02981,A0310,지원,2025-06-16
J02982,A0310,지원,2025-06-29
J02983,A0311,지원,2025-08-02
J02983,A0311,서류 통과,2025-08-10
J02983,A0311,과제·테스트 통과,2025-08-17
J02984,A0311,지원,2025-08-11
J02984,A0311,서류 통과,2025-08-22
J02985,A0311,지원,2025-08-19
J02986,A0311,지원,2025-08-31
J02987,A0311,지원,2025-09-08
J02988,A0311,지원,2025-09-22
J02988,A0311,서류 통과,2025-10-12
J02989,A0311,지원,2025-09-28
J02990,A0311,지원,2025-10-12
J02991,A0311,지원,2025-10-26
J02992,A0311,지원,2025-11-04
J02993,A0311,지원,2025-11-17
J02994,A0311,지원,2025-11-23
J02995,A0311,지원,2025-12-09
J02995,A0311,서류 통과,2025-12-26
J02996,A0311,지원,2025-12-19
J02997,A0311,지원,2025-12-24
J02998,A0312,지원,2025-11-30
J02999,A0312,지원,2025-12-05
J03000,A0312,지원,2025-12-11
J03000,A0312,서류 통과,2025-12-20
J03001,A0312,지원,2025-12-18
J03002,A0312,지원,2025-12-22
J03003,A0312,지원,2025-12-28
J03004,A0313,지원,2025-09-29
J03005,A0313,지원,2025-10-12
J03005,A0313,서류 통과,2025-10-24
J03005,A0313,면접 통과,2025-11-15
J03006,A0313,지원,2025-10-16
J03007,A0313,지원,2025-10-25
J03008,A0313,지원,2025-10-29
J03009,A0313,지원,2025-11-13
J03010,A0313,지원,2025-11-20
J03011,A0313,지원,2025-12-06
J03012,A0314,지원,2025-05-06
J03013,A0314,지원,2025-05-18
J03014,A0314,지원,2025-05-26
J03015,A0314,지원,2025-06-10
J03016,A0314,지원,2025-06-14
J03017,A0314,지원,2025-06-20
J03018,A0314,지원,2025-06-30
J03018,A0314,서류 통과,2025-07-18
J03018,A0314,과제·테스트 통과,2025-08-01
J03018,A0314,면접 통과,2025-08-18
J03019,A0314,지원,2025-07-13
J03020,A0315,지원,2025-03-06
J03021,A0315,지원,2025-03-11
J03022,A0315,지원,2025-03-19
J03023,A0315,지원,2025-03-24
J03024,A0315,지원,2025-04-03
J03025,A0315,지원,2025-04-12
J03026,A0315,지원,2025-04-20
J03027,A0316,지원,2025-04-22
J03028,A0316,지원,2025-05-04
J03029,A0316,지원,2025-05-16
J03030,A0316,지원,2025-05-31
J03030,A0316,서류 통과,2025-06-15
J03030,A0316,면접 통과,2025-07-03
J03031,A0316,지원,2025-06-05
J03032,A0316,지원,2025-06-14
J03033,A0316,지원,2025-06-23
J03034,A0316,지원,2025-07-02
J03034,A0316,서류 통과,2025-07-23
J03034,A0316,과제·테스트 통과,2025-08-06
J03035,A0316,지원,2025-07-16
J03036,A0316,지원,2025-07-30
J03037,A0316,지원,2025-08-13
J03038,A0316,지원,2025-08-25
J03039,A0316,지원,2025-09-06
J03040,A0316,지원,2025-09-15
J03040,A0316,서류 통과,2025-10-04
J03040,A0316,과제·테스트 통과,2025-10-09
J03040,A0316,면접 통과,2025-10-31
J03040,A0316,최종 합격,2025-11-17
J03041,A0316,지원,2025-09-22
J03042,A0316,지원,2025-09-30
J03043,A0316,지원,2025-10-07
J03044,A0316,지원,2025-10-23
J03045,A0316,지원,2025-11-02
J03046,A0316,지원,2025-11-06
J03047,A0317,지원,2025-11-29
J03048,A0317,지원,2025-12-06
J03049,A0317,지원,2025-12-18
J03050,A0317,지원,2025-12-24
J03051,A0317,지원,2025-12-29
J03052,A0318,지원,2025-01-08
J03053,A0318,지원,2025-01-12
J03054,A0318,지원,2025-01-17
J03055,A0318,지원,2025-01-28
J03056,A0318,지원,2025-02-09
J03057,A0318,지원,2025-02-23
J03058,A0318,지원,2025-02-27
J03058,A0318,서류 통과,2025-03-13
J03059,A0318,지원,2025-03-03
J03060,A0319,지원,2025-08-02
J03061,A0319,지원,2025-08-10
J03062,A0319,지원,2025-08-19
J03063,A0319,지원,2025-09-04
J03064,A0319,지원,2025-09-10
J03065,A0319,지원,2025-09-20
J03066,A0319,지원,2025-10-06
J03067,A0319,지원,2025-10-22
J03068,A0319,지원,2025-11-07
J03069,A0319,지원,2025-11-12
J03070,A0319,지원,2025-11-17
J03071,A0319,지원,2025-11-30
J03072,A0319,지원,2025-12-07
J03073,A0319,지원,2025-12-20
J03074,A0320,지원,2025-09-14
J03075,A0320,지원,2025-09-26
J03076,A0320,지원,2025-10-02
J03077,A0320,지원,2025-10-13
J03077,A0320,서류 통과,2025-10-22
J03077,A0320,면접 통과,2025-11-10
J03077,A0320,최종 합격,2025-11-19
J03078,A0320,지원,2025-10-28
J03079,A0320,지원,2025-11-02
J03080,A0320,지원,2025-11-07
J03080,A0320,서류 통과,2025-11-20
J03080,A0320,면접 통과,2025-12-11
J03081,A0320,지원,2025-11-17
J03082,A0321,지원,2025-03-31
J03082,A0321,서류 통과,2025-04-16
J03082,A0321,과제·테스트 통과,2025-04-27
J03082,A0321,면접 통과,2025-05-10
J03083,A0321,지원,2025-04-11
J03083,A0321,서류 통과,2025-04-28
J03083,A0321,과제·테스트 통과,2025-05-08
J03084,A0321,지원,2025-04-17
J03085,A0321,지원,2025-04-21
J03086,A0321,지원,2025-05-05
J03087,A0321,지원,2025-05-21
J03088,A0321,지원,2025-06-03
J03089,A0321,지원,2025-06-11
J03089,A0321,서류 통과,2025-06-23
J03090,A0321,지원,2025-06-25
J03091,A0321,지원,2025-07-02
J03092,A0322,지원,2025-01-18
J03093,A0322,지원,2025-01-30
J03093,A0322,서류 통과,2025-02-08
J03093,A0322,면접 통과,2025-02-26
J03093,A0322,최종 합격,2025-03-11
J03094,A0322,지원,2025-02-03
J03095,A0322,지원,2025-02-08
J03096,A0322,지원,2025-02-17
J03096,A0322,서류 통과,2025-02-24
J03096,A0322,면접 통과,2025-03-12
J03097,A0322,지원,2025-02-21
J03098,A0322,지원,2025-03-09
J03099,A0323,지원,2025-06-23
J03100,A0323,지원,2025-07-09
J03101,A0323,지원,2025-07-14
J03102,A0323,지원,2025-07-20
J03103,A0323,지원,2025-07-28
J03104,A0323,지원,2025-08-06
J03105,A0323,지원,2025-08-12
J03106,A0323,지원,2025-08-23
J03107,A0323,지원,2025-08-31
J03108,A0323,지원,2025-09-06
J03109,A0323,지원,2025-09-10
J03109,A0323,서류 통과,2025-09-23
J03109,A0323,과제·테스트 통과,2025-10-01
J03109,A0323,면접 통과,2025-10-14
J03110,A0323,지원,2025-09-26
J03111,A0323,지원,2025-10-03
J03112,A0323,지원,2025-10-13
J03112,A0323,서류 통과,2025-10-30
J03113,A0323,지원,2025-10-20
J03114,A0323,지원,2025-11-05
J03115,A0324,지원,2025-06-21
J03116,A0324,지원,2025-07-01
J03117,A0324,지원,2025-07-11
J03117,A0324,서류 통과,2025-07-18
J03117,A0324,면접 통과,2025-08-01
J03118,A0324,지원,2025-07-22
J03119,A0324,지원,2025-08-06
J03120,A0324,지원,2025-08-13
J03120,A0324,서류 통과,2025-08-31
J03121,A0324,지원,2025-08-29
J03122,A0324,지원,2025-09-03
J03122,A0324,서류 통과,2025-09-12
J03123,A0324,지원,2025-09-16
J03124,A0324,지원,2025-09-24
J03125,A0324,지원,2025-09-29
J03126,A0325,지원,2025-09-03
J03127,A0325,지원,2025-09-19
J03128,A0325,지원,2025-09-28
J03129,A0325,지원,2025-10-02
J03129,A0325,서류 통과,2025-10-16
J03130,A0326,지원,2025-05-01
J03131,A0326,지원,2025-05-07
J03132,A0326,지원,2025-05-21
J03132,A0326,서류 통과,2025-06-11
J03132,A0326,과제·테스트 통과,2025-06-21
J03133,A0326,지원,2025-05-26
J03134,A0326,지원,2025-06-10
J03135,A0326,지원,2025-06-18
J03136,A0326,지원,2025-06-29
J03136,A0326,서류 통과,2025-07-14
J03136,A0326,과제·테스트 통과,2025-07-25
J03137,A0326,지원,2025-07-08
J03137,A0326,서류 통과,2025-07-22
J03138,A0326,지원,2025-07-17
J03139,A0326,지원,2025-07-24
J03140,A0326,지원,2025-07-28
J03141,A0326,지원,2025-08-03
J03142,A0326,지원,2025-08-12
J03142,A0326,서류 통과,2025-08-29
J03143,A0326,지원,2025-08-21
J03144,A0326,지원,2025-08-26
J03145,A0326,지원,2025-08-30
J03146,A0327,지원,2025-10-17
J03147,A0327,지원,2025-10-29
J03148,A0327,지원,2025-11-07
J03149,A0327,지원,2025-11-12
J03150,A0327,지원,2025-11-22
J03151,A0327,지원,2025-12-02
J03151,A0327,서류 통과,2025-12-15
J03151,A0327,과제·테스트 통과,2025-12-23
J03152,A0327,지원,2025-12-16
J03153,A0327,지원,2025-12-26
J03154,A0328,지원,2025-10-26
J03155,A0328,지원,2025-11-10
J03156,A0328,지원,2025-11-16
J03157,A0328,지원,2025-11-26
J03158,A0328,지원,2025-12-03
J03159,A0328,지원,2025-12-19
J03160,A0328,지원,2025-12-28
J03161,A0329,지원,2025-03-04
J03162,A0329,지원,2025-03-11
J03162,A0329,서류 통과,2025-03-30
J03163,A0329,지원,2025-03-22
J03164,A0329,지원,2025-03-31
J03165,A0329,지원,2025-04-04
J03165,A0329,서류 통과,2025-04-19
J03166,A0329,지원,2025-04-10
J03167,A0329,지원,2025-04-24
J03168,A0329,지원,2025-04-29
J03169,A0329,지원,2025-05-05
J03170,A0329,지원,2025-05-09
J03171,A0329,지원,2025-05-25
J03172,A0330,지원,2025-02-15
J03173,A0330,지원,2025-02-25
J03174,A0330,지원,2025-03-11
J03175,A0330,지원,2025-03-15
J03175,A0330,서류 통과,2025-04-05
J03176,A0330,지원,2025-03-24
J03177,A0330,지원,2025-04-03
J03178,A0330,지원,2025-04-12
J03179,A0330,지원,2025-04-20
J03180,A0331,지원,2025-03-06
J03181,A0331,지원,2025-03-21
J03182,A0331,지원,2025-04-05
J03183,A0331,지원,2025-04-10
J03184,A0331,지원,2025-04-23
J03185,A0332,지원,2025-11-03
J03186,A0332,지원,2025-11-13
J03187,A0332,지원,2025-11-22
J03187,A0332,서류 통과,2025-12-11
J03188,A0332,지원,2025-11-27
J03189,A0332,지원,2025-12-08
J03190,A0332,지원,2025-12-17
J03190,A0332,서류 통과,2025-12-31
J03191,A0333,지원,2025-04-15
J03192,A0333,지원,2025-04-26
J03193,A0333,지원,2025-05-11
J03194,A0334,지원,2025-06-19
J03195,A0334,지원,2025-06-29
J03196,A0334,지원,2025-07-08
J03197,A0334,지원,2025-07-16
J03198,A0334,지원,2025-07-28
J03199,A0334,지원,2025-08-03
J03200,A0334,지원,2025-08-11
J03201,A0334,지원,2025-08-20
J03202,A0334,지원,2025-08-24
J03203,A0334,지원,2025-08-29
J03204,A0334,지원,2025-09-09
J03205,A0334,지원,2025-09-24
J03206,A0334,지원,2025-10-08
J03207,A0334,지원,2025-10-15
J03208,A0334,지원,2025-10-23
J03209,A0334,지원,2025-11-03
J03210,A0334,지원,2025-11-11
J03211,A0334,지원,2025-11-18
J03211,A0334,서류 통과,2025-12-04
J03211,A0334,과제·테스트 통과,2025-12-11
J03212,A0334,지원,2025-11-27
J03213,A0334,지원,2025-12-11
J03214,A0335,지원,2025-07-18
J03215,A0335,지원,2025-07-23
J03216,A0335,지원,2025-07-29
J03217,A0335,지원,2025-08-13
J03217,A0335,서류 통과,2025-08-26
J03217,A0335,과제·테스트 통과,2025-09-02
J03217,A0335,면접 통과,2025-09-16
J03218,A0335,지원,2025-08-25
J03219,A0335,지원,2025-09-04
J03219,A0335,서류 통과,2025-09-13
J03219,A0335,면접 통과,2025-10-01
J03219,A0335,최종 합격,2025-10-19
J03220,A0335,지원,2025-09-12
J03221,A0335,지원,2025-09-18
J03222,A0335,지원,2025-10-04
J03223,A0335,지원,2025-10-09
J03224,A0336,지원,2025-10-08
J03225,A0336,지원,2025-10-15
J03226,A0336,지원,2025-10-23
J03227,A0336,지원,2025-11-05
J03228,A0336,지원,2025-11-11
J03229,A0336,지원,2025-11-21
J03230,A0336,지원,2025-11-26
J03231,A0336,지원,2025-12-04
J03232,A0336,지원,2025-12-09
J03233,A0336,지원,2025-12-18
J03234,A0336,지원,2025-12-26
J03235,A0337,지원,2025-11-09
J03235,A0337,서류 통과,2025-11-23
J03235,A0337,면접 통과,2025-12-01
J03236,A0337,지원,2025-11-20
J03236,A0337,서류 통과,2025-12-10
J03236,A0337,과제·테스트 통과,2025-12-19
J03237,A0337,지원,2025-12-06
J03238,A0337,지원,2025-12-21
J03238,A0337,서류 통과,2025-12-31
J03239,A0337,지원,2025-12-26
J03240,A0338,지원,2025-11-26
J03241,A0338,지원,2025-12-11
J03242,A0338,지원,2025-12-15
J03243,A0338,지원,2025-12-25
J03244,A0339,지원,2025-05-03
J03245,A0339,지원,2025-05-15
J03246,A0339,지원,2025-05-22
J03247,A0339,지원,2025-05-26
J03247,A0339,서류 통과,2025-06-05
J03247,A0339,면접 통과,2025-06-21
J03248,A0339,지원,2025-05-30
J03249,A0339,지원,2025-06-05
J03250,A0339,지원,2025-06-21
J03250,A0339,서류 통과,2025-07-11
J03250,A0339,과제·테스트 통과,2025-07-17
J03251,A0339,지원,2025-06-30
J03252,A0339,지원,2025-07-08
J03252,A0339,서류 통과,2025-07-28
J03252,A0339,면접 통과,2025-08-13
J03252,A0339,최종 합격,2025-08-22
J03253,A0339,지원,2025-07-18
J03254,A0339,지원,2025-07-27
J03255,A0339,지원,2025-08-10
J03256,A0339,지원,2025-08-17
J03257,A0340,지원,2025-08-21
J03258,A0340,지원,2025-09-02
J03259,A0340,지원,2025-09-12
J03259,A0340,서류 통과,2025-09-28
J03259,A0340,면접 통과,2025-10-10
J03259,A0340,최종 합격,2025-10-17
J03260,A0340,지원,2025-09-16
J03261,A0340,지원,2025-09-28
J03262,A0340,지원,2025-10-05
J03262,A0340,서류 통과,2025-10-26
J03263,A0340,지원,2025-10-16
J03264,A0341,지원,2025-08-12
J03265,A0341,지원,2025-08-16
J03266,A0341,지원,2025-08-25
J03267,A0341,지원,2025-09-02
J03268,A0341,지원,2025-09-07
J03269,A0341,지원,2025-09-13
J03270,A0341,지원,2025-09-25
J03271,A0341,지원,2025-10-04
J03272,A0341,지원,2025-10-17
J03273,A0341,지원,2025-10-31
J03274,A0341,지원,2025-11-15
J03275,A0341,지원,2025-11-30
J03276,A0341,지원,2025-12-09
J03277,A0341,지원,2025-12-15
J03278,A0341,지원,2025-12-26
J03279,A0342,지원,2025-06-23
J03280,A0342,지원,2025-07-09
J03281,A0342,지원,2025-07-23
J03282,A0342,지원,2025-08-05
J03283,A0342,지원,2025-08-09
J03283,A0342,서류 통과,2025-08-19
J03284,A0342,지원,2025-08-24
J03284,A0342,서류 통과,2025-09-08
J03284,A0342,면접 통과,2025-09-22
J03285,A0342,지원,2025-08-31
J03285,A0342,서류 통과,2025-09-21
J03286,A0342,지원,2025-09-06
J03287,A0342,지원,2025-09-12
J03288,A0342,지원,2025-09-17
J03289,A0342,지원,2025-09-21
J03290,A0342,지원,2025-10-03
J03291,A0342,지원,2025-10-17
J03292,A0342,지원,2025-10-28
J03293,A0342,지원,2025-11-06
J03294,A0342,지원,2025-11-22
J03295,A0342,지원,2025-11-29
J03296,A0343,지원,2025-05-30
J03297,A0343,지원,2025-06-03
J03298,A0343,지원,2025-06-18
J03298,A0343,서류 통과,2025-07-06
J03298,A0343,면접 통과,2025-07-14
J03299,A0343,지원,2025-06-22
J03299,A0343,서류 통과,2025-07-09
J03300,A0343,지원,2025-06-27
J03301,A0343,지원,2025-07-11
J03302,A0343,지원,2025-07-20
J03302,A0343,서류 통과,2025-07-30
J03303,A0344,지원,2025-07-08
J03304,A0344,지원,2025-07-22
J03304,A0344,서류 통과,2025-08-02
J03304,A0344,면접 통과,2025-08-11
J03305,A0344,지원,2025-08-03
J03306,A0344,지원,2025-08-14
J03307,A0344,지원,2025-08-21
J03308,A0344,지원,2025-09-03
J03309,A0345,지원,2025-07-17
J03310,A0345,지원,2025-07-24
J03311,A0345,지원,2025-08-08
J03312,A0345,지원,2025-08-20
J03313,A0345,지원,2025-09-01
J03314,A0345,지원,2025-09-08
J03315,A0345,지원,2025-09-13
J03315,A0345,서류 통과,2025-10-04
J03315,A0345,과제·테스트 통과,2025-10-15
J03315,A0345,면접 통과,2025-10-27
J03315,A0345,최종 합격,2025-11-08
J03316,A0345,지원,2025-09-22
J03316,A0345,서류 통과,2025-10-07
J03316,A0345,면접 통과,2025-10-23
J03317,A0345,지원,2025-09-26
J03317,A0345,서류 통과,2025-10-11
J03318,A0345,지원,2025-10-11
J03318,A0345,서류 통과,2025-10-29
J03318,A0345,면접 통과,2025-11-09
J03318,A0345,최종 합격,2025-11-16
J03319,A0345,지원,2025-10-16
J03320,A0345,지원,2025-11-01
J03321,A0345,지원,2025-11-07
J03322,A0346,지원,2025-01-23
J03323,A0346,지원,2025-02-06
J03324,A0346,지원,2025-02-17
J03325,A0347,지원,2025-11-24
J03326,A0347,지원,2025-12-08
J03326,A0347,서류 통과,2025-12-22
J03327,A0347,지원,2025-12-16
J03327,A0347,서류 통과,2025-12-25
J03328,A0347,지원,2025-12-26
J03329,A0348,지원,2025-11-12
J03330,A0348,지원,2025-11-23
J03330,A0348,서류 통과,2025-12-13
J03331,A0348,지원,2025-12-04
J03332,A0348,지원,2025-12-15
J03333,A0348,지원,2025-12-21
J03333,A0348,서류 통과,2025-12-29
J03334,A0348,지원,2025-12-27
J03335,A0349,지원,2025-06-11
J03336,A0349,지원,2025-06-26
J03337,A0349,지원,2025-07-09
J03338,A0349,지원,2025-07-23
J03339,A0349,지원,2025-07-27
J03339,A0349,서류 통과,2025-08-06
J03339,A0349,과제·테스트 통과,2025-08-19
J03339,A0349,면접 통과,2025-09-07
J03339,A0349,최종 합격,2025-09-21
J03340,A0349,지원,2025-08-07
J03341,A0349,지원,2025-08-13
J03342,A0349,지원,2025-08-29
J03342,A0349,서류 통과,2025-09-15
J03342,A0349,면접 통과,2025-10-01
J03343,A0349,지원,2025-09-03
J03344,A0349,지원,2025-09-15
J03345,A0349,지원,2025-09-19
J03346,A0350,지원,2025-08-28
J03346,A0350,서류 통과,2025-09-14
J03346,A0350,과제·테스트 통과,2025-09-25
J03347,A0350,지원,2025-09-01
J03348,A0350,지원,2025-09-06
J03348,A0350,서류 통과,2025-09-22
J03348,A0350,과제·테스트 통과,2025-09-27
J03349,A0350,지원,2025-09-19
J03350,A0350,지원,2025-09-26
J03351,A0350,지원,2025-10-10
J03352,A0350,지원,2025-10-22
J03353,A0350,지원,2025-10-27
J03354,A0350,지원,2025-11-01
J03354,A0350,서류 통과,2025-11-21
J03355,A0350,지원,2025-11-12
J03356,A0350,지원,2025-11-17
J03357,A0350,지원,2025-11-28
J03358,A0350,지원,2025-12-07
J03359,A0350,지원,2025-12-14
J03360,A0350,지원,2025-12-30
J03361,A0351,지원,2025-04-27
J03362,A0351,지원,2025-05-11
J03363,A0351,지원,2025-05-19
J03364,A0351,지원,2025-06-02
J03365,A0351,지원,2025-06-08
J03366,A0351,지원,2025-06-22
J03367,A0351,지원,2025-07-06
J03367,A0351,서류 통과,2025-07-25
J03367,A0351,면접 통과,2025-08-05
J03368,A0351,지원,2025-07-20
J03369,A0351,지원,2025-07-28
J03369,A0351,서류 통과,2025-08-07
J03370,A0351,지원,2025-08-04
J03371,A0351,지원,2025-08-20
J03372,A0351,지원,2025-09-04
J03373,A0352,지원,2025-05-31
J03374,A0352,지원,2025-06-06
J03375,A0352,지원,2025-06-14
J03376,A0352,지원,2025-06-23
J03377,A0352,지원,2025-06-30
J03378,A0352,지원,2025-07-14
J03379,A0352,지원,2025-07-18
J03380,A0352,지원,2025-08-02
J03381,A0352,지원,2025-08-13
J03382,A0352,지원,2025-08-17
J03383,A0353,지원,2025-05-07
J03383,A0353,서류 통과,2025-05-19
J03384,A0353,지원,2025-05-17
J03385,A0353,지원,2025-05-27
J03386,A0353,지원,2025-06-02
J03387,A0353,지원,2025-06-15
J03388,A0353,지원,2025-07-01
J03389,A0353,지원,2025-07-14
J03390,A0353,지원,2025-07-19
J03391,A0353,지원,2025-07-26
J03392,A0353,지원,2025-08-11
J03393,A0353,지원,2025-08-18
J03394,A0354,지원,2025-08-19
J03394,A0354,서류 통과,2025-09-01
J03395,A0354,지원,2025-08-26
J03396,A0354,지원,2025-09-10
J03397,A0354,지원,2025-09-17
J03397,A0354,서류 통과,2025-09-28
J03397,A0354,면접 통과,2025-10-16
J03397,A0354,최종 합격,2025-10-27
J03398,A0354,지원,2025-09-22
J03398,A0354,서류 통과,2025-09-29
J03399,A0354,지원,2025-10-03
J03400,A0354,지원,2025-10-18
J03401,A0355,지원,2025-08-07
J03402,A0355,지원,2025-08-19
J03402,A0355,서류 통과,2025-08-29
J03403,A0355,지원,2025-08-29
J03404,A0355,지원,2025-09-09
J03405,A0355,지원,2025-09-16
J03406,A0355,지원,2025-09-21
J03407,A0355,지원,2025-10-07
J03408,A0355,지원,2025-10-18
J03409,A0356,지원,2025-11-16
J03409,A0356,서류 통과,2025-12-04
J03410,A0356,지원,2025-11-21
J03411,A0356,지원,2025-12-04
J03412,A0356,지원,2025-12-19
J03413,A0356,지원,2025-12-25
J03414,A0357,지원,2025-10-14
J03414,A0357,서류 통과,2025-10-24
J03414,A0357,면접 통과,2025-11-10
J03415,A0357,지원,2025-10-19
J03416,A0357,지원,2025-10-25
J03417,A0357,지원,2025-11-06
J03417,A0357,서류 통과,2025-11-27
J03417,A0357,면접 통과,2025-12-06
J03418,A0357,지원,2025-11-19
J03419,A0357,지원,2025-11-26
J03420,A0357,지원,2025-12-05
J03421,A0357,지원,2025-12-16
J03422,A0357,지원,2025-12-28
J03423,A0358,지원,2025-02-12
J03424,A0358,지원,2025-02-21
J03425,A0358,지원,2025-03-05
J03426,A0358,지원,2025-03-09
J03427,A0358,지원,2025-03-17
J03428,A0358,지원,2025-03-25
J03429,A0359,지원,2025-04-03
J03430,A0359,지원,2025-04-17
J03430,A0359,서류 통과,2025-04-25
J03431,A0359,지원,2025-05-01
J03432,A0359,지원,2025-05-08
J03433,A0359,지원,2025-05-15
J03434,A0359,지원,2025-05-20
J03435,A0359,지원,2025-06-04
J03436,A0359,지원,2025-06-19
J03436,A0359,서류 통과,2025-06-27
J03437,A0359,지원,2025-07-02
J03438,A0359,지원,2025-07-06
J03439,A0359,지원,2025-07-18
J03440,A0359,지원,2025-07-30
J03441,A0359,지원,2025-08-13
J03442,A0359,지원,2025-08-18
J03443,A0359,지원,2025-09-03
J03443,A0359,서류 통과,2025-09-19
J03443,A0359,면접 통과,2025-09-28
J03443,A0359,최종 합격,2025-10-04
J03444,A0359,지원,2025-09-11
J03444,A0359,서류 통과,2025-09-20
J03445,A0359,지원,2025-09-16
J03446,A0359,지원,2025-10-01
J03447,A0360,지원,2025-08-13
J03448,A0360,지원,2025-08-26
J03449,A0360,지원,2025-08-31
J03450,A0361,지원,2025-06-08
J03451,A0361,지원,2025-06-12
J03451,A0361,서류 통과,2025-06-22
J03451,A0361,면접 통과,2025-07-08
J03451,A0361,최종 합격,2025-07-26
J03452,A0361,지원,2025-06-21
J03453,A0361,지원,2025-07-02
J03454,A0361,지원,2025-07-06
J03455,A0361,지원,2025-07-22
J03456,A0362,지원,2025-02-12
J03457,A0362,지원,2025-02-26
J03458,A0362,지원,2025-03-08
J03459,A0362,지원,2025-03-14
J03460,A0362,지원,2025-03-24
J03460,A0362,서류 통과,2025-04-12
J03461,A0362,지원,2025-04-02
J03461,A0362,서류 통과,2025-04-14
J03462,A0362,지원,2025-04-14
J03463,A0362,지원,2025-04-18
J03464,A0362,지원,2025-05-01
J03464,A0362,서류 통과,2025-05-18
J03464,A0362,과제·테스트 통과,2025-05-29
J03465,A0362,지원,2025-05-06
J03466,A0362,지원,2025-05-14
J03467,A0362,지원,2025-05-24
J03468,A0363,지원,2025-01-15
J03469,A0363,지원,2025-01-20
J03470,A0363,지원,2025-01-27
J03471,A0363,지원,2025-02-01
J03472,A0363,지원,2025-02-06
J03473,A0363,지원,2025-02-10
J03473,A0363,서류 통과,2025-03-03
J03474,A0363,지원,2025-02-19
J03475,A0363,지원,2025-02-27
J03475,A0363,서류 통과,2025-03-08
J03475,A0363,과제·테스트 통과,2025-03-22
J03476,A0363,지원,2025-03-03
J03477,A0363,지원,2025-03-19
J03478,A0363,지원,2025-03-28
J03479,A0363,지원,2025-04-11
J03480,A0363,지원,2025-04-22
J03481,A0364,지원,2025-07-08
J03482,A0364,지원,2025-07-22
J03483,A0364,지원,2025-08-03
J03484,A0364,지원,2025-08-12
J03485,A0364,지원,2025-08-21
J03486,A0364,지원,2025-09-04
J03487,A0364,지원,2025-09-08
J03487,A0364,서류 통과,2025-09-26
J03488,A0365,지원,2025-03-12
J03488,A0365,서류 통과,2025-03-19
J03488,A0365,과제·테스트 통과,2025-03-31
J03489,A0365,지원,2025-03-16
J03490,A0365,지원,2025-03-31
J03491,A0365,지원,2025-04-10
J03492,A0365,지원,2025-04-23
J03493,A0365,지원,2025-05-04
J03494,A0366,지원,2025-07-12
J03495,A0366,지원,2025-07-19
J03496,A0366,지원,2025-08-01
J03497,A0366,지원,2025-08-08
J03498,A0366,지원,2025-08-15
J03498,A0366,서류 통과,2025-09-04
J03498,A0366,과제·테스트 통과,2025-09-14
J03499,A0366,지원,2025-08-29
J03500,A0366,지원,2025-09-10
J03501,A0366,지원,2025-09-16
J03502,A0366,지원,2025-09-22
J03503,A0366,지원,2025-10-07
J03504,A0366,지원,2025-10-14
J03505,A0366,지원,2025-10-27
J03506,A0366,지원,2025-11-03
J03507,A0366,지원,2025-11-09
J03508,A0366,지원,2025-11-18
J03509,A0366,지원,2025-11-25
J03510,A0366,지원,2025-12-02
J03511,A0366,지원,2025-12-10
J03512,A0366,지원,2025-12-19
J03513,A0366,지원,2025-12-30
J03514,A0367,지원,2025-02-04
J03515,A0367,지원,2025-02-19
J03516,A0367,지원,2025-03-05
J03517,A0367,지원,2025-03-15
J03518,A0367,지원,2025-03-24
J03519,A0367,지원,2025-04-09
J03520,A0367,지원,2025-04-24
J03520,A0367,서류 통과,2025-05-10
J03520,A0367,과제·테스트 통과,2025-05-19
J03521,A0367,지원,2025-05-06
J03522,A0367,지원,2025-05-19
J03523,A0367,지원,2025-05-31
J03524,A0367,지원,2025-06-08
J03525,A0367,지원,2025-06-23
J03526,A0367,지원,2025-07-09
J03526,A0367,서류 통과,2025-07-17
J03526,A0367,과제·테스트 통과,2025-07-25
J03527,A0367,지원,2025-07-19
J03528,A0368,지원,2025-03-18
J03529,A0368,지원,2025-04-03
J03530,A0368,지원,2025-04-19
J03530,A0368,서류 통과,2025-05-04
J03530,A0368,면접 통과,2025-05-12
J03531,A0368,지원,2025-04-28
J03532,A0368,지원,2025-05-12
J03532,A0368,서류 통과,2025-05-30
J03533,A0368,지원,2025-05-24
J03533,A0368,서류 통과,2025-06-14
J03534,A0368,지원,2025-06-01
J03534,A0368,서류 통과,2025-06-14
J03534,A0368,과제·테스트 통과,2025-06-19
J03535,A0368,지원,2025-06-08
J03536,A0368,지원,2025-06-16
J03537,A0368,지원,2025-06-23
J03537,A0368,서류 통과,2025-07-04
J03537,A0368,과제·테스트 통과,2025-07-16
J03537,A0368,면접 통과,2025-07-31
J03538,A0368,지원,2025-06-27
J03539,A0369,지원,2025-11-25
J03539,A0369,서류 통과,2025-12-14
J03539,A0369,과제·테스트 통과,2025-12-21
J03540,A0369,지원,2025-12-03
J03541,A0369,지원,2025-12-19
J03542,A0370,지원,2025-02-21
J03542,A0370,서류 통과,2025-03-10
J03542,A0370,과제·테스트 통과,2025-03-18
J03542,A0370,면접 통과,2025-03-27
J03543,A0370,지원,2025-03-02
J03544,A0370,지원,2025-03-12
J03544,A0370,서류 통과,2025-04-01
J03545,A0370,지원,2025-03-23
J03546,A0370,지원,2025-04-06
J03547,A0370,지원,2025-04-18
J03548,A0370,지원,2025-04-25
J03549,A0370,지원,2025-04-29
J03550,A0370,지원,2025-05-14
J03551,A0370,지원,2025-05-18
J03552,A0370,지원,2025-05-27
J03553,A0370,지원,2025-06-01
J03553,A0370,서류 통과,2025-06-20
J03553,A0370,면접 통과,2025-07-05
J03554,A0370,지원,2025-06-07
J03555,A0371,지원,2025-04-15
J03555,A0371,서류 통과,2025-05-02
J03556,A0371,지원,2025-04-19
J03557,A0371,지원,2025-05-04
J03558,A0371,지원,2025-05-10
J03558,A0371,서류 통과,2025-05-20
J03558,A0371,과제·테스트 통과,2025-05-25
J03558,A0371,면접 통과,2025-06-09
J03559,A0371,지원,2025-05-21
J03560,A0371,지원,2025-05-25
J03561,A0371,지원,2025-05-31
J03561,A0371,서류 통과,2025-06-21
J03562,A0371,지원,2025-06-13
J03563,A0371,지원,2025-06-23
J03564,A0371,지원,2025-07-03
J03565,A0371,지원,2025-07-17
J03566,A0371,지원,2025-08-01
J03567,A0371,지원,2025-08-17
J03567,A0371,서류 통과,2025-09-01
J03567,A0371,면접 통과,2025-09-20
J03567,A0371,최종 합격,2025-09-30
J03568,A0371,지원,2025-08-26
J03569,A0371,지원,2025-08-31
J03570,A0371,지원,2025-09-16
J03571,A0371,지원,2025-09-25
J03572,A0371,지원,2025-09-30
J03573,A0372,지원,2025-03-19
J03574,A0372,지원,2025-03-31
J03575,A0372,지원,2025-04-10
J03576,A0372,지원,2025-04-20
J03577,A0372,지원,2025-04-24
J03578,A0372,지원,2025-04-30
J03579,A0372,지원,2025-05-04
J03580,A0372,지원,2025-05-19
J03581,A0372,지원,2025-05-23
J03582,A0372,지원,2025-06-05
J03583,A0372,지원,2025-06-21
J03584,A0372,지원,2025-06-29
J03585,A0372,지원,2025-07-06
J03586,A0372,지원,2025-07-18
J03587,A0372,지원,2025-07-29
J03588,A0372,지원,2025-08-14
J03589,A0372,지원,2025-08-21
J03590,A0373,지원,2025-02-04
J03591,A0373,지원,2025-02-17
J03592,A0373,지원,2025-03-03
J03592,A0373,서류 통과,2025-03-20
J03592,A0373,과제·테스트 통과,2025-03-31
J03592,A0373,면접 통과,2025-04-15
J03593,A0373,지원,2025-03-12
J03594,A0373,지원,2025-03-16
J03595,A0373,지원,2025-03-31
J03596,A0373,지원,2025-04-16
J03596,A0373,서류 통과,2025-05-03
J03597,A0374,지원,2025-09-08
J03598,A0374,지원,2025-09-24
J03599,A0374,지원,2025-10-07
J03600,A0374,지원,2025-10-18
J03601,A0374,지원,2025-10-22
J03602,A0374,지원,2025-10-26
J03603,A0374,지원,2025-10-31
J03604,A0374,지원,2025-11-06
J03605,A0374,지원,2025-11-22
J03605,A0374,서류 통과,2025-11-29
J03605,A0374,과제·테스트 통과,2025-12-07
J03606,A0374,지원,2025-12-01
J03607,A0374,지원,2025-12-14
J03608,A0374,지원,2025-12-29
J03609,A0375,지원,2025-08-01
J03610,A0375,지원,2025-08-15
J03611,A0375,지원,2025-08-21
J03612,A0375,지원,2025-09-01
J03613,A0375,지원,2025-09-05
J03614,A0375,지원,2025-09-12
J03615,A0375,지원,2025-09-22
J03616,A0375,지원,2025-10-02
J03617,A0376,지원,2025-04-16
J03618,A0376,지원,2025-04-23
J03618,A0376,서류 통과,2025-05-01
J03618,A0376,과제·테스트 통과,2025-05-06
J03619,A0376,지원,2025-05-03
J03620,A0376,지원,2025-05-08
J03621,A0376,지원,2025-05-16
J03622,A0376,지원,2025-05-24
J03623,A0376,지원,2025-06-04
J03624,A0376,지원,2025-06-20
J03625,A0376,지원,2025-06-25
J03626,A0376,지원,2025-07-06
J03627,A0376,지원,2025-07-13
J03628,A0376,지원,2025-07-17
J03629,A0376,지원,2025-07-30
J03629,A0376,서류 통과,2025-08-20
J03629,A0376,면접 통과,2025-09-04
J03629,A0376,최종 합격,2025-09-13
J03630,A0376,지원,2025-08-10
J03631,A0376,지원,2025-08-18
J03631,A0376,서류 통과,2025-08-26
J03632,A0376,지원,2025-08-23
J03633,A0376,지원,2025-09-05
J03634,A0377,지원,2025-10-05
J03634,A0377,서류 통과,2025-10-14
J03635,A0377,지원,2025-10-09
J03636,A0377,지원,2025-10-17
J03637,A0377,지원,2025-10-30
J03638,A0377,지원,2025-11-08
J03639,A0377,지원,2025-11-17
J03640,A0377,지원,2025-11-30
J03641,A0377,지원,2025-12-11
J03641,A0377,서류 통과,2025-12-30
J03642,A0377,지원,2025-12-15
J03642,A0377,서류 통과,2025-12-24
J03643,A0378,지원,2025-07-18
J03644,A0378,지원,2025-07-31
J03645,A0378,지원,2025-08-11
J03645,A0378,서류 통과,2025-08-31
J03645,A0378,과제·테스트 통과,2025-09-12
J03646,A0378,지원,2025-08-27
J03646,A0378,서류 통과,2025-09-10
J03646,A0378,과제·테스트 통과,2025-09-17
J03646,A0378,면접 통과,2025-10-07
J03647,A0378,지원,2025-09-07
J03648,A0378,지원,2025-09-18
J03649,A0378,지원,2025-10-04
J03650,A0378,지원,2025-10-17
J03651,A0378,지원,2025-10-21
J03652,A0378,지원,2025-10-30
J03653,A0378,지원,2025-11-05
J03653,A0378,서류 통과,2025-11-18
J03653,A0378,면접 통과,2025-11-26
J03653,A0378,최종 합격,2025-12-10
J03654,A0378,지원,2025-11-11
J03655,A0378,지원,2025-11-16
J03656,A0378,지원,2025-11-28
J03657,A0378,지원,2025-12-05
J03658,A0378,지원,2025-12-10
J03658,A0378,서류 통과,2025-12-30
J03659,A0379,지원,2025-06-07
J03660,A0379,지원,2025-06-22
J03660,A0379,서류 통과,2025-07-12
J03660,A0379,과제·테스트 통과,2025-07-19
J03661,A0379,지원,2025-07-02
J03662,A0379,지원,2025-07-09
J03663,A0379,지원,2025-07-16
J03664,A0379,지원,2025-07-25
J03665,A0379,지원,2025-08-07
J03666,A0379,지원,2025-08-21
J03667,A0380,지원,2025-06-10
J03668,A0380,지원,2025-06-17
J03669,A0380,지원,2025-07-03
J03670,A0380,지원,2025-07-18
J03671,A0380,지원,2025-07-22
J03672,A0380,지원,2025-08-03
J03672,A0380,서류 통과,2025-08-18
J03672,A0380,과제·테스트 통과,2025-08-25
J03673,A0380,지원,2025-08-10
J03673,A0380,서류 통과,2025-08-20
J03673,A0380,과제·테스트 통과,2025-08-31
J03673,A0380,면접 통과,2025-09-10
J03674,A0380,지원,2025-08-17
J03675,A0380,지원,2025-08-21
J03675,A0380,서류 통과,2025-09-06
J03676,A0380,지원,2025-09-01
J03677,A0380,지원,2025-09-12
J03677,A0380,서류 통과,2025-09-27
J03677,A0380,과제·테스트 통과,2025-10-11
J03678,A0380,지원,2025-09-17
J03679,A0380,지원,2025-10-01
J03680,A0380,지원,2025-10-13
J03680,A0380,서류 통과,2025-10-22
J03680,A0380,면접 통과,2025-11-10
J03680,A0380,최종 합격,2025-11-17
J03681,A0380,지원,2025-10-24
J03682,A0380,지원,2025-11-05
J03682,A0380,서류 통과,2025-11-24
J03682,A0380,면접 통과,2025-12-05
J03683,A0380,지원,2025-11-17
J03683,A0380,서류 통과,2025-11-24
J03684,A0381,지원,2025-04-18
J03685,A0381,지원,2025-04-25
J03686,A0381,지원,2025-05-03
J03687,A0381,지원,2025-05-11
J03688,A0381,지원,2025-05-23
J03689,A0381,지원,2025-06-03
J03689,A0381,서류 통과,2025-06-21
J03689,A0381,면접 통과,2025-07-14
J03690,A0382,지원,2025-02-25
J03691,A0382,지원,2025-03-10
J03692,A0382,지원,2025-03-26
J03693,A0382,지원,2025-04-11
J03694,A0382,지원,2025-04-25
J03695,A0382,지원,2025-04-30
J03696,A0382,지원,2025-05-05
J03696,A0382,서류 통과,2025-05-20
J03696,A0382,과제·테스트 통과,2025-06-03
J03696,A0382,면접 통과,2025-06-12
J03696,A0382,최종 합격,2025-07-02
J03697,A0382,지원,2025-05-09
J03698,A0382,지원,2025-05-23
J03698,A0382,서류 통과,2025-06-10
J03698,A0382,과제·테스트 통과,2025-06-15
J03699,A0382,지원,2025-06-02
J03700,A0382,지원,2025-06-06
J03701,A0382,지원,2025-06-20
J03701,A0382,서류 통과,2025-07-10
J03702,A0382,지원,2025-06-29
J03703,A0383,지원,2025-03-30
J03704,A0383,지원,2025-04-11
J03705,A0383,지원,2025-04-15
J03706,A0383,지원,2025-04-30
J03707,A0383,지원,2025-05-06
J03708,A0383,지원,2025-05-10
J03708,A0383,서류 통과,2025-05-19
J03708,A0383,과제·테스트 통과,2025-05-27
J03709,A0383,지원,2025-05-18
J03710,A0383,지원,2025-06-01
J03711,A0383,지원,2025-06-12
J03712,A0383,지원,2025-06-19
J03713,A0383,지원,2025-07-03
J03714,A0383,지원,2025-07-17
J03715,A0383,지원,2025-08-01
J03715,A0383,서류 통과,2025-08-22
J03715,A0383,과제·테스트 통과,2025-09-05
J03716,A0383,지원,2025-08-07
J03717,A0383,지원,2025-08-22
J03718,A0383,지원,2025-09-01
J03719,A0384,지원,2025-10-01
J03720,A0384,지원,2025-10-08
J03721,A0384,지원,2025-10-19
J03722,A0384,지원,2025-10-27
J03723,A0384,지원,2025-11-04
J03724,A0384,지원,2025-11-10
J03725,A0384,지원,2025-11-21
J03726,A0385,지원,2025-03-09
J03727,A0385,지원,2025-03-18
J03728,A0385,지원,2025-03-24
J03728,A0385,서류 통과,2025-04-06
J03728,A0385,면접 통과,2025-04-16
J03728,A0385,최종 합격,2025-04-29
J03729,A0385,지원,2025-03-30
J03730,A0385,지원,2025-04-04
J03731,A0385,지원,2025-04-12
J03732,A0385,지원,2025-04-20
J03733,A0386,지원,2025-04-24
J03734,A0386,지원,2025-05-06
J03735,A0386,지원,2025-05-22
J03735,A0386,서류 통과,2025-06-05
J03735,A0386,과제·테스트 통과,2025-06-17
J03736,A0386,지원,2025-06-06
J03737,A0386,지원,2025-06-19
J03738,A0386,지원,2025-07-05
J03739,A0386,지원,2025-07-12
J03740,A0386,지원,2025-07-23
J03741,A0386,지원,2025-08-01
J03742,A0386,지원,2025-08-08
J03743,A0386,지원,2025-08-21
J03744,A0387,지원,2025-09-03
J03745,A0387,지원,2025-09-11
J03746,A0387,지원,2025-09-15
J03747,A0387,지원,2025-09-25
J03747,A0387,서류 통과,2025-10-15
J03747,A0387,면접 통과,2025-11-04
J03748,A0387,지원,2025-09-29
J03749,A0387,지원,2025-10-07
J03749,A0387,서류 통과,2025-10-26
J03750,A0387,지원,2025-10-19
J03751,A0387,지원,2025-10-28
J03752,A0387,지원,2025-11-05
J03753,A0387,지원,2025-11-11
J03754,A0387,지원,2025-11-20
J03755,A0387,지원,2025-11-29
J03756,A0387,지원,2025-12-05
J03757,A0387,지원,2025-12-19
J03758,A0387,지원,2025-12-26
J03759,A0388,지원,2025-09-01
J03759,A0388,서류 통과,2025-09-22
J03759,A0388,과제·테스트 통과,2025-10-04
J03760,A0388,지원,2025-09-14
J03761,A0388,지원,2025-09-26
J03762,A0388,지원,2025-10-06
J03763,A0388,지원,2025-10-14
J03764,A0388,지원,2025-10-25
J03765,A0388,지원,2025-10-30
J03766,A0388,지원,2025-11-04
J03767,A0388,지원,2025-11-16
J03768,A0388,지원,2025-11-30
J03769,A0388,지원,2025-12-15
J03770,A0389,지원,2025-10-20
J03771,A0389,지원,2025-11-04
J03772,A0389,지원,2025-11-08
J03773,A0389,지원,2025-11-15
J03773,A0389,서류 통과,2025-12-02
J03773,A0389,면접 통과,2025-12-16
J03773,A0389,최종 합격,2025-12-22
J03774,A0389,지원,2025-11-25
J03775,A0389,지원,2025-12-11
J03775,A0389,서류 통과,2025-12-19
J03776,A0390,지원,2025-11-26
J03777,A0390,지원,2025-12-01
J03777,A0390,서류 통과,2025-12-16
J03777,A0390,과제·테스트 통과,2025-12-22
J03778,A0390,지원,2025-12-12
J03779,A0390,지원,2025-12-16
J03780,A0390,지원,2025-12-23
J03781,A0391,지원,2025-04-27
J03782,A0391,지원,2025-05-07
J03783,A0391,지원,2025-05-17
J03784,A0391,지원,2025-06-01
J03785,A0391,지원,2025-06-08
J03786,A0391,지원,2025-06-13
J03787,A0391,지원,2025-06-21
J03788,A0391,지원,2025-07-03
J03789,A0391,지원,2025-07-17
J03789,A0391,서류 통과,2025-08-07
J03789,A0391,면접 통과,2025-08-27
J03789,A0391,최종 합격,2025-09-14
J03790,A0391,지원,2025-08-01
J03790,A0391,서류 통과,2025-08-17
J03791,A0391,지원,2025-08-09
J03792,A0391,지원,2025-08-21
J03792,A0391,서류 통과,2025-09-09
J03793,A0391,지원,2025-09-01
J03794,A0391,지원,2025-09-12
J03795,A0392,지원,2025-08-21
J03796,A0392,지원,2025-09-02
J03797,A0392,지원,2025-09-15
J03797,A0392,서류 통과,2025-10-01
J03798,A0392,지원,2025-09-24
J03799,A0393,지원,2025-05-12
J03799,A0393,서류 통과,2025-05-31
J03799,A0393,면접 통과,2025-06-23
J03800,A0393,지원,2025-05-19
J03801,A0393,지원,2025-06-02
J03802,A0393,지원,2025-06-17
J03802,A0393,서류 통과,2025-07-08
J03802,A0393,면접 통과,2025-07-19
J03803,A0393,지원,2025-06-22
J03804,A0393,지원,2025-07-07
J03805,A0393,지원,2025-07-19
J03806,A0393,지원,2025-08-03
J03807,A0393,지원,2025-08-07
J03808,A0393,지원,2025-08-18
J03809,A0393,지원,2025-09-03
J03810,A0393,지원,2025-09-08
J03811,A0393,지원,2025-09-19
J03812,A0393,지원,2025-09-23
J03813,A0394,지원,2025-04-23
J03814,A0394,지원,2025-04-30
J03815,A0394,지원,2025-05-07
J03816,A0394,지원,2025-05-21
J03817,A0394,지원,2025-06-06
J03818,A0394,지원,2025-06-17
J03819,A0394,지원,2025-06-25
J03820,A0394,지원,2025-07-10
J03821,A0395,지원,2025-05-12
J03822,A0395,지원,2025-05-19
J03823,A0395,지원,2025-05-26
J03824,A0395,지원,2025-06-02
J03825,A0395,지원,2025-06-07
J03825,A0395,서류 통과,2025-06-21
J03826,A0395,지원,2025-06-11
J03827,A0395,지원,2025-06-27
J03828,A0395,지원,2025-07-05
J03829,A0395,지원,2025-07-15
J03830,A0395,지원,2025-07-22
J03831,A0395,지원,2025-08-06
J03832,A0395,지원,2025-08-16
J03833,A0396,지원,2025-09-15
J03834,A0396,지원,2025-09-24
J03835,A0396,지원,2025-10-06
J03836,A0396,지원,2025-10-20
J03837,A0396,지원,2025-10-30
J03837,A0396,서류 통과,2025-11-17
J03837,A0396,과제·테스트 통과,2025-11-22
J03837,A0396,면접 통과,2025-12-12
J03837,A0396,최종 합격,2025-12-23
J03838,A0396,지원,2025-11-10
J03839,A0396,지원,2025-11-22
J03840,A0396,지원,2025-11-28
J03840,A0396,서류 통과,2025-12-12
J03841,A0396,지원,2025-12-02
J03842,A0396,지원,2025-12-17
J03843,A0397,지원,2025-11-14
J03843,A0397,서류 통과,2025-11-26
J03843,A0397,과제·테스트 통과,2025-12-08
J03844,A0397,지원,2025-11-23
J03845,A0397,지원,2025-12-04
J03845,A0397,서류 통과,2025-12-17
J03845,A0397,과제·테스트 통과,2025-12-23
J03845,A0397,면접 통과,2025-12-31
J03846,A0397,지원,2025-12-11
J03846,A0397,서류 통과,2025-12-27
J03847,A0397,지원,2025-12-16
J03848,A0397,지원,2025-12-31
J03849,A0398,지원,2025-02-02
J03849,A0398,서류 통과,2025-02-16
J03850,A0398,지원,2025-02-15
J03850,A0398,서류 통과,2025-03-01
J03851,A0398,지원,2025-02-25
J03851,A0398,서류 통과,2025-03-04
J03852,A0398,지원,2025-03-02
J03852,A0398,서류 통과,2025-03-09
J03852,A0398,면접 통과,2025-03-20
J03852,A0398,최종 합격,2025-04-02
J03853,A0398,지원,2025-03-15
J03854,A0398,지원,2025-03-25
J03855,A0399,지원,2025-05-29
J03856,A0399,지원,2025-06-11
J03857,A0399,지원,2025-06-22
J03858,A0399,지원,2025-07-05
J03859,A0399,지원,2025-07-13
J03860,A0400,지원,2025-06-15
J03860,A0400,서류 통과,2025-06-30
J03861,A0400,지원,2025-07-01
J03862,A0400,지원,2025-07-14
J03862,A0400,서류 통과,2025-07-25
J03862,A0400,면접 통과,2025-08-07
J03863,A0400,지원,2025-07-20
J03864,A0400,지원,2025-08-05
J03865,A0400,지원,2025-08-12
J03866,A0401,지원,2025-04-01
J03867,A0401,지원,2025-04-15
J03868,A0401,지원,2025-04-27
J03869,A0401,지원,2025-05-05
J03870,A0401,지원,2025-05-15
J03871,A0401,지원,2025-05-21
J03872,A0401,지원,2025-06-06
J03873,A0401,지원,2025-06-18
J03874,A0401,지원,2025-06-22
J03875,A0401,지원,2025-07-06
J03876,A0401,지원,2025-07-21
J03877,A0401,지원,2025-08-04
J03877,A0401,서류 통과,2025-08-12
J03878,A0401,지원,2025-08-15
J03879,A0401,지원,2025-08-20
J03880,A0402,지원,2025-05-17
J03881,A0402,지원,2025-06-01
J03882,A0402,지원,2025-06-05
J03883,A0402,지원,2025-06-17
J03884,A0402,지원,2025-07-01
J03885,A0403,지원,2025-04-17
J03886,A0403,지원,2025-04-22
J03887,A0403,지원,2025-04-27
J03888,A0403,지원,2025-05-05
J03889,A0403,지원,2025-05-13
J03890,A0403,지원,2025-05-27
J03891,A0404,지원,2025-08-08
J03892,A0404,지원,2025-08-12
J03892,A0404,서류 통과,2025-09-01
J03893,A0404,지원,2025-08-21
J03894,A0404,지원,2025-09-05
J03895,A0405,지원,2025-06-29
J03895,A0405,서류 통과,2025-07-06
J03895,A0405,면접 통과,2025-07-19
J03896,A0405,지원,2025-07-08
J03896,A0405,서류 통과,2025-07-18
J03896,A0405,면접 통과,2025-08-01
J03896,A0405,최종 합격,2025-08-12
J03897,A0405,지원,2025-07-20
J03898,A0405,지원,2025-08-04
J03899,A0406,지원,2025-09-28
J03900,A0406,지원,2025-10-13
J03901,A0406,지원,2025-10-24
J03902,A0406,지원,2025-10-31
J03903,A0406,지원,2025-11-11
J03904,A0406,지원,2025-11-22
J03905,A0406,지원,2025-11-29
J03906,A0406,지원,2025-12-13
J03907,A0406,지원,2025-12-28
J03908,A0407,지원,2025-05-16
J03909,A0407,지원,2025-05-25
J03910,A0407,지원,2025-06-07
J03911,A0407,지원,2025-06-18
J03912,A0407,지원,2025-06-24
J03913,A0408,지원,2025-02-27
J03914,A0408,지원,2025-03-07
J03915,A0408,지원,2025-03-18
J03916,A0408,지원,2025-04-03
J03917,A0408,지원,2025-04-12
J03917,A0408,서류 통과,2025-04-30
J03918,A0408,지원,2025-04-27
J03918,A0408,서류 통과,2025-05-06
J03918,A0408,면접 통과,2025-05-15
J03918,A0408,최종 합격,2025-05-29
J03919,A0408,지원,2025-05-04
J03920,A0408,지원,2025-05-09
J03920,A0408,서류 통과,2025-05-21
J03921,A0408,지원,2025-05-18
J03922,A0408,지원,2025-05-23
J03923,A0409,지원,2025-05-11
J03924,A0409,지원,2025-05-15
J03924,A0409,서류 통과,2025-06-05
J03924,A0409,면접 통과,2025-06-26
J03925,A0409,지원,2025-05-28
J03926,A0409,지원,2025-06-12
J03927,A0409,지원,2025-06-18
J03928,A0409,지원,2025-06-25
J03929,A0410,지원,2025-08-06
J03930,A0410,지원,2025-08-21
J03931,A0410,지원,2025-09-03
J03932,A0410,지원,2025-09-14
J03933,A0410,지원,2025-09-19
J03934,A0410,지원,2025-09-26
J03935,A0410,지원,2025-10-05
J03936,A0410,지원,2025-10-11
J03937,A0410,지원,2025-10-17
J03938,A0410,지원,2025-10-31
J03939,A0410,지원,2025-11-05
J03940,A0410,지원,2025-11-10
J03940,A0410,서류 통과,2025-11-20
J03941,A0410,지원,2025-11-19
J03941,A0410,서류 통과,2025-12-08
J03942,A0410,지원,2025-12-03
J03943,A0410,지원,2025-12-10
J03944,A0410,지원,2025-12-18
J03945,A0411,지원,2025-05-29
J03946,A0411,지원,2025-06-09
J03947,A0411,지원,2025-06-23
J03948,A0411,지원,2025-07-07
J03949,A0411,지원,2025-07-12
J03950,A0411,지원,2025-07-27
J03950,A0411,서류 통과,2025-08-05
J03950,A0411,면접 통과,2025-08-28
J03951,A0411,지원,2025-08-10
J03952,A0411,지원,2025-08-19
J03953,A0411,지원,2025-08-24
J03954,A0411,지원,2025-09-02
J03955,A0411,지원,2025-09-07
J03956,A0412,지원,2025-01-03
J03957,A0412,지원,2025-01-10
J03958,A0412,지원,2025-01-25
J03959,A0412,지원,2025-02-04
J03960,A0412,지원,2025-02-16
J03960,A0412,서류 통과,2025-03-08
J03960,A0412,과제·테스트 통과,2025-03-14
J03961,A0412,지원,2025-03-01
J03962,A0412,지원,2025-03-14
J03963,A0412,지원,2025-03-26
J03964,A0412,지원,2025-04-05
J03965,A0412,지원,2025-04-21
J03966,A0412,지원,2025-05-01
J03967,A0412,지원,2025-05-08
J03967,A0412,서류 통과,2025-05-27
J03967,A0412,과제·테스트 통과,2025-06-05
J03968,A0412,지원,2025-05-22
J03969,A0412,지원,2025-05-30
J03970,A0412,지원,2025-06-06
J03971,A0412,지원,2025-06-13
J03972,A0412,지원,2025-06-26
J03973,A0412,지원,2025-07-09
J03974,A0412,지원,2025-07-23
J03975,A0412,지원,2025-08-03
J03975,A0412,서류 통과,2025-08-18
J03976,A0412,지원,2025-08-08
J03977,A0412,지원,2025-08-13
J03978,A0412,지원,2025-08-27
J03979,A0412,지원,2025-09-03
J03980,A0412,지원,2025-09-14
J03981,A0412,지원,2025-09-24
J03981,A0412,서류 통과,2025-10-01
J03982,A0412,지원,2025-10-01
J03982,A0412,서류 통과,2025-10-13
J03983,A0413,지원,2025-10-05
J03984,A0413,지원,2025-10-19
J03985,A0413,지원,2025-10-28
J03986,A0413,지원,2025-11-13
J03987,A0413,지원,2025-11-21
J03988,A0413,지원,2025-12-05
J03989,A0413,지원,2025-12-10
J03989,A0413,서류 통과,2025-12-17
J03990,A0413,지원,2025-12-22
J03991,A0413,지원,2025-12-27
J03992,A0414,지원,2025-01-06
J03993,A0414,지원,2025-01-13
J03994,A0414,지원,2025-01-19
J03995,A0414,지원,2025-01-29
J03996,A0414,지원,2025-02-05
J03997,A0414,지원,2025-02-11
J03998,A0414,지원,2025-02-15
J03999,A0414,지원,2025-02-22
J04000,A0414,지원,2025-02-28
J04001,A0414,지원,2025-03-04
J04002,A0414,지원,2025-03-19
J04003,A0414,지원,2025-03-26
J04004,A0414,지원,2025-04-01
J04005,A0414,지원,2025-04-17
J04006,A0414,지원,2025-04-21
J04007,A0414,지원,2025-04-30
J04008,A0414,지원,2025-05-12
J04009,A0414,지원,2025-05-20
J04010,A0414,지원,2025-05-29
J04011,A0415,지원,2025-02-28
J04012,A0415,지원,2025-03-14
J04012,A0415,서류 통과,2025-03-24
J04013,A0415,지원,2025-03-19
J04014,A0415,지원,2025-04-04
J04015,A0415,지원,2025-04-20
J04016,A0415,지원,2025-04-29
J04017,A0416,지원,2025-11-10
J04017,A0416,서류 통과,2025-11-23
J04017,A0416,면접 통과,2025-12-12
J04018,A0416,지원,2025-11-14
J04019,A0416,지원,2025-11-21
J04019,A0416,서류 통과,2025-12-04
J04019,A0416,과제·테스트 통과,2025-12-11
J04019,A0416,면접 통과,2025-12-30
J04020,A0416,지원,2025-12-04
J04021,A0416,지원,2025-12-19
J04022,A0417,지원,2025-11-02
J04023,A0417,지원,2025-11-07
J04024,A0417,지원,2025-11-11
J04025,A0417,지원,2025-11-22
J04026,A0417,지원,2025-12-06
J04027,A0417,지원,2025-12-22
J04028,A0418,지원,2025-09-29
J04029,A0418,지원,2025-10-07
J04030,A0418,지원,2025-10-21
J04031,A0418,지원,2025-10-29
J04032,A0418,지원,2025-11-02
J04032,A0418,서류 통과,2025-11-23
J04033,A0418,지원,2025-11-15
J04034,A0418,지원,2025-11-22
J04034,A0418,서류 통과,2025-12-02
J04034,A0418,면접 통과,2025-12-22
J04035,A0418,지원,2025-12-02
J04036,A0418,지원,2025-12-18
J04037,A0418,지원,2025-12-30
J04038,A0419,지원,2025-07-09
J04038,A0419,서류 통과,2025-07-18
J04039,A0419,지원,2025-07-23
J04040,A0419,지원,2025-07-27
J04040,A0419,서류 통과,2025-08-13
J04040,A0419,면접 통과,2025-09-01
J04041,A0419,지원,2025-08-10
J04041,A0419,서류 통과,2025-08-17
J04042,A0419,지원,2025-08-26
J04043,A0419,지원,2025-09-08
J04044,A0420,지원,2025-10-05
J04045,A0420,지원,2025-10-10
J04046,A0420,지원,2025-10-23
J04047,A0420,지원,2025-11-03
J04048,A0420,지원,2025-11-07
J04049,A0420,지원,2025-11-18
J04050,A0421,지원,2025-02-04
J04051,A0421,지원,2025-02-17
J04051,A0421,서류 통과,2025-03-05
J04052,A0421,지원,2025-02-23
J04053,A0421,지원,2025-02-28
J04054,A0421,지원,2025-03-13
J04055,A0421,지원,2025-03-25
J04056,A0421,지원,2025-04-01
J04057,A0421,지원,2025-04-14
J04058,A0421,지원,2025-04-24
J04059,A0421,지원,2025-04-30
J04060,A0421,지원,2025-05-07
J04061,A0421,지원,2025-05-14
J04062,A0421,지원,2025-05-25
J04063,A0421,지원,2025-05-30
J04064,A0422,지원,2025-06-27
J04065,A0422,지원,2025-07-01
J04065,A0422,서류 통과,2025-07-11
J04066,A0422,지원,2025-07-13
J04067,A0422,지원,2025-07-23
J04068,A0423,지원,2025-08-06
J04069,A0423,지원,2025-08-16
J04070,A0423,지원,2025-08-24
J04071,A0423,지원,2025-09-03
J04072,A0423,지원,2025-09-12
J04073,A0423,지원,2025-09-24
J04073,A0423,서류 통과,2025-10-03
J04074,A0423,지원,2025-10-09
J04075,A0424,지원,2025-01-06
J04076,A0424,지원,2025-01-22
J04077,A0424,지원,2025-01-28
J04078,A0424,지원,2025-02-13
J04079,A0424,지원,2025-03-01
J04080,A0424,지원,2025-03-08
J04081,A0424,지원,2025-03-15
J04082,A0424,지원,2025-03-29
J04083,A0424,지원,2025-04-06
J04084,A0424,지원,2025-04-11
J04085,A0424,지원,2025-04-27
J04086,A0424,지원,2025-05-12
J04086,A0424,서류 통과,2025-06-02
J04087,A0424,지원,2025-05-22
J04087,A0424,서류 통과,2025-05-31
J04088,A0424,지원,2025-06-05
J04089,A0424,지원,2025-06-09
J04090,A0425,지원,2025-11-16
J04091,A0425,지원,2025-11-22
J04091,A0425,서류 통과,2025-12-09
J04092,A0425,지원,2025-12-04
J04093,A0425,지원,2025-12-18
J04094,A0425,지원,2025-12-29
J04095,A0426,지원,2025-02-18
J04096,A0426,지원,2025-03-01
J04097,A0426,지원,2025-03-16
J04098,A0426,지원,2025-04-01
J04099,A0426,지원,2025-04-07
J04100,A0426,지원,2025-04-12
J04101,A0426,지원,2025-04-28
J04102,A0426,지원,2025-05-10
J04103,A0426,지원,2025-05-25
J04103,A0426,서류 통과,2025-06-08
J04104,A0427,지원,2025-11-18
J04105,A0427,지원,2025-11-25
J04106,A0427,지원,2025-12-09
J04107,A0427,지원,2025-12-19
J04108,A0427,지원,2025-12-31
J04109,A0428,지원,2025-10-04
J04110,A0428,지원,2025-10-13
J04111,A0428,지원,2025-10-27
J04112,A0428,지원,2025-11-12
J04112,A0428,서류 통과,2025-12-01
J04112,A0428,면접 통과,2025-12-11
J04113,A0428,지원,2025-11-25
J04114,A0428,지원,2025-12-11
J04115,A0428,지원,2025-12-23
J04116,A0429,지원,2025-05-13
J04117,A0429,지원,2025-05-19
J04118,A0429,지원,2025-06-01
J04119,A0429,지원,2025-06-17
J04120,A0429,지원,2025-06-30
J04120,A0429,서류 통과,2025-07-12
J04121,A0429,지원,2025-07-07
J04122,A0429,지원,2025-07-16
J04122,A0429,서류 통과,2025-07-25
J04122,A0429,면접 통과,2025-08-16
J04122,A0429,최종 합격,2025-08-23
J04123,A0429,지원,2025-07-26
J04124,A0429,지원,2025-08-09
J04124,A0429,서류 통과,2025-08-24
J04124,A0429,과제·테스트 통과,2025-09-06
J04125,A0429,지원,2025-08-17
J04126,A0430,지원,2025-02-17
J04127,A0430,지원,2025-02-27
J04127,A0430,서류 통과,2025-03-13
J04128,A0430,지원,2025-03-06
J04129,A0430,지원,2025-03-17
J04130,A0430,지원,2025-03-25
J04131,A0430,지원,2025-03-29
J04131,A0430,서류 통과,2025-04-13
J04131,A0430,과제·테스트 통과,2025-04-20
J04131,A0430,면접 통과,2025-05-03
J04132,A0430,지원,2025-04-11
J04132,A0430,서류 통과,2025-04-25
J04133,A0430,지원,2025-04-18
J04134,A0430,지원,2025-05-04
J04135,A0431,지원,2025-09-13
J04136,A0431,지원,2025-09-18
J04137,A0431,지원,2025-10-02
J04138,A0431,지원,2025-10-16
J04139,A0431,지원,2025-10-23
J04140,A0431,지원,2025-10-30
J04141,A0431,지원,2025-11-14
J04142,A0431,지원,2025-11-29
J04142,A0431,서류 통과,2025-12-07
J04142,A0431,면접 통과,2025-12-24
J04143,A0431,지원,2025-12-10
J04144,A0431,지원,2025-12-24
J04145,A0432,지원,2025-10-27
J04146,A0432,지원,2025-11-05
J04147,A0432,지원,2025-11-12
J04147,A0432,서류 통과,2025-11-25
J04147,A0432,면접 통과,2025-12-14
J04147,A0432,최종 합격,2025-12-24
J04148,A0432,지원,2025-11-17
J04149,A0432,지원,2025-11-22
J04150,A0432,지원,2025-12-02
J04150,A0432,서류 통과,2025-12-09
J04150,A0432,면접 통과,2025-12-25
J04151,A0432,지원,2025-12-08
J04152,A0432,지원,2025-12-23
J04153,A0433,지원,2025-04-01
J04154,A0433,지원,2025-04-17
J04154,A0433,서류 통과,2025-05-02
J04154,A0433,과제·테스트 통과,2025-05-10
J04155,A0433,지원,2025-04-29
J04156,A0433,지원,2025-05-04
J04156,A0433,서류 통과,2025-05-13
J04157,A0433,지원,2025-05-08
J04158,A0433,지원,2025-05-24
J04158,A0433,서류 통과,2025-06-10
J04159,A0433,지원,2025-06-08
J04160,A0434,지원,2025-06-30
J04160,A0434,서류 통과,2025-07-17
J04161,A0434,지원,2025-07-05
J04162,A0434,지원,2025-07-13
J04163,A0434,지원,2025-07-21
J04164,A0434,지원,2025-08-02
J04165,A0434,지원,2025-08-07
J04165,A0434,서류 통과,2025-08-14
J04165,A0434,면접 통과,2025-09-03
J04166,A0434,지원,2025-08-12
J04167,A0434,지원,2025-08-24
J04168,A0434,지원,2025-09-03
J04169,A0434,지원,2025-09-15
J04169,A0434,서류 통과,2025-09-28
J04170,A0434,지원,2025-09-30
J04171,A0434,지원,2025-10-16
J04172,A0434,지원,2025-10-30
J04173,A0435,지원,2025-06-25
J04174,A0435,지원,2025-07-01
J04175,A0435,지원,2025-07-09
J04175,A0435,서류 통과,2025-07-24
J04175,A0435,과제·테스트 통과,2025-08-04
J04176,A0435,지원,2025-07-13
J04177,A0435,지원,2025-07-18
J04178,A0435,지원,2025-07-29
J04179,A0435,지원,2025-08-14
J04180,A0435,지원,2025-08-18
J04181,A0435,지원,2025-08-27
J04181,A0435,서류 통과,2025-09-11
J04181,A0435,면접 통과,2025-09-23
J04182,A0435,지원,2025-09-11
J04183,A0435,지원,2025-09-25
J04183,A0435,서류 통과,2025-10-14
J04184,A0435,지원,2025-10-02
J04185,A0435,지원,2025-10-15
J04186,A0435,지원,2025-10-21
J04187,A0435,지원,2025-10-28
J04188,A0435,지원,2025-11-05
J04188,A0435,서류 통과,2025-11-19
J04188,A0435,면접 통과,2025-12-02
J04189,A0435,지원,2025-11-14
J04190,A0435,지원,2025-11-22
J04191,A0435,지원,2025-12-02
J04192,A0435,지원,2025-12-06
J04193,A0435,지원,2025-12-19
J04194,A0436,지원,2025-07-03
J04195,A0436,지원,2025-07-11
J04196,A0436,지원,2025-07-17
J04197,A0436,지원,2025-08-01
J04197,A0436,서류 통과,2025-08-19
J04197,A0436,과제·테스트 통과,2025-08-27
J04197,A0436,면접 통과,2025-09-09
J04198,A0436,지원,2025-08-11
J04199,A0436,지원,2025-08-24
J04199,A0436,서류 통과,2025-09-07
J04200,A0437,지원,2025-11-04
J04201,A0437,지원,2025-11-08
J04201,A0437,서류 통과,2025-11-16
J04201,A0437,면접 통과,2025-11-29
J04202,A0437,지원,2025-11-12
J04203,A0437,지원,2025-11-25
J04204,A0437,지원,2025-12-06
J04205,A0437,지원,2025-12-19
J04206,A0437,지원,2025-12-27
J04207,A0438,지원,2025-11-15
J04208,A0438,지원,2025-11-21
J04209,A0438,지원,2025-11-29
J04210,A0438,지원,2025-12-07
J04210,A0438,서류 통과,2025-12-26
J04211,A0438,지원,2025-12-13
J04211,A0438,서류 통과,2025-12-26
J04211,A0438,과제·테스트 통과,2025-12-31
J04212,A0438,지원,2025-12-18
J04212,A0438,서류 통과,2025-12-27
J04213,A0439,지원,2025-09-23
J04214,A0439,지원,2025-10-08
J04215,A0439,지원,2025-10-14
J04215,A0439,서류 통과,2025-10-30
J04215,A0439,과제·테스트 통과,2025-11-13
J04215,A0439,면접 통과,2025-11-21
J04215,A0439,최종 합격,2025-11-28
J04216,A0439,지원,2025-10-28
J04217,A0439,지원,2025-11-05
J04218,A0439,지원,2025-11-09
J04219,A0439,지원,2025-11-14
J04220,A0439,지원,2025-11-19
J04221,A0440,지원,2025-11-03
J04222,A0440,지원,2025-11-11
J04222,A0440,서류 통과,2025-11-21
J04222,A0440,과제·테스트 통과,2025-12-04
J04223,A0440,지원,2025-11-19
J04224,A0440,지원,2025-11-24
J04225,A0440,지원,2025-11-30
J04226,A0440,지원,2025-12-06
J04227,A0440,지원,2025-12-11
J04228,A0440,지원,2025-12-19
J04229,A0440,지원,2025-12-23
J04230,A0441,지원,2025-04-05
J04230,A0441,서류 통과,2025-04-26
J04230,A0441,면접 통과,2025-05-15
J04231,A0441,지원,2025-04-18
J04231,A0441,서류 통과,2025-05-01
J04232,A0441,지원,2025-05-04
J04233,A0441,지원,2025-05-09
J04234,A0441,지원,2025-05-23
J04235,A0441,지원,2025-06-07
J04236,A0441,지원,2025-06-19
J04237,A0441,지원,2025-06-29
J04238,A0441,지원,2025-07-14
J04239,A0441,지원,2025-07-22
J04240,A0441,지원,2025-07-27
J04241,A0441,지원,2025-08-09
J04241,A0441,서류 통과,2025-08-19
J04241,A0441,과제·테스트 통과,2025-08-30
J04241,A0441,면접 통과,2025-09-12
J04242,A0441,지원,2025-08-23
J04243,A0441,지원,2025-09-03
J04243,A0441,서류 통과,2025-09-16
J04243,A0441,면접 통과,2025-10-06
J04244,A0441,지원,2025-09-12
J04245,A0441,지원,2025-09-17
J04245,A0441,서류 통과,2025-10-08
J04245,A0441,과제·테스트 통과,2025-10-14
J04246,A0442,지원,2025-04-04
J04246,A0442,서류 통과,2025-04-15
J04246,A0442,과제·테스트 통과,2025-04-22
J04247,A0442,지원,2025-04-15
J04248,A0442,지원,2025-05-01
J04249,A0442,지원,2025-05-13
J04250,A0442,지원,2025-05-18
J04250,A0442,서류 통과,2025-05-26
J04251,A0442,지원,2025-05-29
J04251,A0442,서류 통과,2025-06-15
J04252,A0442,지원,2025-06-13
J04253,A0442,지원,2025-06-20
J04253,A0442,서류 통과,2025-07-07
J04253,A0442,면접 통과,2025-07-28
J04254,A0442,지원,2025-06-24
J04255,A0442,지원,2025-07-01
J04256,A0442,지원,2025-07-12
J04257,A0443,지원,2025-01-06
J04257,A0443,서류 통과,2025-01-18
J04257,A0443,면접 통과,2025-01-31
J04257,A0443,최종 합격,2025-02-15
J04258,A0443,지원,2025-01-14
J04259,A0443,지원,2025-01-24
J04260,A0443,지원,2025-01-31
J04261,A0443,지원,2025-02-08
J04262,A0444,지원,2025-11-06
J04263,A0444,지원,2025-11-19
J04264,A0444,지원,2025-12-05
J04265,A0444,지원,2025-12-17
J04265,A0444,서류 통과,2025-12-25
J04266,A0445,지원,2025-07-02
J04266,A0445,서류 통과,2025-07-18
J04267,A0445,지원,2025-07-16
J04268,A0445,지원,2025-07-25
J04269,A0445,지원,2025-08-09
J04269,A0445,서류 통과,2025-08-21
J04269,A0445,면접 통과,2025-09-03
J04269,A0445,최종 합격,2025-09-17
J04270,A0445,지원,2025-08-13
J04271,A0445,지원,2025-08-17
J04271,A0445,서류 통과,2025-08-31
J04271,A0445,면접 통과,2025-09-08
J04271,A0445,최종 합격,2025-09-18
J04272,A0445,지원,2025-08-23
J04273,A0445,지원,2025-08-27
J04274,A0445,지원,2025-09-05
J04275,A0446,지원,2025-08-17
J04276,A0446,지원,2025-08-22
J04277,A0446,지원,2025-08-27
J04278,A0446,지원,2025-09-11
J04278,A0446,서류 통과,2025-09-26
J04279,A0446,지원,2025-09-24
J04280,A0446,지원,2025-10-01
J04281,A0446,지원,2025-10-06
J04282,A0446,지원,2025-10-10
J04283,A0446,지원,2025-10-25
J04284,A0446,지원,2025-11-04
J04285,A0446,지원,2025-11-16
J04285,A0446,서류 통과,2025-11-26
J04286,A0446,지원,2025-11-22
J04287,A0446,지원,2025-12-07
J04288,A0446,지원,2025-12-20
J04289,A0447,지원,2025-03-30
J04290,A0447,지원,2025-04-06
J04291,A0447,지원,2025-04-11
J04292,A0447,지원,2025-04-19
J04293,A0447,지원,2025-04-25
J04294,A0447,지원,2025-05-01
J04294,A0447,서류 통과,2025-05-14
J04295,A0448,지원,2025-05-25
J04295,A0448,서류 통과,2025-06-15
J04295,A0448,면접 통과,2025-07-01
J04296,A0448,지원,2025-05-31
J04297,A0448,지원,2025-06-09
J04298,A0449,지원,2025-06-06
J04299,A0449,지원,2025-06-12
J04300,A0449,지원,2025-06-24
J04301,A0449,지원,2025-07-08
J04302,A0449,지원,2025-07-21
J04303,A0449,지원,2025-07-27
J04304,A0449,지원,2025-07-31
J04305,A0449,지원,2025-08-16
J04306,A0449,지원,2025-08-27
J04307,A0450,지원,2025-06-04
J04308,A0450,지원,2025-06-19
J04309,A0450,지원,2025-06-26
J04310,A0450,지원,2025-07-05
J04311,A0450,지원,2025-07-15
J04312,A0451,지원,2025-11-20
J04313,A0451,지원,2025-12-02
J04314,A0451,지원,2025-12-08
J04315,A0451,지원,2025-12-15
J04316,A0451,지원,2025-12-25
J04317,A0452,지원,2025-05-31
J04318,A0452,지원,2025-06-04
J04319,A0452,지원,2025-06-17
J04319,A0452,서류 통과,2025-06-30
J04319,A0452,과제·테스트 통과,2025-07-10
J04320,A0452,지원,2025-06-29
J04320,A0452,서류 통과,2025-07-19
J04321,A0452,지원,2025-07-07
J04322,A0452,지원,2025-07-14
J04323,A0452,지원,2025-07-20
J04324,A0452,지원,2025-08-01
J04325,A0452,지원,2025-08-17
J04326,A0452,지원,2025-08-22
J04327,A0453,지원,2025-04-02
J04328,A0453,지원,2025-04-11
J04328,A0453,서류 통과,2025-05-02
J04329,A0453,지원,2025-04-15
J04329,A0453,서류 통과,2025-05-03
J04330,A0453,지원,2025-04-23
J04331,A0453,지원,2025-05-09
J04332,A0453,지원,2025-05-25
J04333,A0453,지원,2025-06-08
J04334,A0453,지원,2025-06-14
J04335,A0453,지원,2025-06-20
J04336,A0453,지원,2025-06-26
J04337,A0453,지원,2025-07-10
J04337,A0453,서류 통과,2025-07-27
J04337,A0453,과제·테스트 통과,2025-08-04
J04338,A0453,지원,2025-07-20
J04339,A0453,지원,2025-07-29
J04340,A0454,지원,2025-05-09
J04341,A0454,지원,2025-05-20
J04342,A0454,지원,2025-06-01
J04343,A0454,지원,2025-06-05
J04344,A0454,지원,2025-06-12
J04345,A0454,지원,2025-06-23
J04345,A0454,서류 통과,2025-07-13
J04346,A0454,지원,2025-06-30
J04347,A0454,지원,2025-07-04
J04348,A0454,지원,2025-07-11
J04349,A0454,지원,2025-07-27
J04350,A0454,지원,2025-08-01
J04351,A0454,지원,2025-08-10
J04352,A0454,지원,2025-08-14
J04353,A0454,지원,2025-08-28
J04354,A0454,지원,2025-09-09
J04355,A0454,지원,2025-09-16
J04356,A0454,지원,2025-09-30
J04357,A0454,지원,2025-10-04
J04358,A0454,지원,2025-10-11
J04359,A0454,지원,2025-10-15
J04360,A0454,지원,2025-10-30
J04360,A0454,서류 통과,2025-11-10
J04361,A0454,지원,2025-11-13
J04362,A0454,지원,2025-11-28
J04363,A0455,지원,2025-10-12
J04364,A0455,지원,2025-10-18
J04365,A0455,지원,2025-10-31
J04366,A0455,지원,2025-11-04
J04367,A0456,지원,2025-09-24
J04368,A0456,지원,2025-10-08
J04369,A0456,지원,2025-10-12
J04370,A0457,지원,2025-06-17
J04371,A0457,지원,2025-06-27
J04371,A0457,서류 통과,2025-07-04
J04372,A0457,지원,2025-07-06
J04372,A0457,서류 통과,2025-07-14
J04372,A0457,면접 통과,2025-08-06
J04372,A0457,최종 합격,2025-08-18
J04373,A0457,지원,2025-07-21
J04374,A0457,지원,2025-08-03
J04375,A0457,지원,2025-08-11
J04376,A0457,지원,2025-08-17
J04377,A0458,지원,2025-06-05
J04378,A0458,지원,2025-06-17
J04379,A0458,지원,2025-06-29
J04380,A0458,지원,2025-07-12
J04381,A0458,지원,2025-07-23
J04382,A0458,지원,2025-08-05
J04383,A0458,지원,2025-08-15
J04384,A0459,지원,2025-01-07
J04384,A0459,서류 통과,2025-01-20
J04384,A0459,과제·테스트 통과,2025-02-02
J04385,A0459,지원,2025-01-13
J04385,A0459,서류 통과,2025-01-22
J04385,A0459,면접 통과,2025-02-11
J04386,A0459,지원,2025-01-24
J04387,A0459,지원,2025-02-07
J04388,A0459,지원,2025-02-17
J04388,A0459,서류 통과,2025-03-06
J04388,A0459,과제·테스트 통과,2025-03-20
J04389,A0459,지원,2025-02-25
J04390,A0459,지원,2025-03-02
J04391,A0459,지원,2025-03-09
J04392,A0459,지원,2025-03-13
J04393,A0459,지원,2025-03-17
J04394,A0459,지원,2025-03-28
J04395,A0459,지원,2025-04-09
J04396,A0459,지원,2025-04-24
J04396,A0459,서류 통과,2025-05-01
J04397,A0459,지원,2025-05-05
J04398,A0459,지원,2025-05-10
J04399,A0459,지원,2025-05-23
J04400,A0459,지원,2025-05-30
J04401,A0459,지원,2025-06-14
J04402,A0459,지원,2025-06-23
J04403,A0460,지원,2025-02-18
J04404,A0460,지원,2025-02-25
J04405,A0460,지원,2025-03-09
J04406,A0460,지원,2025-03-21
J04407,A0460,지원,2025-03-28
J04408,A0460,지원,2025-04-11
J04409,A0460,지원,2025-04-22
J04410,A0460,지원,2025-05-04
J04411,A0461,지원,2025-11-28
J04412,A0461,지원,2025-12-04
J04413,A0461,지원,2025-12-15
J04413,A0461,서류 통과,2025-12-22
J04414,A0461,지원,2025-12-30
J04415,A0462,지원,2025-09-23
J04416,A0462,지원,2025-09-27
J04417,A0462,지원,2025-10-02
J04418,A0462,지원,2025-10-08
J04418,A0462,서류 통과,2025-10-20
J04418,A0462,과제·테스트 통과,2025-10-31
J04419,A0462,지원,2025-10-20
J04420,A0462,지원,2025-10-24
J04421,A0462,지원,2025-11-06
J04422,A0462,지원,2025-11-22
J04423,A0462,지원,2025-11-27
J04424,A0462,지원,2025-12-13
J04425,A0462,지원,2025-12-23
J04426,A0462,지원,2025-12-31
J04427,A0463,지원,2025-08-24
J04428,A0463,지원,2025-09-07
J04429,A0463,지원,2025-09-15
J04430,A0463,지원,2025-09-24
J04430,A0463,서류 통과,2025-10-08
J04430,A0463,면접 통과,2025-10-19
J04430,A0463,최종 합격,2025-11-06
J04431,A0463,지원,2025-09-28
J04432,A0463,지원,2025-10-08
J04432,A0463,서류 통과,2025-10-17
J04432,A0463,과제·테스트 통과,2025-10-22
J04433,A0463,지원,2025-10-16
J04433,A0463,서류 통과,2025-10-25
J04434,A0463,지원,2025-10-29
J04435,A0463,지원,2025-11-03
J04436,A0464,지원,2025-03-25
J04437,A0464,지원,2025-04-01
J04438,A0464,지원,2025-04-10
J04439,A0464,지원,2025-04-26
J04440,A0464,지원,2025-04-30
J04441,A0464,지원,2025-05-05
J04442,A0464,지원,2025-05-13
J04442,A0464,서류 통과,2025-06-03
J04442,A0464,면접 통과,2025-06-23
J04442,A0464,최종 합격,2025-07-11
J04443,A0464,지원,2025-05-17
J04444,A0464,지원,2025-05-24
J04445,A0464,지원,2025-06-03
J04446,A0464,지원,2025-06-19
J04446,A0464,서류 통과,2025-07-06
J04447,A0464,지원,2025-07-04
J04448,A0465,지원,2025-07-20
J04449,A0465,지원,2025-08-05
J04449,A0465,서류 통과,2025-08-20
J04450,A0465,지원,2025-08-09
J04451,A0465,지원,2025-08-24
J04452,A0465,지원,2025-09-04
J04453,A0465,지원,2025-09-10
J04453,A0465,서류 통과,2025-09-24
J04454,A0465,지원,2025-09-21
J04455,A0465,지원,2025-09-28
J04456,A0466,지원,2025-08-17
J04457,A0466,지원,2025-08-31
J04458,A0466,지원,2025-09-10
J04458,A0466,서류 통과,2025-09-25
J04459,A0466,지원,2025-09-16
J04460,A0466,지원,2025-09-29
J04460,A0466,서류 통과,2025-10-14
J04461,A0466,지원,2025-10-10
J04462,A0466,지원,2025-10-22
J04463,A0466,지원,2025-10-28
J04464,A0466,지원,2025-11-10
J04465,A0466,지원,2025-11-20
J04465,A0466,서류 통과,2025-12-05
J04465,A0466,면접 통과,2025-12-18
J04465,A0466,최종 합격,2025-12-31
J04466,A0466,지원,2025-12-02
J04467,A0466,지원,2025-12-11
J04468,A0466,지원,2025-12-15
J04468,A0466,서류 통과,2025-12-28
J04469,A0466,지원,2025-12-24
J04470,A0467,지원,2025-06-30
J04471,A0467,지원,2025-07-05
J04472,A0467,지원,2025-07-19
J04473,A0467,지원,2025-07-28
J04474,A0467,지원,2025-08-05
J04475,A0467,지원,2025-08-15
J04476,A0467,지원,2025-08-22
J04477,A0467,지원,2025-08-27
J04478,A0467,지원,2025-09-11
J04479,A0467,지원,2025-09-21
J04480,A0467,지원,2025-10-02
J04480,A0467,서류 통과,2025-10-12
J04481,A0467,지원,2025-10-16
J04482,A0467,지원,2025-10-28
J04483,A0467,지원,2025-11-04
J04483,A0467,서류 통과,2025-11-23
J04483,A0467,면접 통과,2025-12-13
J04484,A0467,지원,2025-11-18
J04485,A0467,지원,2025-11-25
J04486,A0467,지원,2025-11-30
J04487,A0467,지원,2025-12-14
J04488,A0467,지원,2025-12-21
J04489,A0467,지원,2025-12-30
J04490,A0468,지원,2025-05-08
J04491,A0468,지원,2025-05-22
J04492,A0468,지원,2025-05-26
J04493,A0468,지원,2025-06-05
J04494,A0468,지원,2025-06-15
J04495,A0468,지원,2025-06-21
J04496,A0468,지원,2025-06-30
J04497,A0468,지원,2025-07-05
J04498,A0468,지원,2025-07-13
J04498,A0468,서류 통과,2025-07-27
J04499,A0468,지원,2025-07-17
J04500,A0468,지원,2025-07-28
J04501,A0468,지원,2025-08-03
J04502,A0468,지원,2025-08-08
J04503,A0468,지원,2025-08-15
J04504,A0468,지원,2025-08-30
J04505,A0469,지원,2025-05-05
J04506,A0469,지원,2025-05-16
J04507,A0469,지원,2025-05-30
J04507,A0469,서류 통과,2025-06-08
J04507,A0469,면접 통과,2025-06-23
J04507,A0469,최종 합격,2025-07-05
J04508,A0469,지원,2025-06-10
J04509,A0469,지원,2025-06-26
J04510,A0470,지원,2025-09-12
J04511,A0470,지원,2025-09-17
J04512,A0470,지원,2025-09-26
J04513,A0470,지원,2025-10-04
J04514,A0470,지원,2025-10-16
J04515,A0470,지원,2025-10-23
J04515,A0470,서류 통과,2025-11-11
J04515,A0470,면접 통과,2025-11-19
J04515,A0470,최종 합격,2025-11-26
J04516,A0470,지원,2025-11-05
J04517,A0470,지원,2025-11-11
J04518,A0470,지원,2025-11-24
J04519,A0471,지원,2025-01-04
J04520,A0471,지원,2025-01-12
J04521,A0471,지원,2025-01-24
J04522,A0471,지원,2025-02-05
J04522,A0471,서류 통과,2025-02-21
J04522,A0471,면접 통과,2025-03-16
J04523,A0471,지원,2025-02-18
J04524,A0471,지원,2025-02-23
J04525,A0471,지원,2025-03-09
J04526,A0471,지원,2025-03-17
J04526,A0471,서류 통과,2025-03-25
J04526,A0471,면접 통과,2025-04-14
J04526,A0471,최종 합격,2025-05-02
J04527,A0471,지원,2025-03-26
J04528,A0471,지원,2025-03-30
J04529,A0471,지원,2025-04-07
J04530,A0471,지원,2025-04-23
J04531,A0471,지원,2025-05-02
J04532,A0472,지원,2025-11-03
J04533,A0472,지원,2025-11-11
J04534,A0472,지원,2025-11-20
J04535,A0472,지원,2025-12-05
J04536,A0472,지원,2025-12-09
J04537,A0472,지원,2025-12-18
J04538,A0472,지원,2025-12-30
J04539,A0473,지원,2025-09-01
J04540,A0473,지원,2025-09-11
J04541,A0473,지원,2025-09-25
J04541,A0473,서류 통과,2025-10-10
J04542,A0473,지원,2025-10-02
J04542,A0473,서류 통과,2025-10-22
J04543,A0473,지원,2025-10-07
J04544,A0473,지원,2025-10-23
J04545,A0473,지원,2025-10-27
J04546,A0473,지원,2025-11-12
J04546,A0473,서류 통과,2025-11-20
J04546,A0473,면접 통과,2025-12-04
J04546,A0473,최종 합격,2025-12-18
J04547,A0473,지원,2025-11-25
J04548,A0473,지원,2025-12-08
J04549,A0473,지원,2025-12-17
J04550,A0474,지원,2025-10-19
J04551,A0474,지원,2025-10-26
J04551,A0474,서류 통과,2025-11-16
J04551,A0474,과제·테스트 통과,2025-11-25
J04552,A0474,지원,2025-11-10
J04553,A0474,지원,2025-11-19
J04554,A0474,지원,2025-12-03
J04555,A0474,지원,2025-12-10
J04556,A0475,지원,2025-02-04
J04557,A0475,지원,2025-02-20
J04558,A0475,지원,2025-02-26
J04559,A0475,지원,2025-03-14
J04560,A0475,지원,2025-03-18
J04561,A0475,지원,2025-03-25
J04562,A0475,지원,2025-04-10
J04562,A0475,서류 통과,2025-04-30
J04562,A0475,면접 통과,2025-05-10
J04563,A0475,지원,2025-04-19
J04564,A0476,지원,2025-02-25
J04565,A0476,지원,2025-03-07
J04566,A0476,지원,2025-03-11
J04567,A0476,지원,2025-03-24
J04567,A0476,서류 통과,2025-04-03
J04568,A0476,지원,2025-03-28
J04569,A0476,지원,2025-04-04
J04570,A0476,지원,2025-04-08
J04571,A0476,지원,2025-04-18
J04572,A0476,지원,2025-05-01
J04573,A0477,지원,2025-10-17
J04574,A0477,지원,2025-11-02
J04575,A0477,지원,2025-11-17
J04575,A0477,서류 통과,2025-12-06
J04576,A0477,지원,2025-11-26
J04577,A0477,지원,2025-12-03
J04577,A0477,서류 통과,2025-12-21
J04577,A0477,과제·테스트 통과,2025-12-27
J04578,A0477,지원,2025-12-13
J04579,A0477,지원,2025-12-17
J04580,A0477,지원,2025-12-29
J04581,A0478,지원,2025-08-23
J04582,A0478,지원,2025-08-31
J04583,A0478,지원,2025-09-12
J04584,A0478,지원,2025-09-18
J04585,A0478,지원,2025-09-24
J04586,A0478,지원,2025-10-07
J04586,A0478,서류 통과,2025-10-17
J04587,A0478,지원,2025-10-14
J04588,A0479,지원,2025-03-04
J04588,A0479,서류 통과,2025-03-15
J04588,A0479,면접 통과,2025-03-26
J04589,A0479,지원,2025-03-12
J04589,A0479,서류 통과,2025-04-01
J04589,A0479,과제·테스트 통과,2025-04-06
J04590,A0479,지원,2025-03-22
J04591,A0479,지원,2025-04-06
J04592,A0479,지원,2025-04-12
J04593,A0479,지원,2025-04-23
J04594,A0479,지원,2025-05-06
J04595,A0479,지원,2025-05-10
J04596,A0479,지원,2025-05-26
J04597,A0480,지원,2025-08-26
J04598,A0480,지원,2025-09-01
J04599,A0480,지원,2025-09-11
J04599,A0480,서류 통과,2025-09-26
J04599,A0480,면접 통과,2025-10-10
J04600,A0480,지원,2025-09-26
J04600,A0480,서류 통과,2025-10-15
J04601,A0480,지원,2025-10-04
J04601,A0480,서류 통과,2025-10-16
J04602,A0480,지원,2025-10-19
J04603,A0480,지원,2025-11-03
J04604,A0480,지원,2025-11-19
J04605,A0481,지원,2025-07-22
J04605,A0481,서류 통과,2025-08-09
J04606,A0481,지원,2025-07-30
J04607,A0481,지원,2025-08-03
J04608,A0481,지원,2025-08-14
J04608,A0481,서류 통과,2025-08-28
J04608,A0481,과제·테스트 통과,2025-09-05
J04609,A0482,지원,2025-02-24
J04610,A0482,지원,2025-03-07
J04611,A0482,지원,2025-03-17
J04612,A0482,지원,2025-03-25
J04613,A0482,지원,2025-04-06
J04614,A0482,지원,2025-04-19
J04615,A0482,지원,2025-05-05
J04616,A0482,지원,2025-05-20
J04617,A0482,지원,2025-06-02
J04618,A0482,지원,2025-06-07
J04619,A0482,지원,2025-06-18
J04619,A0482,서류 통과,2025-06-28
J04620,A0482,지원,2025-06-23
J04621,A0482,지원,2025-07-07
J04622,A0482,지원,2025-07-19
J04623,A0482,지원,2025-07-29
J04624,A0482,지원,2025-08-12
J04625,A0482,지원,2025-08-24
J04626,A0482,지원,2025-09-06
J04627,A0482,지원,2025-09-11
J04627,A0482,서류 통과,2025-09-29
J04628,A0482,지원,2025-09-21
J04629,A0482,지원,2025-10-05
J04630,A0482,지원,2025-10-11
J04631,A0482,지원,2025-10-20
J04632,A0482,지원,2025-10-31
J04633,A0483,지원,2025-08-12
J04634,A0483,지원,2025-08-21
J04635,A0483,지원,2025-08-26
J04636,A0483,지원,2025-09-06
J04637,A0483,지원,2025-09-15
J04638,A0483,지원,2025-09-30
J04639,A0483,지원,2025-10-04
J04640,A0483,지원,2025-10-16
J04641,A0483,지원,2025-10-23
J04642,A0483,지원,2025-11-08
J04643,A0483,지원,2025-11-19
J04643,A0483,서류 통과,2025-11-28
J04643,A0483,면접 통과,2025-12-13
J04644,A0483,지원,2025-11-23
J04645,A0483,지원,2025-11-30
J04646,A0483,지원,2025-12-13
J04646,A0483,서류 통과,2025-12-31
J04647,A0483,지원,2025-12-27
J04648,A0484,지원,2025-10-15
J04649,A0484,지원,2025-10-25
J04650,A0484,지원,2025-11-04
J04651,A0484,지원,2025-11-19
J04651,A0484,서류 통과,2025-11-26
J04652,A0485,지원,2025-06-10
J04653,A0485,지원,2025-06-25
J04654,A0485,지원,2025-07-09
J04655,A0485,지원,2025-07-20
J04656,A0485,지원,2025-07-30
J04656,A0485,서류 통과,2025-08-14
J04657,A0485,지원,2025-08-03
J04658,A0485,지원,2025-08-07
J04659,A0485,지원,2025-08-20
J04660,A0485,지원,2025-09-03
J04661,A0485,지원,2025-09-13
J04662,A0485,지원,2025-09-29
J04663,A0485,지원,2025-10-13
J04663,A0485,서류 통과,2025-10-31
J04664,A0485,지원,2025-10-24
J04665,A0485,지원,2025-11-07
J04665,A0485,서류 통과,2025-11-15
J04665,A0485,면접 통과,2025-11-26
J04665,A0485,최종 합격,2025-12-07
J04666,A0485,지원,2025-11-21
J04666,A0485,서류 통과,2025-12-11
J04667,A0485,지원,2025-11-29
J04667,A0485,서류 통과,2025-12-09
J04667,A0485,면접 통과,2025-12-19
J04668,A0485,지원,2025-12-07
J04669,A0486,지원,2025-08-25
J04670,A0486,지원,2025-09-08
J04670,A0486,서류 통과,2025-09-29
J04671,A0486,지원,2025-09-14
J04672,A0486,지원,2025-09-30
J04672,A0486,서류 통과,2025-10-09
J04672,A0486,과제·테스트 통과,2025-10-20
J04673,A0487,지원,2025-08-30
J04674,A0487,지원,2025-09-10
J04675,A0487,지원,2025-09-23
J04675,A0487,서류 통과,2025-10-05
J04676,A0487,지원,2025-10-05
J04677,A0487,지원,2025-10-21
J04678,A0487,지원,2025-10-29
J04678,A0487,서류 통과,2025-11-18
J04679,A0487,지원,2025-11-04
J04679,A0487,서류 통과,2025-11-14
J04680,A0487,지원,2025-11-09
J04681,A0488,지원,2025-11-18
J04682,A0488,지원,2025-11-23
J04683,A0488,지원,2025-12-04
J04684,A0488,지원,2025-12-17
J04685,A0488,지원,2025-12-26
J04686,A0489,지원,2025-07-09
J04687,A0489,지원,2025-07-24
J04688,A0489,지원,2025-07-31
J04689,A0489,지원,2025-08-13
J04690,A0489,지원,2025-08-26
J04691,A0490,지원,2025-01-22
J04692,A0490,지원,2025-02-02
J04693,A0490,지원,2025-02-08
J04694,A0490,지원,2025-02-17
J04695,A0490,지원,2025-02-27
J04695,A0490,서류 통과,2025-03-17
J04695,A0490,면접 통과,2025-04-01
J04696,A0490,지원,2025-03-12
J04697,A0490,지원,2025-03-27
J04698,A0490,지원,2025-04-03
J04698,A0490,서류 통과,2025-04-10
J04699,A0490,지원,2025-04-19
J04700,A0490,지원,2025-04-30
J04701,A0490,지원,2025-05-11
J04702,A0490,지원,2025-05-26
J04703,A0490,지원,2025-06-03
J04704,A0490,지원,2025-06-16
J04705,A0490,지원,2025-06-24
J04706,A0490,지원,2025-07-08
J04707,A0490,지원,2025-07-15
J04708,A0490,지원,2025-07-26
J04708,A0490,서류 통과,2025-08-08
J04709,A0490,지원,2025-08-06
J04710,A0490,지원,2025-08-14
J04711,A0490,지원,2025-08-22
J04712,A0490,지원,2025-09-07
J04712,A0490,서류 통과,2025-09-15
J04712,A0490,과제·테스트 통과,2025-09-22
J04713,A0490,지원,2025-09-14
J04714,A0490,지원,2025-09-19
J04715,A0490,지원,2025-09-30
J04716,A0490,지원,2025-10-12
J04717,A0490,지원,2025-10-26
J04718,A0490,지원,2025-11-09
J04719,A0490,지원,2025-11-20
J04720,A0490,지원,2025-12-04
J04721,A0490,지원,2025-12-13
J04722,A0490,지원,2025-12-20
J04723,A0490,지원,2025-12-24
J04724,A0491,지원,2025-07-24
J04725,A0491,지원,2025-08-05
J04726,A0491,지원,2025-08-20
J04727,A0491,지원,2025-09-01
J04728,A0491,지원,2025-09-17
J04729,A0491,지원,2025-10-02
J04730,A0491,지원,2025-10-18
J04730,A0491,서류 통과,2025-10-31
J04730,A0491,면접 통과,2025-11-16
J04731,A0491,지원,2025-11-01
J04731,A0491,서류 통과,2025-11-12
J04732,A0491,지원,2025-11-15
J04732,A0491,서류 통과,2025-11-28
J04732,A0491,면접 통과,2025-12-21
J04733,A0491,지원,2025-11-19
J04734,A0491,지원,2025-11-28
J04735,A0491,지원,2025-12-11
J04736,A0492,지원,2025-11-10
J04737,A0492,지원,2025-11-20
J04738,A0492,지원,2025-11-27
J04739,A0492,지원,2025-12-12
J04739,A0492,서류 통과,2025-12-22
J04740,A0492,지원,2025-12-22
J04741,A0492,지원,2025-12-28
J04742,A0493,지원,2025-11-07
J04743,A0493,지원,2025-11-11
J04744,A0493,지원,2025-11-24
J04744,A0493,서류 통과,2025-12-01
J04744,A0493,과제·테스트 통과,2025-12-13
J04745,A0493,지원,2025-12-03
J04746,A0493,지원,2025-12-18
J04747,A0494,지원,2025-05-19
J04748,A0494,지원,2025-06-04
J04749,A0495,지원,2025-02-13
J04750,A0495,지원,2025-02-26
J04750,A0495,서류 통과,2025-03-06
J04750,A0495,면접 통과,2025-03-26
J04751,A0495,지원,2025-03-10
J04751,A0495,서류 통과,2025-03-26
J04751,A0495,과제·테스트 통과,2025-04-01
J04751,A0495,면접 통과,2025-04-23
J04752,A0495,지원,2025-03-26
J04753,A0495,지원,2025-03-31
J04754,A0495,지원,2025-04-07
J04755,A0495,지원,2025-04-14
J04756,A0495,지원,2025-04-25
J04757,A0495,지원,2025-05-11
J04757,A0495,서류 통과,2025-05-24
J04757,A0495,과제·테스트 통과,2025-06-06
J04757,A0495,면접 통과,2025-06-22
J04758,A0495,지원,2025-05-20
J04758,A0495,서류 통과,2025-06-04
J04758,A0495,면접 통과,2025-06-26
J04759,A0495,지원,2025-06-03
J04759,A0495,서류 통과,2025-06-20
J04760,A0495,지원,2025-06-15
J04761,A0495,지원,2025-06-23
J04762,A0495,지원,2025-07-02
J04762,A0495,서류 통과,2025-07-10
J04762,A0495,과제·테스트 통과,2025-07-20
J04763,A0496,지원,2025-05-20
J04764,A0496,지원,2025-05-25
J04764,A0496,서류 통과,2025-06-02
J04764,A0496,면접 통과,2025-06-13
J04764,A0496,최종 합격,2025-06-23
J04765,A0496,지원,2025-06-08
J04766,A0496,지원,2025-06-21
J04767,A0497,지원,2025-08-06
J04768,A0497,지원,2025-08-21
J04769,A0497,지원,2025-09-04
J04770,A0497,지원,2025-09-20
J04771,A0497,지원,2025-10-04
J04772,A0497,지원,2025-10-17
J04773,A0497,지원,2025-10-29
J04774,A0497,지원,2025-11-14
J04775,A0498,지원,2025-07-21
J04775,A0498,서류 통과,2025-08-07
J04775,A0498,면접 통과,2025-08-21
J04776,A0498,지원,2025-07-30
J04777,A0498,지원,2025-08-05
J04778,A0498,지원,2025-08-19
J04779,A0498,지원,2025-09-02
J04780,A0498,지원,2025-09-10
J04781,A0499,지원,2025-02-25
J04782,A0499,지원,2025-03-01
J04783,A0499,지원,2025-03-14
J04784,A0499,지원,2025-03-29
J04784,A0499,서류 통과,2025-04-11
J04785,A0499,지원,2025-04-12
J04785,A0499,서류 통과,2025-04-27
J04786,A0499,지원,2025-04-16
J04787,A0499,지원,2025-04-28
J04788,A0499,지원,2025-05-13
J04789,A0499,지원,2025-05-26
J04789,A0499,서류 통과,2025-06-13
J04789,A0499,과제·테스트 통과,2025-06-20
J04790,A0499,지원,2025-06-09
J04791,A0499,지원,2025-06-14
J04792,A0499,지원,2025-06-23
J04793,A0499,지원,2025-07-01
J04794,A0499,지원,2025-07-14
J04795,A0499,지원,2025-07-28
J04796,A0499,지원,2025-08-08
J04797,A0499,지원,2025-08-23
J04798,A0499,지원,2025-08-28
J04799,A0499,지원,2025-09-02
J04799,A0499,서류 통과,2025-09-11
J04800,A0499,지원,2025-09-08
J04800,A0499,서류 통과,2025-09-29
J04800,A0499,면접 통과,2025-10-10
J04801,A0500,지원,2025-10-19
J04802,A0500,지원,2025-11-03
J04803,A0500,지원,2025-11-10
J04803,A0500,서류 통과,2025-11-25
J04803,A0500,면접 통과,2025-12-16
J04803,A0500,최종 합격,2025-12-31
J04804,A0500,지원,2025-11-16
J04805,A0500,지원,2025-11-27
J04806,A0500,지원,2025-12-10
J04807,A0500,지원,2025-12-14
J04808,A0500,지원,2025-12-30
J04809,A0501,지원,2025-06-05
J04810,A0501,지원,2025-06-19
J04810,A0501,서류 통과,2025-07-01
J04811,A0502,지원,2025-11-24
J04812,A0502,지원,2025-12-06
J04813,A0502,지원,2025-12-21
J04814,A0502,지원,2025-12-26
J04815,A0503,지원,2025-06-08
J04816,A0503,지원,2025-06-17
J04817,A0503,지원,2025-06-21
J04818,A0503,지원,2025-07-01
J04819,A0503,지원,2025-07-17
J04820,A0503,지원,2025-07-22
J04821,A0503,지원,2025-08-05
J04822,A0503,지원,2025-08-18
J04823,A0503,지원,2025-09-01
J04824,A0503,지원,2025-09-08
J04825,A0504,지원,2025-10-02
J04826,A0504,지원,2025-10-11
J04827,A0504,지원,2025-10-25
J04828,A0504,지원,2025-10-30
J04829,A0504,지원,2025-11-14
J04830,A0504,지원,2025-11-30
J04831,A0504,지원,2025-12-08
J04832,A0504,지원,2025-12-16
J04833,A0504,지원,2025-12-26
J04834,A0505,지원,2025-06-15
J04835,A0505,지원,2025-07-01
J04836,A0505,지원,2025-07-07
J04837,A0505,지원,2025-07-23
J04838,A0505,지원,2025-07-27
J04838,A0505,서류 통과,2025-08-03
J04839,A0505,지원,2025-08-01
J04840,A0505,지원,2025-08-12
J04841,A0506,지원,2025-09-18
J04842,A0506,지원,2025-09-22
J04843,A0506,지원,2025-09-28
J04844,A0506,지원,2025-10-07
J04845,A0506,지원,2025-10-19
J04846,A0506,지원,2025-10-31
J04847,A0507,지원,2025-08-27
J04848,A0507,지원,2025-09-12
J04848,A0507,서류 통과,2025-10-02
J04848,A0507,과제·테스트 통과,2025-10-13
J04849,A0507,지원,2025-09-17
J04850,A0507,지원,2025-09-23
J04851,A0507,지원,2025-09-27
J04852,A0507,지원,2025-10-01
J04853,A0507,지원,2025-10-12
J04854,A0507,지원,2025-10-17
J04855,A0507,지원,2025-10-30
J04856,A0507,지원,2025-11-13
J04857,A0507,지원,2025-11-20
J04858,A0507,지원,2025-12-06
J04858,A0507,서류 통과,2025-12-20
J04859,A0508,지원,2025-09-12
J04859,A0508,서류 통과,2025-09-27
J04860,A0508,지원,2025-09-20
J04861,A0508,지원,2025-10-05
J04861,A0508,서류 통과,2025-10-12
J04862,A0508,지원,2025-10-21
J04862,A0508,서류 통과,2025-11-01
J04863,A0508,지원,2025-10-29
J04864,A0508,지원,2025-11-07
J04865,A0508,지원,2025-11-21
J04866,A0508,지원,2025-12-06
J04866,A0508,서류 통과,2025-12-22
J04867,A0508,지원,2025-12-20
J04868,A0509,지원,2025-02-05
J04869,A0509,지원,2025-02-11
J04870,A0509,지원,2025-02-25
J04871,A0509,지원,2025-03-09
J04871,A0509,서류 통과,2025-03-28
J04871,A0509,과제·테스트 통과,2025-04-04
J04872,A0509,지원,2025-03-25
J04873,A0509,지원,2025-04-02
J04874,A0510,지원,2025-04-17
J04875,A0510,지원,2025-04-25
J04876,A0510,지원,2025-05-02
J04877,A0510,지원,2025-05-08
J04878,A0510,지원,2025-05-16
J04879,A0510,지원,2025-05-27
J04880,A0510,지원,2025-06-09
J04881,A0510,지원,2025-06-21
J04881,A0510,서류 통과,2025-06-30
J04882,A0510,지원,2025-07-02
J04882,A0510,서류 통과,2025-07-23
J04883,A0510,지원,2025-07-15
J04884,A0510,지원,2025-07-27
J04884,A0510,서류 통과,2025-08-06
J04884,A0510,과제·테스트 통과,2025-08-16
J04885,A0510,지원,2025-08-01
J04886,A0510,지원,2025-08-16
J04886,A0510,서류 통과,2025-08-28
J04887,A0510,지원,2025-08-20
J04887,A0510,서류 통과,2025-08-29
J04887,A0510,과제·테스트 통과,2025-09-10
J04887,A0510,면접 통과,2025-10-02
J04888,A0510,지원,2025-08-25
J04888,A0510,서류 통과,2025-09-06
J04889,A0510,지원,2025-08-29
J04890,A0511,지원,2025-08-29
J04891,A0511,지원,2025-09-07
J04892,A0511,지원,2025-09-23
J04893,A0511,지원,2025-10-02
J04893,A0511,서류 통과,2025-10-15
J04893,A0511,면접 통과,2025-11-05
J04894,A0511,지원,2025-10-17
J04895,A0511,지원,2025-10-22
J04896,A0511,지원,2025-10-27
J04897,A0511,지원,2025-11-07
J04898,A0512,지원,2025-06-05
J04899,A0512,지원,2025-06-12
J04900,A0512,지원,2025-06-16
J04901,A0512,지원,2025-06-27
J04902,A0512,지원,2025-07-09
J04903,A0513,지원,2025-06-15
J04904,A0513,지원,2025-06-28
J04905,A0513,지원,2025-07-11
J04906,A0513,지원,2025-07-20
J04907,A0513,지원,2025-08-05
J04908,A0513,지원,2025-08-11
J04908,A0513,서류 통과,2025-09-01
J04908,A0513,과제·테스트 통과,2025-09-07
J04909,A0513,지원,2025-08-27
J04910,A0513,지원,2025-09-11
J04911,A0514,지원,2025-04-07
J04912,A0514,지원,2025-04-18
J04913,A0514,지원,2025-04-30
J04914,A0514,지원,2025-05-05
J04915,A0514,지원,2025-05-18
J04916,A0514,지원,2025-06-02
J04917,A0514,지원,2025-06-08
J04918,A0514,지원,2025-06-22
J04919,A0515,지원,2025-05-30
J04920,A0515,지원,2025-06-10
J04921,A0515,지원,2025-06-20
J04922,A0515,지원,2025-06-29
J04922,A0515,서류 통과,2025-07-18
J04922,A0515,과제·테스트 통과,2025-07-25
J04923,A0515,지원,2025-07-12
J04924,A0515,지원,2025-07-25
J04924,A0515,서류 통과,2025-08-10
J04924,A0515,면접 통과,2025-08-24
J04925,A0515,지원,2025-08-04
J04926,A0515,지원,2025-08-18
J04927,A0515,지원,2025-09-03
J04928,A0516,지원,2025-11-27
J04929,A0516,지원,2025-12-04
J04930,A0516,지원,2025-12-17
J04931,A0516,지원,2025-12-25
J04932,A0517,지원,2025-03-13
J04932,A0517,서류 통과,2025-03-28
J04932,A0517,면접 통과,2025-04-13
J04932,A0517,최종 합격,2025-04-28
J04933,A0517,지원,2025-03-25
J04934,A0517,지원,2025-04-10
J04935,A0517,지원,2025-04-17
J04936,A0517,지원,2025-04-25
J04937,A0518,지원,2025-03-30
J04938,A0518,지원,2025-04-06
J04939,A0518,지원,2025-04-16
J04940,A0518,지원,2025-04-30
J04941,A0518,지원,2025-05-07
J04941,A0518,서류 통과,2025-05-20
J04941,A0518,면접 통과,2025-05-30
J04942,A0518,지원,2025-05-12
J04943,A0518,지원,2025-05-27
J04944,A0518,지원,2025-06-03
J04945,A0518,지원,2025-06-11
J04946,A0519,지원,2025-08-02
J04947,A0519,지원,2025-08-18
J04948,A0519,지원,2025-08-25
J04949,A0519,지원,2025-09-02
J04950,A0519,지원,2025-09-07
J04951,A0520,지원,2025-05-29
J04952,A0520,지원,2025-06-08
J04952,A0520,서류 통과,2025-06-21
J04952,A0520,과제·테스트 통과,2025-07-01
J04952,A0520,면접 통과,2025-07-18
J04953,A0520,지원,2025-06-12
J04954,A0520,지원,2025-06-20
J04955,A0520,지원,2025-06-25
J04955,A0520,서류 통과,2025-07-10
J04956,A0520,지원,2025-07-08
J04957,A0520,지원,2025-07-19
J04958,A0520,지원,2025-07-31
J04958,A0520,서류 통과,2025-08-08
J04958,A0520,면접 통과,2025-08-29
J04958,A0520,최종 합격,2025-09-06
J04959,A0520,지원,2025-08-08
J04960,A0520,지원,2025-08-14
J04961,A0520,지원,2025-08-23
